Performance_Record_ID,Project_ID,Reporting_Date,Planned_Value,Earned_Value,Actual_Cost,Percent_Complete,Committed_Cost,Contingency_Used,Forecast_End_Date,Open_RFI_Count,Pending_CO_Value,Approved_CO_Value
PERF-000001,PRJ-001,2024-06-30,205500,175900,181400,0.4,10184000,76700,2025-12-11,0,0,0
PERF-000002,PRJ-001,2024-07-31,1211500,1039900,1088500,2.2,10184000,128100,2025-12-11,0,0,0
PERF-000003,PRJ-001,2024-08-31,2962200,2551200,2666300,5.3,14761300,161400,2025-12-12,0,0,0
PERF-000004,PRJ-001,2024-09-30,5267700,4552900,4688100,9.5,14761300,350700,2025-12-14,0,0,0
PERF-000005,PRJ-001,2024-10-31,8180300,7098500,7320800,14.8,14761300,350700,2025-12-17,1,0,0
PERF-000006,PRJ-001,2024-11-30,11415300,9947200,10412800,20.8,18643900,505000,2025-12-21,0,0,108600
PERF-000007,PRJ-001,2024-12-31,15087200,13209100,13670700,27.6,22439700,637500,2025-12-25,0,0,108600
PERF-000008,PRJ-001,2025-01-31,18990500,16713300,17481400,34.9,28765800,640700,2025-12-29,1,0,219600
PERF-000009,PRJ-001,2025-02-28,22628500,20018300,21337900,41.8,30152900,640700,2026-01-02,0,0,219600
PERF-000010,PRJ-001,2025-03-31,26685100,23756800,25476200,49.6,35506500,810400,2026-01-06,0,0,219600
PERF-000011,PRJ-001,2025-04-30,30544800,27379300,28626100,57.2,35506500,1018500,2026-01-10,3,0,398300
PERF-000012,PRJ-001,2025-05-31,34363700,31047500,33397100,64.8,41385300,1076500,2026-01-14,1,0,398300
PERF-000013,PRJ-001,2025-06-30,37798600,34448200,37599900,72.0,47766900,1302000,2026-01-18,1,0,398300
PERF-000014,PRJ-001,2025-07-31,40977100,37728200,40376200,78.8,52774300,1302000,2026-01-22,1,0,444400
PERF-000015,PRJ-001,2025-08-31,43675900,40689200,42553100,85.0,52774300,1329300,2026-01-23,3,0,444400
PERF-000016,PRJ-001,2025-09-30,45732900,43173500,45747000,90.2,52774300,1601000,2026-01-23,2,0,444400
PERF-000017,PRJ-001,2025-10-31,47183900,45267000,48769700,94.5,53129000,1601000,2026-01-23,2,0,579500
PERF-000018,PRJ-001,2025-11-30,47838600,46758200,49956700,97.7,53129000,1708600,2026-01-23,3,0,579500
PERF-000019,PRJ-001,2025-12-31,47876900,47666400,51257800,99.6,53129000,1708600,2026-01-23,4,0,579500
PERF-000020,PRJ-002,2022-04-30,184300,155000,165700,0.1,53819000,524500,2024-05-20,0,0,0
PERF-000021,PRJ-002,2022-05-31,2052800,1731400,1889200,0.8,54528600,783200,2024-05-20,0,0,0
PERF-000022,PRJ-002,2022-06-30,5647700,4775100,5170400,2.2,59060800,821200,2024-05-20,1,0,0
PERF-000023,PRJ-002,2022-07-31,11040500,9359300,10004200,4.4,59060800,821200,2024-05-21,1,0,0
PERF-000024,PRJ-002,2022-08-31,17968100,15274600,16748800,7.2,73965100,1177900,2024-05-23,1,975700,0
PERF-000025,PRJ-002,2022-09-30,25970800,22141100,24508900,10.4,85682100,1177900,2024-05-26,1,975700,1094500
PERF-000026,PRJ-002,2022-10-31,35414000,30286900,33205500,14.2,85682100,2019800,2024-05-29,3,975700,3766200
PERF-000027,PRJ-002,2022-11-30,45527800,39062500,42051700,18.3,85682100,2616100,2024-06-02,2,975700,3766200
PERF-000028,PRJ-002,2022-12-31,56818100,48923500,54224800,23.0,112365000,2616100,2024-06-06,1,975700,3766200
PERF-000029,PRJ-002,2023-01-31,68790900,59458600,65658100,27.9,112365000,3020300,2024-06-10,1,975700,3766200
PERF-000030,PRJ-002,2023-02-28,80048000,69442800,74272000,32.6,121908400,3710700,2024-06-14,1,975700,3766200
PERF-000031,PRJ-002,2023-03-31,92842400,80893100,90759600,38.0,121908400,3868300,2024-06-19,2,975700,6172100
PERF-000032,PRJ-002,2023-04-30,105398300,92249400,102210600,43.3,141093300,4694900,2024-06-23,1,975700,6172100
PERF-000033,PRJ-002,2023-05-31,118384600,104139100,114987300,48.9,169501000,4694900,2024-06-28,1,975700,6172100
PERF-000034,PRJ-002,2023-06-30,130802600,115671100,131474300,54.3,174210500,4801300,2024-07-03,1,975700,6172100
PERF-000035,PRJ-002,2023-07-31,143312100,127484700,146290500,59.9,206180800,5330600,2024-07-08,1,975700,6172100
PERF-000036,PRJ-002,2023-08-31,155323000,139062200,159001900,65.3,206180800,5588600,2024-07-12,1,975700,6172100
PERF-000037,PRJ-002,2023-09-30,166309000,149916000,170958200,70.4,218686600,6312300,2024-07-17,1,975700,6172100
PERF-000038,PRJ-002,2023-10-31,176834600,160640200,188488800,75.5,232322100,6312300,2024-07-21,2,975700,6172100
PERF-000039,PRJ-002,2023-11-30,186059600,170418700,191732900,80.0,232322100,6569100,2024-07-25,2,975700,6172100
PERF-000040,PRJ-002,2023-12-31,194431200,179774200,204590100,84.4,249551100,7188600,2024-07-25,1,975700,6172100
PERF-000041,PRJ-002,2024-01-31,201451800,188236500,217703800,88.4,253608900,7188600,2024-07-25,1,975700,6172100
PERF-000042,PRJ-002,2024-02-29,206643500,195226400,224335500,91.7,253608900,7839300,2024-07-25,1,1563700,6172100
PERF-000043,PRJ-002,2024-03-31,210558900,201582000,235180300,94.7,255830000,7839300,2024-07-25,3,1563700,6172100
PERF-000044,PRJ-002,2024-04-30,212580800,206511600,236190400,97.0,255830000,7839300,2024-07-25,2,1563700,6172100
PERF-000045,PRJ-002,2024-05-31,212894800,210214200,248382500,98.7,259096400,7839300,2024-07-25,3,1563700,6172100
PERF-000046,PRJ-002,2024-06-30,212894800,212327000,248382500,99.7,259096400,8462500,2024-07-25,2,1563700,6172100
PERF-000047,PRJ-002,2024-07-31,212894800,212894800,248382500,100.0,259096400,8462500,2024-07-25,2,1563700,6172100
PERF-000048,PRJ-003,2023-02-28,81900,73600,76500,0.1,10160800,281000,2025-03-13,0,0,0
PERF-000049,PRJ-003,2023-03-31,634600,571100,587400,1.0,14861700,325000,2025-03-13,0,0,0
PERF-000050,PRJ-003,2023-04-30,1629700,1468900,1567400,2.7,14861700,351200,2025-03-13,0,0,0
PERF-000051,PRJ-003,2023-05-31,3089500,2789400,2965900,5.1,17029800,351200,2025-03-14,0,0,0
PERF-000052,PRJ-003,2023-06-30,4877800,4411600,4609400,8.0,17029800,394100,2025-03-15,0,0,0
PERF-000053,PRJ-003,2023-07-31,7069900,6406300,6712800,11.6,17029800,509100,2025-03-17,0,0,153300
PERF-000054,PRJ-003,2023-08-31,9567000,8686600,9315500,15.7,17637100,609700,2025-03-19,0,0,153300
PERF-000055,PRJ-003,2023-09-30,12231600,11129100,11897100,20.2,28118600,652600,2025-03-22,0,0,238100
PERF-000056,PRJ-003,2023-10-31,15197400,13859300,14747400,25.1,28118600,949400,2025-03-24,0,0,238100
PERF-000057,PRJ-003,2023-11-30,18230800,16665200,17597700,30.2,28118600,982800,2025-03-27,0,0,238100
PERF-000058,PRJ-003,2023-12-31,21490300,19696500,21413800,35.7,30500100,1059600,2025-03-30,0,0,238100
PERF-000059,PRJ-003,2024-01-31,24832100,22823800,24213700,41.3,35180200,1059600,2025-04-02,0,0,504700
PERF-000060,PRJ-003,2024-02-29,27992800,25802300,28082700,46.7,37088200,1257000,2025-04-05,1,0,504700
PERF-000061,PRJ-003,2024-03-31,31365500,29006300,31322500,52.5,45277900,1451500,2025-04-08,0,0,504700
PERF-000062,PRJ-003,2024-04-30,34582100,32091500,35542500,58.1,47145000,1451500,2025-04-11,0,0,504700
PERF-000063,PRJ-003,2024-05-31,37813100,35226100,37866700,63.8,47145000,1451500,2025-04-13,2,0,504700
PERF-000064,PRJ-003,2024-06-30,40807800,38172000,40883100,69.1,56879700,1623900,2025-04-16,0,0,628500
PERF-000065,PRJ-003,2024-07-31,43722000,41088400,45747600,74.4,59346200,1733600,2025-04-19,1,0,628500
PERF-000066,PRJ-003,2024-08-31,46408300,43836800,48115400,79.4,62429700,1828500,2025-04-22,1,0,628500
PERF-000067,PRJ-003,2024-09-30,48748400,46300600,51219000,83.8,62429700,1828500,2025-04-22,1,0,628500
PERF-000068,PRJ-003,2024-10-31,50854400,48606500,53608400,88.0,62731300,1999100,2025-04-22,1,0,628500
PERF-000069,PRJ-003,2024-11-30,52548300,50570000,55120300,91.6,62731300,2216400,2025-04-22,1,0,628500
PERF-000070,PRJ-003,2024-12-31,53899100,52284600,57192400,94.7,62731300,2216400,2025-04-22,3,0,704900
PERF-000071,PRJ-003,2025-01-31,54799200,53641700,58709300,97.1,62731300,2216400,2025-04-22,2,0,704900
PERF-000072,PRJ-003,2025-02-28,55187100,54528300,59224400,98.7,62731300,2292100,2025-04-22,2,0,704900
PERF-000073,PRJ-003,2025-03-31,55221600,55098900,61577600,99.8,63566100,2292100,2025-04-22,3,0,704900
PERF-000074,PRJ-003,2025-04-30,55221600,55221600,61577600,100.0,63566100,2292100,2025-04-22,3,0,704900
PERF-000075,PRJ-004,2022-05-31,53500,48600,52700,0.0,27973300,78300,2025-01-21,0,0,0
PERF-000076,PRJ-004,2022-06-30,641700,583700,623200,0.5,27973300,177400,2025-01-21,1,0,0
PERF-000077,PRJ-004,2022-07-31,1896200,1726900,1897900,1.5,27973300,574000,2025-01-21,0,0,0
PERF-000078,PRJ-004,2022-08-31,3762900,3430600,3705000,2.9,27973300,574000,2025-01-21,1,0,0
PERF-000079,PRJ-004,2022-09-30,6109100,5576000,5993000,4.7,27973300,662000,2025-01-22,0,0,0
PERF-000080,PRJ-004,2022-10-31,9046700,8267400,8917600,7.0,35651400,662000,2025-01-23,0,0,0
PERF-000081,PRJ-004,2022-11-30,12343700,11294400,12070300,9.5,41344800,904900,2025-01-25,0,0,0
PERF-000082,PRJ-004,2022-12-31,16175300,14820200,15978900,12.5,41344800,1150500,2025-01-26,0,0,0
PERF-000083,PRJ-004,2023-01-31,20393400,18711200,20124000,15.7,52027400,1150500,2025-01-28,0,0,0
PERF-000084,PRJ-004,2023-02-28,24497300,22506700,24541100,18.9,52027400,1150500,2025-01-30,0,0,0
PERF-000085,PRJ-004,2023-03-31,29324600,26983500,29449700,22.7,52027400,1665900,2025-02-02,0,0,0
PERF-000086,PRJ-004,2023-04-30,34238100,31554700,34288500,26.5,62124500,1665900,2025-02-04,1,0,0
PERF-000087,PRJ-004,2023-05-31,39521000,36486400,39906300,30.7,73262500,1665900,2025-02-06,0,0,0
PERF-000088,PRJ-004,2023-06-30,44789800,41423600,45600100,34.8,73663700,1922400,2025-02-09,0,0,0
PERF-000089,PRJ-004,2023-07-31,50351300,46656900,51372500,39.2,84649900,2196600,2025-02-12,1,0,0
PERF-000090,PRJ-004,2023-08-31,55986600,51984600,56888200,43.7,88445200,2196600,2025-02-14,1,0,0
PERF-000091,PRJ-004,2023-09-30,61467200,57193300,64552600,48.1,88445200,2313800,2025-02-17,0,0,0
PERF-000092,PRJ-004,2023-10-31,67114100,62591400,69346200,52.6,105014100,2870700,2025-02-20,0,0,0
PERF-000093,PRJ-004,2023-11-30,72520300,67793900,74329700,57.0,105014100,2900800,2025-02-22,0,0,0
PERF-000094,PRJ-004,2023-12-31,78001800,73109100,82169500,61.5,105014100,3077700,2025-02-25,0,0,0
PERF-000095,PRJ-004,2024-01-31,83331300,78323500,87838900,65.9,115844200,3127500,2025-02-28,1,0,0
PERF-000096,PRJ-004,2024-02-29,88139000,83075000,93379800,69.9,121337300,3493800,2025-03-02,3,0,161900
PERF-000097,PRJ-004,2024-03-31,93044500,87981500,100997100,74.0,121911200,3586500,2025-03-04,3,0,161900
PERF-000098,PRJ-004,2024-04-30,97519900,92523500,104663300,77.8,121911200,3724700,2025-03-07,4,0,161900
PERF-000099,PRJ-004,2024-05-31,101818900,96965200,111299400,81.5,139798000,3943900,2025-03-08,2,0,161900
PERF-000100,PRJ-004,2024-06-30,105621500,100983000,117207500,84.9,142160500,4050300,2025-03-08,2,0,161900
PERF-000101,PRJ-004,2024-07-31,109136800,104806500,119069600,88.1,142160500,4204200,2025-03-08,2,0,276800
PERF-000102,PRJ-004,2024-08-31,112186100,108257000,123097900,91.0,142160500,4354200,2025-03-08,2,0,276800
PERF-000103,PRJ-004,2024-09-30,114650100,111203800,128057800,93.5,142160500,4445400,2025-03-08,3,0,276800
PERF-000104,PRJ-004,2024-10-31,116648600,113804900,129156100,95.7,142160500,4594700,2025-03-08,3,0,276800
PERF-000105,PRJ-004,2024-11-30,118010200,115855500,136597000,97.4,144409700,4790300,2025-03-08,3,0,276800
PERF-000106,PRJ-004,2024-12-31,118781100,117453900,136597000,98.8,144409700,4858000,2025-03-08,3,0,276800
PERF-000107,PRJ-004,2025-01-31,118914500,118483900,138905600,99.6,144409700,4858000,2025-03-08,3,0,276800
PERF-000108,PRJ-004,2025-02-28,118914500,118892800,138905600,100.0,144409700,5027400,2025-03-08,3,0,1494700
PERF-000109,PRJ-004,2025-03-31,118914500,118914500,138905600,100.0,144409700,5132500,2025-03-08,4,0,1494700
PERF-000110,PRJ-005,2022-10-31,408900,412400,418400,0.5,16979500,156200,2024-09-01,1,0,0
PERF-000111,PRJ-005,2022-11-30,1587500,1600800,1649300,2.1,16979500,350100,2024-09-01,0,0,0
PERF-000112,PRJ-005,2022-12-31,3537600,3566600,3578400,4.7,18391200,479100,2024-09-01,0,0,0
PERF-000113,PRJ-005,2023-01-31,6153100,6202600,6348000,8.1,21688500,497200,2024-09-01,0,0,145200
PERF-000114,PRJ-005,2023-02-28,9021400,9092600,9099700,11.9,24284800,497200,2024-09-01,0,0,145200
PERF-000115,PRJ-005,2023-03-31,12683800,12781700,13083300,16.7,24284800,621600,2024-08-31,0,0,145200
PERF-000116,PRJ-005,2023-04-30,16642800,16768100,16681800,21.9,25956800,727700,2024-08-31,1,0,145200
PERF-000117,PRJ-005,2023-05-31,21084900,21239200,21791800,27.7,41642400,843800,2024-08-31,1,346500,145200
PERF-000118,PRJ-005,2023-06-30,25649500,25831600,26307600,33.7,47648100,872800,2024-08-31,0,346500,145200
PERF-000119,PRJ-005,2023-07-31,30563400,30773000,31876000,40.2,49228400,937100,2024-08-30,0,346500,145200
PERF-000120,PRJ-005,2023-08-31,35599100,35834000,36594800,46.8,53849100,1165900,2024-08-30,0,346500,145200
PERF-000121,PRJ-005,2023-09-30,40513500,40769500,41639100,53.2,57576500,1165900,2024-08-30,1,346500,145200
PERF-000122,PRJ-005,2023-10-31,45556800,45830500,47866400,59.8,68381600,1474800,2024-08-30,1,346500,145200
PERF-000123,PRJ-005,2023-11-30,50329600,50615200,52886000,66.1,74955300,1474800,2024-08-30,1,346500,145200
PERF-000124,PRJ-005,2023-12-31,55072700,55364300,58721300,72.3,74955300,1503900,2024-08-29,1,346500,145200
PERF-000125,PRJ-005,2024-01-31,59545200,59835400,61708200,78.1,74955300,1609300,2024-08-29,2,346500,145200
PERF-000126,PRJ-005,2024-02-29,63413700,63695100,65702900,83.1,81055000,1758900,2024-08-29,1,346500,145200
PERF-000127,PRJ-005,2024-03-31,67136800,67399600,69695900,88.0,81589800,1759500,2024-08-29,1,346500,145200
PERF-000128,PRJ-005,2024-04-30,70260700,70495600,72841200,92.0,81589800,1759500,2024-08-29,1,346500,145200
PERF-000129,PRJ-005,2024-05-31,72916400,73111200,76875300,95.4,82963800,2003100,2024-08-29,1,346500,145200
PERF-000130,PRJ-005,2024-06-30,74858600,75002700,79264400,97.9,83384800,2003100,2024-08-29,1,346500,145200
PERF-000131,PRJ-005,2024-07-31,76139200,76217800,79486300,99.5,83384800,2202900,2024-08-29,1,346500,145200
PERF-000132,PRJ-005,2024-08-31,76603000,76603500,81439200,100.0,83882400,2202900,2024-08-29,1,724700,307400
PERF-000133,PRJ-006,2022-01-31,3140700,3090800,3300800,8.5,12060400,125000,2024-09-06,0,0,218100
PERF-000134,PRJ-006,2022-02-28,3960100,3897900,4040400,10.8,12060400,326700,2024-09-06,0,0,218100
PERF-000135,PRJ-006,2022-03-31,4954300,4877500,5154300,13.5,15161500,326700,2024-09-07,0,0,218100
PERF-000136,PRJ-006,2022-04-30,5995900,5904200,6155700,16.3,15161500,353600,2024-09-07,1,0,218100
PERF-000137,PRJ-006,2022-05-31,7146200,7038500,7447300,19.4,15161500,353600,2024-09-07,0,0,218100
PERF-000138,PRJ-006,2022-06-30,8323300,8199700,8708500,22.6,15161500,353600,2024-09-08,1,0,218100
PERF-000139,PRJ-006,2022-07-31,9597400,9457200,9954400,26.1,19754000,423100,2024-09-08,0,0,218100
PERF-000140,PRJ-006,2022-08-31,10922100,10765300,11553200,29.7,20288400,489600,2024-09-09,0,0,218100
PERF-000141,PRJ-006,2022-09-30,12244300,12071800,13066200,33.3,23802000,489600,2024-09-09,0,0,218100
PERF-000142,PRJ-006,2022-10-31,13644100,13455700,14486100,37.2,23802000,489600,2024-09-10,1,0,218100
PERF-000143,PRJ-006,2022-11-30,15023500,14820300,15892000,40.9,26581400,512500,2024-09-10,0,0,218100
PERF-000144,PRJ-006,2022-12-31,16466200,16248600,17108100,44.9,26581400,551000,2024-09-11,0,0,218100
PERF-000145,PRJ-006,2023-01-31,17918300,17687400,19193100,48.8,27121200,608700,2024-09-11,0,0,218100
PERF-000146,PRJ-006,2023-02-28,19231000,18989200,19961300,52.4,30032100,720100,2024-09-12,0,0,218100
PERF-000147,PRJ-006,2023-03-31,20678000,20425500,22369100,56.4,32700500,720100,2024-09-12,0,0,218100
PERF-000148,PRJ-006,2023-04-30,22064300,21803000,23796600,60.2,34770600,779800,2024-09-13,1,0,218100
PERF-000149,PRJ-006,2023-05-31,23474300,23205800,24813300,64.1,34887600,840800,2024-09-13,0,0,218100
PERF-000150,PRJ-006,2023-06-30,24809100,24535700,26915000,67.8,34887600,840800,2024-09-13,0,0,218100
PERF-000151,PRJ-006,2023-07-31,26149700,25873500,27817200,71.5,34887600,846000,2024-09-14,0,0,218100
PERF-000152,PRJ-006,2023-08-31,27442700,27166200,29792300,75.0,39202500,942600,2024-09-14,0,0,218100
PERF-000153,PRJ-006,2023-09-30,28640900,28366600,30836500,78.3,40545700,1033900,2024-09-15,0,0,218100
PERF-000154,PRJ-006,2023-10-31,29815900,29546900,31682300,81.6,40545700,1033900,2024-09-15,0,0,218100
PERF-000155,PRJ-006,2023-11-30,30884200,30623300,34048300,84.6,41469700,1078300,2024-09-15,0,0,218100
PERF-000156,PRJ-006,2023-12-31,31909000,31659700,35471600,87.4,41789000,1109600,2024-09-15,0,0,384500
PERF-000157,PRJ-006,2024-01-31,32844900,32610900,35578500,90.1,41789000,1109600,2024-09-15,0,0,384500
PERF-000158,PRJ-006,2024-02-29,33632800,33416500,36947500,92.3,41789000,1109600,2024-09-15,2,0,384500
PERF-000159,PRJ-006,2024-03-31,34373400,34179800,38155000,94.4,41789000,1118200,2024-09-15,0,0,384500
PERF-000160,PRJ-006,2024-04-30,34982300,34814700,39252100,96.1,42052100,1118200,2024-09-15,0,0,384500
PERF-000161,PRJ-006,2024-05-31,35492100,35355800,39252100,97.6,42052100,1118200,2024-09-15,1,0,384500
PERF-000162,PRJ-006,2024-06-30,35862200,35760400,39517000,98.8,42052100,1170100,2024-09-15,0,0,384500
PERF-000163,PRJ-006,2024-07-31,36109000,36047700,39517000,99.5,42052100,1219300,2024-09-15,1,0,384500
PERF-000164,PRJ-006,2024-08-31,36209800,36194000,39517000,100.0,42052100,1219300,2024-09-15,0,0,384500
PERF-000165,PRJ-006,2024-09-30,36211800,36211800,39996600,100.0,42052100,1219300,2024-09-15,0,0,384500
PERF-000166,PRJ-007,2023-09-30,165300,157400,166400,0.5,4723100,124700,2025-06-03,0,0,0
PERF-000167,PRJ-007,2023-10-31,709500,676400,711800,2.3,7069700,124700,2025-06-03,0,0,76700
PERF-000168,PRJ-007,2023-11-30,1560700,1489100,1634000,5.0,9005500,192300,2025-06-03,1,0,76700
PERF-000169,PRJ-007,2023-12-31,2736100,2613200,2816200,8.8,9005500,233700,2025-06-04,2,0,168000
PERF-000170,PRJ-007,2024-01-31,4172200,3989000,4294500,13.5,11691900,293200,2025-06-05,1,0,168000
PERF-000171,PRJ-007,2024-02-29,5715800,5470600,5803400,18.5,13583200,293200,2025-06-06,1,0,168000
PERF-000172,PRJ-007,2024-03-31,7541300,7226900,7467500,24.4,15701900,347400,2025-06-07,3,0,243600
PERF-000173,PRJ-007,2024-04-30,9443300,9061400,10082200,30.7,18573400,459800,2025-06-08,1,0,243600
PERF-000174,PRJ-007,2024-05-31,11509300,11059900,11990700,37.4,19054900,483600,2025-06-09,2,0,243600
PERF-000175,PRJ-007,2024-06-30,13568100,13058400,14169600,44.2,21214400,580900,2025-06-11,2,0,243600
PERF-000176,PRJ-007,2024-07-31,15717600,15153600,16313500,51.3,24315200,604600,2025-06-12,1,0,243600
PERF-000177,PRJ-007,2024-08-31,17849400,17242100,19068600,58.3,24315200,766300,2025-06-14,1,0,243600
PERF-000178,PRJ-007,2024-09-30,19857600,19221500,21130400,65.0,29491800,766300,2025-06-15,1,0,243600
PERF-000179,PRJ-007,2024-10-31,21836500,21187100,23556300,71.7,31213400,854000,2025-06-16,1,0,243600
PERF-000180,PRJ-007,2024-11-30,23620700,22977000,25828400,77.7,33809400,958500,2025-06-18,1,0,243600
PERF-000181,PRJ-007,2024-12-31,25289700,24674100,27321700,83.5,33809400,958500,2025-06-18,1,0,243600
PERF-000182,PRJ-007,2025-01-31,26741300,26178800,28318400,88.6,33809400,977900,2025-06-18,2,0,243600
PERF-000183,PRJ-007,2025-02-28,27831600,27341300,30322600,92.5,33809400,1093300,2025-06-18,1,0,243600
PERF-000184,PRJ-007,2025-03-31,28757200,28376200,32514200,96.0,34889900,1108200,2025-06-18,1,0,243600
PERF-000185,PRJ-007,2025-04-30,29334200,29091000,32514200,98.4,34889900,1119600,2025-06-18,1,0,243600
PERF-000186,PRJ-007,2025-05-31,29561700,29496800,32761900,99.8,34889900,1130900,2025-06-18,1,0,243600
PERF-000187,PRJ-007,2025-06-30,29562600,29562600,32982900,100.0,34889900,1130900,2025-06-18,1,0,243600
PERF-000188,PRJ-008,2023-08-31,421200,395100,427600,0.3,27156400,203200,2025-07-08,0,0,0
PERF-000189,PRJ-008,2023-09-30,2069900,1943700,2090200,1.6,27156400,493100,2025-07-08,0,0,0
PERF-000190,PRJ-008,2023-10-31,4969000,4670900,5236500,3.8,29902300,685100,2025-07-08,1,0,0
PERF-000191,PRJ-008,2023-11-30,8812700,8293300,9013500,6.8,29902300,685100,2025-07-09,1,0,0
PERF-000192,PRJ-008,2023-12-31,13733400,12939700,13975400,10.6,48273600,793400,2025-07-10,0,0,0
PERF-000193,PRJ-008,2024-01-31,19492400,18389800,20198600,15.0,48273600,1056400,2025-07-11,0,0,0
PERF-000194,PRJ-008,2024-02-29,25525900,24113400,26934500,19.7,63709100,1507200,2025-07-13,1,0,731300
PERF-000195,PRJ-008,2024-03-31,32545500,30790700,33728900,25.2,63709100,1507200,2025-07-14,0,0,731300
PERF-000196,PRJ-008,2024-04-30,39782100,37695800,41808600,30.8,63709100,1838200,2025-07-16,1,0,731300
PERF-000197,PRJ-008,2024-05-31,47594200,45176700,49426700,37.0,71910900,2070800,2025-07-18,1,0,731300
PERF-000198,PRJ-008,2024-06-30,55359000,52642900,57717200,43.1,87873000,2379300,2025-07-19,3,0,731300
PERF-000199,PRJ-008,2024-07-31,63470300,60479700,67372900,49.5,103166500,2744800,2025-07-21,4,0,731300
PERF-000200,PRJ-008,2024-08-31,71544600,68325800,78069200,55.9,116203100,3333100,2025-07-23,4,0,731300
PERF-000201,PRJ-008,2024-09-30,79203200,75818700,86028400,62.0,116203100,3333100,2025-07-25,4,0,1079100
PERF-000202,PRJ-008,2024-10-31,86832800,83345600,94985600,68.2,124493400,3902700,2025-07-27,5,0,1989200
PERF-000203,PRJ-008,2024-11-30,93822300,90313000,105087200,73.9,132624800,3902700,2025-07-28,6,0,1989200
PERF-000204,PRJ-008,2024-12-31,100513900,97073000,114251200,79.4,137752500,4384600,2025-07-30,6,0,1989200
PERF-000205,PRJ-008,2025-01-31,106539700,103271600,117728400,84.5,143517700,4503600,2025-07-30,6,0,1989200
PERF-000206,PRJ-008,2025-02-28,111304200,108291800,126206300,88.6,146720400,4911300,2025-07-30,5,0,1989200
PERF-000207,PRJ-008,2025-03-31,115711000,113102800,132695600,92.5,147702600,4911300,2025-07-30,5,0,3171000
PERF-000208,PRJ-008,2025-04-30,118991000,116905700,136764500,95.6,147702600,5057700,2025-07-30,6,0,3171000
PERF-000209,PRJ-008,2025-05-31,121238800,119841600,141634100,98.0,148787100,5099900,2025-07-30,5,0,3171000
PERF-000210,PRJ-008,2025-06-30,122190800,121613300,144208900,99.5,149285000,5326700,2025-07-30,6,0,3374500
PERF-000211,PRJ-008,2025-07-31,122227200,122227200,144902900,100.0,149285000,5522200,2025-07-30,5,0,4930100
PERF-000212,PRJ-009,2022-01-31,1023200,808600,947500,2.3,12176200,272500,2023-04-15,1,24400,0
PERF-000213,PRJ-009,2022-02-28,2387300,1896500,2193300,5.5,12176200,432300,2023-04-16,2,24400,0
PERF-000214,PRJ-009,2022-03-31,4439900,3549600,4158000,10.3,12176200,432300,2023-04-20,2,24400,0
PERF-000215,PRJ-009,2022-04-30,6870900,5530000,6277500,16.0,15274500,526000,2023-04-25,2,24400,0
PERF-000216,PRJ-009,2022-05-31,9737400,7897100,9423900,22.8,15274500,703700,2023-04-30,2,24400,0
PERF-000217,PRJ-009,2022-06-30,12754000,10428500,12721500,30.1,17916600,997100,2023-05-06,2,24400,116400
PERF-000218,PRJ-009,2022-07-31,16017200,13220100,16208200,38.2,25352300,1122100,2023-05-12,4,24400,292500
PERF-000219,PRJ-009,2022-08-31,19322000,16116700,20298700,46.6,30040800,1363600,2023-05-19,2,213700,292500
PERF-000220,PRJ-009,2022-09-30,22458400,18949300,23754100,54.8,33759900,1677600,2023-05-25,2,213700,292500
PERF-000221,PRJ-009,2022-10-31,25530700,21834000,28009400,63.1,36511200,1772400,2023-06-01,3,213700,292500
PERF-000222,PRJ-009,2022-11-30,28240300,24515100,31925800,70.9,44222300,1992500,2023-06-07,4,213700,667100
PERF-000223,PRJ-009,2022-12-31,30662900,27098500,35222900,78.3,46315600,2288000,2023-06-13,3,213700,667100
PERF-000224,PRJ-009,2023-01-31,32595500,29417900,38411600,85.0,46526300,2466400,2023-06-14,3,240600,667100
PERF-000225,PRJ-009,2023-02-28,33830300,31223800,41898200,90.3,47654700,2627400,2023-06-14,4,240600,667100
PERF-000226,PRJ-009,2023-03-31,34532600,32834300,43129000,94.9,47654700,2666100,2023-06-14,4,240600,667100
PERF-000227,PRJ-009,2023-04-30,34594800,33935600,45301100,98.1,47654700,2798200,2023-06-14,4,240600,667100
PERF-000228,PRJ-009,2023-05-31,34594800,34528500,45833700,99.8,47654700,2847800,2023-06-14,5,240600,667100
PERF-000229,PRJ-009,2023-06-30,34594800,34594800,45833700,100.0,47654700,2892700,2023-06-14,5,240600,667100
PERF-000230,PRJ-010,2022-03-31,84100,91700,90600,0.1,20445800,627400,2024-02-18,0,0,0
PERF-000231,PRJ-010,2022-04-30,1134400,1235700,1233700,1.1,29605900,779800,2024-02-18,2,0,0
PERF-000232,PRJ-010,2022-05-31,3391300,3688700,3708200,3.2,29605900,923800,2024-02-18,1,0,0
PERF-000233,PRJ-010,2022-06-30,6598000,7165700,7270900,6.2,29605900,1004200,2024-02-18,0,0,0
PERF-000234,PRJ-010,2022-07-31,10852300,11766400,11775700,10.2,37612600,1004200,2024-02-16,0,0,0
PERF-000235,PRJ-010,2022-08-31,15944800,17256900,17273300,15.0,37612600,1004200,2024-02-14,0,0,326100
PERF-000236,PRJ-010,2022-09-30,21558900,23289500,23526000,20.2,39396800,1312800,2024-02-12,0,0,326100
PERF-000237,PRJ-010,2022-10-31,27952700,30134200,31009800,26.1,48391200,1312800,2024-02-10,0,0,326100
PERF-000238,PRJ-010,2022-11-30,34602900,37222700,36863200,32.3,52845600,1449800,2024-02-08,0,0,326100
PERF-000239,PRJ-010,2022-12-31,41836600,44895400,46028200,38.9,72194100,1911600,2024-02-05,0,0,326100
PERF-000240,PRJ-010,2023-01-31,49320300,52787300,52832700,45.8,72194100,2439300,2024-02-03,0,0,326100
PERF-000241,PRJ-010,2023-02-28,56195400,59990800,58960400,52.0,82083000,2597400,2024-01-31,0,0,326100
PERF-000242,PRJ-010,2023-03-31,63825400,68422400,68528500,59.3,96346300,2597400,2024-01-29,0,0,326100
PERF-000243,PRJ-010,2023-04-30,71119000,76769200,76514200,66.6,96346300,3330200,2024-01-26,1,0,326100
PERF-000244,PRJ-010,2023-05-31,78446300,85057200,84651400,73.7,115756200,3330200,2024-01-23,0,0,326100
PERF-000245,PRJ-010,2023-06-30,85223700,92611000,91605100,80.3,115756200,3330200,2024-01-21,0,0,326100
PERF-000246,PRJ-010,2023-07-31,91786900,99787300,97639800,86.5,116251700,3330200,2024-01-21,1,0,326100
PERF-000247,PRJ-010,2023-08-31,97784900,106174600,104554400,92.0,116995500,3434000,2024-01-21,0,0,326100
PERF-000248,PRJ-010,2023-09-30,102938900,111462300,108555900,96.6,116995500,3774400,2024-01-21,0,0,326100
PERF-000249,PRJ-010,2023-10-31,107476600,115348100,113751100,100.0,117163600,4044700,2024-01-21,0,0,326100
PERF-000250,PRJ-010,2023-11-30,110994200,115348100,113751100,100.0,117163600,4052400,2024-01-21,0,0,326100
PERF-000251,PRJ-010,2023-12-31,113610200,115348100,113751100,100.0,117163600,4052400,2024-01-21,0,0,326100
PERF-000252,PRJ-010,2024-01-31,115072600,115348100,113751100,100.0,117163600,4052400,2024-01-21,1,0,326100
PERF-000253,PRJ-011,2022-08-31,97200,86400,89700,0.3,4877700,75600,2023-12-16,0,0,0
PERF-000254,PRJ-011,2022-09-30,711900,634200,661600,2.3,6283400,185000,2023-12-16,0,0,0
PERF-000255,PRJ-011,2022-10-31,1871700,1672300,1685800,6.1,6530000,226300,2023-12-16,0,0,0
PERF-000256,PRJ-011,2022-11-30,3423400,3068200,3161000,11.3,9602400,226300,2023-12-18,1,0,0
PERF-000257,PRJ-011,2022-12-31,5388400,4846400,4991300,17.8,9602400,328900,2023-12-21,2,0,0
PERF-000258,PRJ-011,2023-01-31,7637400,6896000,7109500,25.3,10638700,462000,2023-12-23,1,0,82700
PERF-000259,PRJ-011,2023-02-28,9842900,8922100,9241400,32.8,14257000,521000,2023-12-26,1,131900,82700
PERF-000260,PRJ-011,2023-03-31,12399800,11294000,11810700,41.5,16205200,636300,2023-12-30,1,131900,82700
PERF-000261,PRJ-011,2023-04-30,14912600,13653900,14566000,50.1,20815300,822900,2024-01-02,1,131900,82700
PERF-000262,PRJ-011,2023-05-31,17466800,16090600,16740500,59.1,22237700,968500,2024-01-05,1,131900,82700
PERF-000263,PRJ-011,2023-06-30,19819100,18381300,19241800,67.5,25716300,996800,2024-01-08,2,131900,82700
PERF-000264,PRJ-011,2023-07-31,22044400,20610000,21498700,75.7,25739000,1082600,2024-01-11,2,131900,82700
PERF-000265,PRJ-011,2023-08-31,23977300,22628600,24109400,83.1,29881000,1182000,2024-01-13,3,131900,82700
PERF-000266,PRJ-011,2023-09-30,25490300,24315600,26445400,89.3,30502200,1183300,2024-01-13,3,131900,82700
PERF-000267,PRJ-011,2023-10-31,26602200,25715000,28408300,94.4,30983100,1375900,2024-01-13,2,131900,82700
PERF-000268,PRJ-011,2023-11-30,27162600,26670700,28505000,98.0,30983100,1375900,2024-01-13,2,131900,82700
PERF-000269,PRJ-011,2023-12-31,27228800,27178000,30047900,99.8,31007100,1375900,2024-01-13,3,131900,132100
PERF-000270,PRJ-011,2024-01-31,27228800,27228800,30047900,100.0,31007100,1469100,2024-01-13,2,131900,132100
PERF-000271,PRJ-012,2022-11-30,60000,61100,66200,0.3,3420700,100600,2025-06-02,0,0,0
PERF-000272,PRJ-012,2022-12-31,260300,265200,282900,1.1,6648700,100600,2025-06-02,0,0,0
PERF-000273,PRJ-012,2023-01-31,591800,602900,649800,2.6,6648700,100600,2025-06-02,0,0,0
PERF-000274,PRJ-012,2023-02-28,995800,1014200,1074500,4.4,7227500,123100,2025-06-02,0,0,0
PERF-000275,PRJ-012,2023-03-31,1549800,1578000,1682600,6.8,7227500,136300,2025-06-01,0,0,0
PERF-000276,PRJ-012,2023-04-30,2183700,2222900,2346300,9.6,7598700,154500,2025-06-01,0,0,240400
PERF-000277,PRJ-012,2023-05-31,2930200,2981900,3137500,12.9,8644100,179600,2025-06-01,0,0,240400
PERF-000278,PRJ-012,2023-06-30,3731800,3796600,4038200,16.4,9814900,205400,2025-05-31,0,0,240400
PERF-000279,PRJ-012,2023-07-31,4632600,4711500,5108700,20.4,9814900,230900,2025-05-31,0,0,240400
PERF-000280,PRJ-012,2023-08-31,5597100,5690500,6076700,24.6,10417400,283100,2025-05-30,0,0,240400
PERF-000281,PRJ-012,2023-09-30,6581900,6689500,7196300,28.9,11219400,289600,2025-05-30,0,0,299200
PERF-000282,PRJ-012,2023-10-31,7643100,7765200,8336100,33.6,12981100,346900,2025-05-29,0,0,333400
PERF-000283,PRJ-012,2023-11-30,8703000,8838700,9752500,38.2,14390300,382900,2025-05-29,1,0,333400
PERF-000284,PRJ-012,2023-12-31,9822700,9971600,10576800,43.1,16819100,429800,2025-05-28,0,0,333400
PERF-000285,PRJ-012,2024-01-31,10957600,11118700,11819500,48.1,16819100,502000,2025-05-28,0,0,379500
PERF-000286,PRJ-012,2024-02-29,12024100,12195500,13565900,52.7,18070300,521700,2025-05-27,2,0,379500
PERF-000287,PRJ-012,2024-03-31,13160200,13409900,14576200,58.0,18861300,531300,2025-05-26,0,0,379500
PERF-000288,PRJ-012,2024-04-30,14246500,14625100,15934800,63.2,21221400,602000,2025-05-26,0,0,379500
PERF-000289,PRJ-012,2024-05-31,15346000,15852800,17453800,68.5,21221400,643000,2025-05-25,1,0,379500
PERF-000290,PRJ-012,2024-06-30,16378400,17003200,18076000,73.5,21221400,643000,2025-05-25,0,0,379500
PERF-000291,PRJ-012,2024-07-31,17403100,18142100,19242600,78.4,23957900,751100,2025-05-24,0,0,379500
PERF-000292,PRJ-012,2024-08-31,18375100,19219200,20650500,83.1,24191400,751100,2025-05-24,0,0,379500
PERF-000293,PRJ-012,2024-09-30,19256300,20192100,21610400,87.3,25495900,786500,2025-05-24,0,0,379500
PERF-000294,PRJ-012,2024-10-31,20096000,21114600,22355600,91.3,25495900,786500,2025-05-24,0,0,379500
PERF-000295,PRJ-012,2024-11-30,20830600,21916700,22799300,94.8,25495900,897500,2025-05-24,1,0,379500
PERF-000296,PRJ-012,2024-12-31,21499700,22640900,23742800,97.9,25495900,964000,2025-05-24,1,0,379500
PERF-000297,PRJ-012,2025-01-31,22067500,23128700,24130000,100.0,25495900,964000,2025-05-24,1,0,379500
PERF-000298,PRJ-012,2025-02-28,22485100,23128700,24130000,100.0,25495900,964000,2025-05-24,1,0,379500
PERF-000299,PRJ-012,2025-03-31,22832800,23128700,24305200,100.0,25495900,964000,2025-05-24,1,0,379500
PERF-000300,PRJ-012,2025-04-30,23045700,23128700,24305200,100.0,25495900,964000,2025-05-24,1,0,379500
PERF-000301,PRJ-012,2025-05-31,23128400,23128700,24331800,100.0,25495900,964000,2025-05-24,1,0,379500
PERF-000302,PRJ-013,2022-08-31,28400,23700,25600,0.2,1372100,45500,2024-05-14,0,0,0
PERF-000303,PRJ-013,2022-09-30,171800,143900,160300,1.5,2901900,45500,2024-05-14,0,0,0
PERF-000304,PRJ-013,2022-10-31,435600,365900,406000,3.7,3308500,45500,2024-05-14,1,0,0
PERF-000305,PRJ-013,2022-11-30,790000,665800,734100,6.7,3308500,48400,2024-05-16,0,0,0
PERF-000306,PRJ-013,2022-12-31,1245500,1053700,1213200,10.7,4264600,69500,2024-05-19,0,0,0
PERF-000307,PRJ-013,2023-01-31,1778500,1510500,1702700,15.3,4264600,94500,2024-05-23,1,0,0
PERF-000308,PRJ-013,2023-02-28,2315300,1973900,2174500,20.0,4630800,113300,2024-05-26,0,0,32200
PERF-000309,PRJ-013,2023-03-31,2958300,2533800,2863500,25.7,4630800,168600,2024-05-31,0,0,106900
PERF-000310,PRJ-013,2023-04-30,3617000,3112900,3458400,31.5,6263500,185900,2024-06-04,1,0,106900
PERF-000311,PRJ-013,2023-05-31,4322300,3740000,4206600,37.9,6263500,209100,2024-06-09,0,11300,106900
PERF-000312,PRJ-013,2023-06-30,5015900,4364900,5028600,44.2,7501300,229700,2024-06-14,0,11300,106900
PERF-000313,PRJ-013,2023-07-31,5731000,5019400,5773400,50.9,7501300,259100,2024-06-19,0,11300,106900
PERF-000314,PRJ-013,2023-08-31,6431000,5672600,6543400,57.5,9075800,304600,2024-06-24,1,37400,106900
PERF-000315,PRJ-013,2023-09-30,7081500,6293700,7322100,63.8,9093200,325300,2024-06-29,0,37400,106900
PERF-000316,PRJ-013,2023-10-31,7712400,6914200,8093800,70.1,9665000,368600,2024-07-03,1,37400,153100
PERF-000317,PRJ-013,2023-11-30,8270600,7484500,8903800,75.8,11181100,426300,2024-07-08,3,37400,209400
PERF-000318,PRJ-013,2023-12-31,8780100,8032500,9362700,81.4,11849200,466800,2024-07-11,1,37400,282400
PERF-000319,PRJ-013,2024-01-31,9207800,8528400,10289700,86.4,12265100,466800,2024-07-11,0,37400,282400
PERF-000320,PRJ-013,2024-02-29,9521900,8936100,10627700,90.5,12265100,486200,2024-07-11,1,37400,282400
PERF-000321,PRJ-013,2024-03-31,9752900,9302000,11114800,94.2,12265100,486200,2024-07-11,1,37400,282400
PERF-000322,PRJ-013,2024-04-30,9860900,9577800,11341400,97.0,12265100,524200,2024-07-11,0,37400,282400
PERF-000323,PRJ-013,2024-05-31,9869600,9772000,11827600,99.0,12304100,532100,2024-07-11,0,37400,282400
PERF-000324,PRJ-013,2024-06-30,9869600,9862400,11929800,99.9,12304100,559400,2024-07-11,1,37400,282400
PERF-000325,PRJ-013,2024-07-31,9869600,9869600,12046900,100.0,12408300,559400,2024-07-11,0,37400,282400
PERF-000326,PRJ-014,2023-12-31,171500,146200,163700,0.1,17092600,387100,2026-05-14,0,0,0
PERF-000327,PRJ-014,2024-01-31,1026800,876700,998800,0.9,20442600,387100,2026-05-14,2,0,0
PERF-000328,PRJ-014,2024-02-29,2434500,2082700,2334100,2.0,22743500,387100,2026-05-14,2,0,0
PERF-000329,PRJ-014,2024-03-31,4538400,3890600,4387300,3.8,34269400,631900,2026-05-14,2,0,0
PERF-000330,PRJ-014,2024-04-30,7114600,6112100,6964200,6.0,39498400,1057700,2026-05-16,1,0,0
PERF-000331,PRJ-014,2024-05-31,10282800,8854400,10184600,8.6,39498400,1087500,2026-05-18,2,0,374500
PERF-000332,PRJ-014,2024-06-30,13788900,11901500,13636800,11.6,39498400,1240400,2026-05-21,4,0,817800
PERF-000333,PRJ-014,2024-07-31,17814800,15415800,17168900,15.0,41560300,1463100,2026-05-24,4,0,817800
PERF-000334,PRJ-014,2024-08-31,22197200,19260100,22645400,18.8,41560300,1829900,2026-05-27,2,0,817800
PERF-000335,PRJ-014,2024-09-30,26727500,23255200,26878200,22.7,59970500,1829900,2026-05-31,2,0,1176700
PERF-000336,PRJ-014,2024-10-31,31655700,27626600,32353000,27.0,62757200,2108200,2026-06-04,4,0,1176700
PERF-000337,PRJ-014,2024-11-30,36614000,32053200,37582900,31.3,62757200,2455400,2026-06-08,3,0,1176700
PERF-000338,PRJ-014,2024-12-31,41881200,36789300,43112600,35.9,62757200,2781800,2026-06-12,2,0,1176700
PERF-000339,PRJ-014,2025-01-31,47241300,41648500,49843900,40.6,75597400,3187600,2026-06-17,2,0,1176700
PERF-000340,PRJ-014,2025-02-28,52118300,46108400,52882500,45.0,79522500,3187600,2026-06-21,2,0,1176700
PERF-000341,PRJ-014,2025-03-31,57508000,51086000,60308400,49.8,79522500,3555600,2026-06-25,2,0,1176700
PERF-000342,PRJ-014,2025-04-30,62665300,55904800,66386200,54.5,91648600,3988600,2026-06-29,2,0,1176700
PERF-000343,PRJ-014,2025-05-31,67882100,60845100,73435700,59.4,96948400,4334000,2026-07-04,2,0,1526100
PERF-000344,PRJ-014,2025-06-30,72772100,65549200,79960300,64.0,110570000,4742400,2026-07-08,3,0,1812000
PERF-000345,PRJ-014,2025-07-31,77609200,70289900,82246600,68.6,110570000,4742400,2026-07-12,2,0,1812000
PERF-000346,PRJ-014,2025-08-31,82174200,74867000,91584000,73.0,112394000,5199800,2026-07-17,2,0,1812000
PERF-000347,PRJ-014,2025-09-30,86282400,79101000,95904500,77.2,113931400,5445500,2026-07-20,2,0,1812000
PERF-000348,PRJ-014,2025-10-31,90155900,83233500,100952800,81.2,117020000,5654300,2026-07-23,2,0,2507000
PERF-000349,PRJ-014,2025-11-30,93494900,86958700,105471500,84.8,121727700,5684800,2026-07-23,4,0,2507000
PERF-000350,PRJ-014,2025-12-31,96470100,90484300,112385400,88.3,131120500,5901700,2026-07-23,3,0,2815900
PERF-000351,PRJ-015,2022-03-31,70900,71500,70900,0.1,14686100,52400,2024-07-14,0,0,0
PERF-000352,PRJ-015,2022-04-30,528800,533700,546500,0.9,15811700,434500,2024-07-14,0,0,0
PERF-000353,PRJ-015,2022-05-31,1419700,1432700,1416900,2.4,15811700,434500,2024-07-14,0,0,0
PERF-000354,PRJ-015,2022-06-30,2653900,2677800,2673100,4.4,15811700,434500,2024-07-14,1,0,0
PERF-000355,PRJ-015,2022-07-31,4279800,4317700,4357300,7.2,20781100,434500,2024-07-14,1,0,0
PERF-000356,PRJ-015,2022-08-31,6227600,6281900,6335900,10.4,22869100,493700,2024-07-13,1,0,0
PERF-000357,PRJ-015,2022-09-30,8386400,8458200,8713700,14.0,22869100,573000,2024-07-13,1,0,0
PERF-000358,PRJ-015,2022-10-31,10866400,10957700,11161900,18.2,22869100,573000,2024-07-13,2,0,0
PERF-000359,PRJ-015,2022-11-30,13475200,13586100,13845900,22.5,30370700,714900,2024-07-13,2,0,0
PERF-000360,PRJ-015,2022-12-31,16353000,16484400,16601100,27.4,30943400,954100,2024-07-13,2,0,0
PERF-000361,PRJ-015,2023-01-31,19381400,19533300,19372900,32.4,33411200,954100,2024-07-12,2,0,0
PERF-000362,PRJ-015,2023-02-28,22217300,22387200,22563300,37.1,33411200,954100,2024-07-12,2,0,0
PERF-000363,PRJ-015,2023-03-31,25436400,25625100,26364300,42.5,35653200,1089100,2024-07-12,2,0,0
PERF-000364,PRJ-015,2023-04-30,28599500,28805000,29243000,47.8,43684600,1115300,2024-07-12,2,0,0
PERF-000365,PRJ-015,2023-05-31,31883600,32104500,33018100,53.3,43833900,1306000,2024-07-11,2,0,0
PERF-000366,PRJ-015,2023-06-30,35044600,35277800,36526400,58.5,46704100,1306000,2024-07-11,2,0,0
PERF-000367,PRJ-015,2023-07-31,38259300,38502400,39069900,63.9,54573800,1504200,2024-07-11,2,0,0
PERF-000368,PRJ-015,2023-08-31,41387200,41636700,43158100,69.1,56817400,1647700,2024-07-11,2,0,0
PERF-000369,PRJ-015,2023-09-30,44298900,44550700,46289700,73.9,58909100,1701800,2024-07-10,2,0,0
PERF-000370,PRJ-015,2023-10-31,47154700,47404500,48372400,78.7,63347100,1701800,2024-07-10,3,0,0
PERF-000371,PRJ-015,2023-11-30,49738000,49981200,50745500,82.9,63347100,1765400,2024-07-10,2,0,0
PERF-000372,PRJ-015,2023-12-31,52187200,52418200,55507100,87.0,65737800,1822100,2024-07-10,2,0,0
PERF-000373,PRJ-015,2024-01-31,54378300,54591100,56278200,90.6,65737800,1931400,2024-07-10,2,0,0
PERF-000374,PRJ-015,2024-02-29,56163600,56353600,57958500,93.5,65737800,1931400,2024-07-10,2,0,0
PERF-000375,PRJ-015,2024-03-31,57756500,57915400,61280700,96.1,65737800,1957700,2024-07-10,3,0,0
PERF-000376,PRJ-015,2024-04-30,58955500,59077400,61739100,98.0,65737800,2121000,2024-07-10,4,0,0
PERF-000377,PRJ-015,2024-05-31,59806800,59882600,62381500,99.4,65737800,2193500,2024-07-10,2,1116100,0
PERF-000378,PRJ-015,2024-06-30,60223200,60246500,62381500,100.0,65737800,2193500,2024-07-10,3,1116100,0
PERF-000379,PRJ-015,2024-07-31,60271400,60271400,62381500,100.0,65737800,2193500,2024-07-10,3,1116100,0
PERF-000380,PRJ-016,2022-01-31,11460900,11085500,12216300,19.6,28343000,899300,2023-03-20,2,19800,349700
PERF-000381,PRJ-016,2022-02-28,14999900,14522500,16500000,25.7,28343000,1335500,2023-03-21,1,19800,349700
PERF-000382,PRJ-016,2022-03-31,19216700,18626800,20799300,33.0,38220500,1555100,2023-03-22,1,19800,349700
PERF-000383,PRJ-016,2022-04-30,23500400,22807100,25771600,40.4,38220500,1777300,2023-03-23,2,19800,349700
PERF-000384,PRJ-016,2022-05-31,28034200,27245600,30304700,48.2,41541200,2537100,2023-03-24,1,19800,349700
PERF-000385,PRJ-016,2022-06-30,32427700,31563400,35574400,55.9,44408800,2625000,2023-03-25,1,19800,349700
PERF-000386,PRJ-016,2022-07-31,36871400,35951400,41542100,63.6,49561700,2919200,2023-03-26,3,19800,349700
PERF-000387,PRJ-016,2022-08-31,41113300,40166400,47286800,71.1,64226300,3241000,2023-03-27,2,19800,349700
PERF-000388,PRJ-016,2022-09-30,44927100,43987000,51086600,77.8,64226300,3525600,2023-03-28,2,19800,349700
PERF-000389,PRJ-016,2022-10-31,48464700,47571200,56348600,84.2,65700900,3777600,2023-03-28,2,19800,349700
PERF-000390,PRJ-016,2022-11-30,51400000,50595200,60248700,89.5,69309700,3993100,2023-03-28,3,19800,349700
PERF-000391,PRJ-016,2022-12-31,53826200,53163900,62932600,94.1,69309700,4190900,2023-03-28,2,19800,349700
PERF-000392,PRJ-016,2023-01-31,55531600,55069100,66678800,97.5,70475000,4190900,2023-03-28,2,19800,349700
PERF-000393,PRJ-016,2023-02-28,56364800,56136900,68477200,99.3,70999100,4581200,2023-03-28,2,697400,349700
PERF-000394,PRJ-016,2023-03-31,56509100,56509100,68477200,100.0,70999100,4581200,2023-03-28,3,697400,349700
PERF-000395,PRJ-017,2023-11-30,90800,80800,87400,0.2,8230600,116700,2026-01-09,1,0,0
PERF-000396,PRJ-017,2023-12-31,487200,434200,475900,1.2,8230600,175900,2026-01-09,0,0,431200
PERF-000397,PRJ-017,2024-01-31,1174000,1048300,1181900,2.9,11594900,183800,2026-01-09,1,0,431200
PERF-000398,PRJ-017,2024-02-29,2056300,1839100,2020000,5.0,11594900,218600,2026-01-10,1,0,431200
PERF-000399,PRJ-017,2024-03-31,3230600,2894800,3254000,7.9,11594900,258800,2026-01-12,1,0,431200
PERF-000400,PRJ-017,2024-04-30,4570400,4103100,4604100,11.2,13452800,343900,2026-01-14,3,0,431200
PERF-000401,PRJ-017,2024-05-31,6139200,5523000,6266500,15.1,13452800,343900,2026-01-16,2,96100,431200
PERF-000402,PRJ-017,2024-06-30,7811300,7042500,8047500,19.2,14350900,427000,2026-01-19,3,96100,431200
PERF-000403,PRJ-017,2024-07-31,9672700,8741300,9944300,23.9,16103400,499100,2026-01-21,2,96100,431200
PERF-000404,PRJ-017,2024-08-31,11643600,10549000,12039500,28.8,20904600,596700,2026-01-24,2,96100,431200
PERF-000405,PRJ-017,2024-09-30,13630500,12381300,14461700,33.8,23926200,674100,2026-01-27,2,96100,431200
PERF-000406,PRJ-017,2024-10-31,15740100,14338900,16498600,39.2,23926200,805900,2026-01-31,2,96100,431200
PERF-000407,PRJ-017,2024-11-30,17811900,16274900,18415700,44.5,26663900,805900,2026-02-03,2,96100,431200
PERF-000408,PRJ-017,2024-12-31,19958300,18297000,21061200,50.0,31040900,964300,2026-02-06,3,96100,431200
PERF-000409,PRJ-017,2025-01-31,22084400,20319100,23747200,55.5,31040900,1028000,2026-02-09,4,96100,431200
PERF-000410,PRJ-017,2025-02-28,23965200,22127100,26155500,60.5,31433700,1031200,2026-02-12,4,96100,431200
PERF-000411,PRJ-017,2025-03-31,25979700,24088200,29129400,65.8,37804900,1111500,2026-02-15,5,96100,431200
PERF-000412,PRJ-017,2025-04-30,27837300,25925200,30981000,70.8,37804900,1254400,2026-02-19,4,96100,431200
PERF-000413,PRJ-017,2025-05-31,29636100,27739200,32828400,75.8,44262200,1280900,2026-02-21,5,123400,431200
PERF-000414,PRJ-017,2025-06-30,31235700,29392500,35866600,80.3,45863600,1282200,2026-02-24,5,123400,431200
PERF-000415,PRJ-017,2025-07-31,32717000,30973900,37700100,84.6,45876900,1410700,2026-02-24,5,261800,431200
PERF-000416,PRJ-017,2025-08-31,33997800,32404400,39655100,88.6,46125600,1469900,2026-02-24,5,261800,431200
PERF-000417,PRJ-017,2025-09-30,35021600,33624200,41336600,91.9,46337200,1509000,2026-02-24,5,261800,520000
PERF-000418,PRJ-017,2025-10-31,35831000,34693200,42157700,94.8,46337200,1631500,2026-02-24,5,261800,520000
PERF-000419,PRJ-017,2025-11-30,36349400,35521800,42377100,97.1,46337200,1631500,2026-02-24,5,261800,692000
PERF-000420,PRJ-017,2025-12-31,36585500,36143900,44424800,98.8,46337200,1631500,2026-02-24,7,261800,692000
PERF-000421,PRJ-018,2024-01-31,272500,201900,217200,0.2,21378800,141400,2025-02-21,0,0,0
PERF-000422,PRJ-018,2024-02-29,2702800,2017100,2198100,2.3,21378800,391100,2025-02-21,3,0,0
PERF-000423,PRJ-018,2024-03-31,7707700,5803300,6228700,6.7,21378800,624800,2025-02-23,1,0,0
PERF-000424,PRJ-018,2024-04-30,14463500,10994200,12174300,12.7,30082400,693200,2025-02-28,0,0,392200
PERF-000425,PRJ-018,2024-05-31,22939000,17630300,19193900,20.4,35284000,947200,2025-03-07,1,0,392200
PERF-000426,PRJ-018,2024-06-30,32126400,24990900,27415900,28.9,44530000,1176300,2025-03-13,2,0,392200
PERF-000427,PRJ-018,2024-07-31,42156600,33261200,37098500,38.4,57244600,1515900,2025-03-21,2,0,392200
PERF-000428,PRJ-018,2024-08-31,52242600,41896000,47250800,48.4,72937600,1679100,2025-03-29,5,0,392200
PERF-000429,PRJ-018,2024-09-30,61590400,50303800,56797800,58.1,72937600,2051100,2025-04-06,2,0,392200
PERF-000430,PRJ-018,2024-10-31,70341600,58739300,66029800,67.8,93109600,2433600,2025-04-14,3,0,392200
PERF-000431,PRJ-018,2024-11-30,77470600,66366000,74336400,76.6,99259500,2842700,2025-04-21,2,0,1317900
PERF-000432,PRJ-018,2024-12-31,82971100,73386600,83469500,84.7,101457300,2842700,2025-04-24,2,0,1317900
PERF-000433,PRJ-018,2025-01-31,86085400,79222200,92394000,91.5,104032500,3423600,2025-04-24,4,0,1703700
PERF-000434,PRJ-018,2025-02-28,86603400,83213500,96105100,96.1,104032500,3599500,2025-04-24,2,0,1703700
PERF-000435,PRJ-018,2025-03-31,86603400,85926600,97949200,99.2,104032500,3646200,2025-04-24,3,0,1703700
PERF-000436,PRJ-018,2025-04-30,86603400,86603400,99602900,100.0,104032500,3646200,2025-04-24,3,0,1703700
PERF-000437,PRJ-019,2024-11-30,150800,152800,156200,0.1,17742800,480200,2026-12-13,0,0,0
PERF-000438,PRJ-019,2024-12-31,1169300,1184500,1186800,1.2,27798000,823700,2026-12-13,1,0,313700
PERF-000439,PRJ-019,2025-01-31,3077400,3116700,3122100,3.1,28133800,930800,2026-12-13,0,0,313700
PERF-000440,PRJ-019,2025-02-28,5496400,5565600,5573800,5.5,31703700,930800,2026-12-13,0,0,313700
PERF-000441,PRJ-019,2025-03-31,8868200,8977900,9069500,8.8,31703700,975600,2026-12-12,1,0,313700
PERF-000442,PRJ-019,2025-04-30,12749500,12904200,13275100,12.7,42214100,1503300,2026-12-12,1,0,313700
PERF-000443,PRJ-019,2025-05-31,17318300,17523900,17896000,17.2,45077800,1503300,2026-12-12,2,0,748400
PERF-000444,PRJ-019,2025-06-30,22202400,22460000,23061700,22.0,45077800,1856300,2026-12-12,2,242900,748400
PERF-000445,PRJ-019,2025-07-31,27646400,27959000,28811700,27.4,58221100,2456700,2026-12-11,1,242900,1321100
PERF-000446,PRJ-019,2025-08-31,33412100,33779200,33837900,33.1,58221100,2456700,2026-12-11,2,242900,1863900
PERF-000447,PRJ-019,2025-09-30,39219700,39637700,40633100,38.9,65573100,2523000,2026-12-11,2,242900,1863900
PERF-000448,PRJ-019,2025-10-31,45375500,45842500,47647600,44.9,65573100,2767700,2026-12-10,4,242900,2041800
PERF-000449,PRJ-019,2025-11-30,51405000,51914300,53246200,50.9,73468100,2916100,2026-12-10,2,242900,2608900
PERF-000450,PRJ-019,2025-12-31,57629400,58175600,59010600,57.0,84496200,3569300,2026-12-09,2,242900,2608900
PERF-000451,PRJ-020,2023-10-31,51900,46200,52600,0.1,5113600,182500,2025-08-18,0,0,0
PERF-000452,PRJ-020,2023-11-30,453200,403600,448300,1.2,8277500,182500,2025-08-18,0,0,0
PERF-000453,PRJ-020,2023-12-31,1251000,1116200,1271600,3.2,8277500,303300,2025-08-18,0,0,0
PERF-000454,PRJ-020,2024-01-31,2397000,2143200,2462500,6.1,10854600,303300,2025-08-19,0,0,0
PERF-000455,PRJ-020,2024-02-29,3747400,3357700,3816500,9.6,13782500,476700,2025-08-21,3,0,0
PERF-000456,PRJ-020,2024-03-31,5448900,4894200,5642300,14.0,13782500,476700,2025-08-23,1,0,0
PERF-000457,PRJ-020,2024-04-30,7311000,6583400,7181000,18.8,15750000,542100,2025-08-26,3,0,0
PERF-000458,PRJ-020,2024-05-31,9417200,8503900,9813500,24.3,18876700,735000,2025-08-28,1,234100,0
PERF-000459,PRJ-020,2024-06-30,11592900,10499400,12087100,29.9,19456600,840400,2025-08-31,1,234100,0
PERF-000460,PRJ-020,2024-07-31,13942500,12669000,14934700,36.1,25751900,1024600,2025-09-04,2,234100,0
PERF-000461,PRJ-020,2024-08-31,16353900,14913400,17716800,42.5,27357300,1240000,2025-09-07,2,234100,0
PERF-000462,PRJ-020,2024-09-30,18707200,17123800,20056500,48.8,31462200,1240000,2025-09-10,2,234100,0
PERF-000463,PRJ-020,2024-10-31,21118600,19427900,22764600,55.4,32418200,1372600,2025-09-13,3,234100,0
PERF-000464,PRJ-020,2024-11-30,23393800,21860100,25510300,62.3,33627600,1511000,2025-09-17,5,234100,0
PERF-000465,PRJ-020,2024-12-31,25643900,24304700,28409200,69.3,34224400,1578900,2025-09-21,5,234100,0
PERF-000466,PRJ-020,2025-01-31,27750100,26641100,31218200,76.0,39401600,1667700,2025-09-24,5,234100,0
PERF-000467,PRJ-020,2025-02-28,29494200,28626300,33357000,81.6,39401600,2004600,2025-09-26,4,234100,0
PERF-000468,PRJ-020,2025-03-31,31211600,30649900,36863800,87.4,43434400,2073000,2025-09-26,4,234100,0
PERF-000469,PRJ-020,2025-04-30,32621800,32398600,36863800,92.4,43434400,2225600,2025-09-26,4,234100,71900
PERF-000470,PRJ-020,2025-05-31,33778300,33951300,39726100,96.8,43434400,2397500,2025-09-26,4,234100,71900
PERF-000471,PRJ-020,2025-06-30,34567700,35061100,40660500,100.0,43434400,2397500,2025-09-26,4,234100,71900
PERF-000472,PRJ-020,2025-07-31,35002100,35061100,40963700,100.0,43434400,2397500,2025-09-26,5,431500,226900
PERF-000473,PRJ-020,2025-08-31,35061100,35061100,40963700,100.0,43434400,2432700,2025-09-26,7,431500,226900
PERF-000474,PRJ-020,2025-09-30,35061100,35061100,40963700,100.0,43434400,2444400,2025-09-26,6,431500,226900
PERF-000475,PRJ-021,2022-07-31,175500,187500,189200,0.3,12549700,658600,2024-04-11,0,0,0
PERF-000476,PRJ-021,2022-08-31,1175600,1254400,1267300,1.9,18162000,658600,2024-04-11,1,0,0
PERF-000477,PRJ-021,2022-09-30,2910400,3101600,3161900,4.6,18162000,753000,2024-04-11,0,0,0
PERF-000478,PRJ-021,2022-10-31,5405600,5753000,5760800,8.5,23471800,799300,2024-04-10,1,0,0
PERF-000479,PRJ-021,2022-11-30,8414200,8942300,9024600,13.2,23471800,799300,2024-04-09,1,0,0
PERF-000480,PRJ-021,2022-12-31,12046900,12782800,12999800,18.9,26171400,877500,2024-04-07,0,0,0
PERF-000481,PRJ-021,2023-01-31,16120500,17076100,17551900,25.2,34007000,1029200,2024-04-05,0,0,0
PERF-000482,PRJ-021,2023-02-28,20102200,21258300,21626100,31.4,34007000,1093900,2024-04-04,0,0,0
PERF-000483,PRJ-021,2023-03-31,24759900,26131400,26870100,38.6,36255800,1167700,2024-04-02,0,0,0
PERF-000484,PRJ-021,2023-04-30,29433000,30997300,32085800,45.8,44066900,1611200,2024-03-31,0,0,0
PERF-000485,PRJ-021,2023-05-31,34342800,36081000,37197400,53.3,52360100,1611200,2024-03-29,0,0,0
PERF-000486,PRJ-021,2023-06-30,39086800,41371300,42090800,61.1,55252800,2038400,2024-03-27,1,0,0
PERF-000487,PRJ-021,2023-07-31,43891100,46814700,48037700,69.1,57287200,2094500,2024-03-25,0,0,112800
PERF-000488,PRJ-021,2023-08-31,48504800,51985400,52610500,76.8,67040100,2094500,2024-03-23,0,0,112800
PERF-000489,PRJ-021,2023-09-30,52701000,56623000,56058600,83.6,67040100,2276000,2024-03-22,0,0,669800
PERF-000490,PRJ-021,2023-10-31,56669700,60926100,59365400,90.0,67978100,2514900,2024-03-22,0,0,669800
PERF-000491,PRJ-021,2023-11-30,60068700,64511400,63576400,95.2,68754100,2593100,2024-03-22,1,0,669800
PERF-000492,PRJ-021,2023-12-31,63034800,67507700,66197100,99.7,68754100,2705300,2024-03-22,3,0,669800
PERF-000493,PRJ-021,2024-01-31,65354300,67733200,66732300,100.0,68754100,3102400,2024-03-22,1,0,669800
PERF-000494,PRJ-021,2024-02-29,66857000,67733200,66732300,100.0,68754100,3102400,2024-03-22,1,0,669800
PERF-000495,PRJ-021,2024-03-31,67662700,67733200,66732300,100.0,68754100,3102400,2024-03-22,1,0,669800
PERF-000496,PRJ-022,2024-09-30,91900,81000,85600,0.1,16479200,244300,2026-09-16,0,0,0
PERF-000497,PRJ-022,2024-10-31,770600,680300,731400,1.1,16479200,244300,2026-09-16,1,0,0
PERF-000498,PRJ-022,2024-11-30,2009000,1777000,1860600,2.7,17957900,267400,2026-09-16,0,0,0
PERF-000499,PRJ-022,2024-12-31,3832000,3396500,3595900,5.2,21436000,267400,2026-09-17,2,0,0
PERF-000500,PRJ-022,2025-01-31,6148200,5461500,5831600,8.4,21436000,348500,2026-09-19,0,0,0
PERF-000501,PRJ-022,2025-02-28,8614700,7668700,8140800,11.8,24385500,698000,2026-09-21,2,0,0
PERF-000502,PRJ-022,2025-03-31,11705300,10445900,11085700,16.1,29416600,698000,2026-09-24,1,0,96700
PERF-000503,PRJ-022,2025-04-30,15002000,13422300,14133200,20.7,31880900,786600,2026-09-26,0,433100,96700
PERF-000504,PRJ-022,2025-05-31,18666700,16748500,17998500,25.9,31880900,971800,2026-09-30,4,433100,185700
PERF-000505,PRJ-022,2025-06-30,22407400,20164200,21899000,31.1,37154600,971800,2026-10-03,2,810700,185700
PERF-000506,PRJ-022,2025-07-31,26415700,23849200,25834700,36.8,37819100,1174200,2026-10-06,1,810700,268000
PERF-000507,PRJ-022,2025-08-31,30510400,27643600,30562800,42.7,39431300,1337000,2026-10-10,2,810700,268000
PERF-000508,PRJ-022,2025-09-30,34499200,31373500,33316000,48.5,49677900,1452200,2026-10-13,2,810700,268000
PERF-000509,PRJ-022,2025-10-31,38590100,35239700,39027500,54.4,49677900,1452200,2026-10-17,3,810700,388800
PERF-000510,PRJ-022,2025-11-30,42463800,38946900,43129200,60.2,59742700,1671200,2026-10-20,4,810700,388800
PERF-000511,PRJ-022,2025-12-31,46320500,42694600,47060000,65.9,61334800,1815600,2026-10-24,4,810700,388800
PERF-000512,PRJ-023,2024-03-31,32600,28600,28500,0.1,9041900,420500,2026-11-20,1,0,0
PERF-000513,PRJ-023,2024-04-30,315300,277200,280900,0.5,12126900,420500,2026-11-20,0,0,0
PERF-000514,PRJ-023,2024-05-31,896200,788800,798900,1.5,12126900,420500,2026-11-20,0,0,0
PERF-000515,PRJ-023,2024-06-30,1718500,1514900,1544200,2.8,12126900,420500,2026-11-20,0,0,0
PERF-000516,PRJ-023,2024-07-31,2817300,2487400,2523100,4.7,14479400,420500,2026-11-21,0,0,0
PERF-000517,PRJ-023,2024-08-31,4148700,3669100,3730600,6.9,15873200,499500,2026-11-23,1,0,0
PERF-000518,PRJ-023,2024-09-30,5639500,4995900,5127900,9.4,15873200,499500,2026-11-25,0,321200,0
PERF-000519,PRJ-023,2024-10-31,7368900,6539800,6677400,12.3,20799100,559100,2026-11-27,1,321200,0
PERF-000520,PRJ-023,2024-11-30,9206400,8185700,8462800,15.4,20799100,594300,2026-11-30,1,321200,715200
PERF-000521,PRJ-023,2024-12-31,11254400,10026700,10233800,18.8,21029500,631600,2026-12-03,1,321200,715200
PERF-000522,PRJ-023,2025-01-31,13433800,11993600,12315900,22.5,26641100,631600,2026-12-06,1,321200,715200
PERF-000523,PRJ-023,2025-02-28,15498200,13864500,14117500,26.1,26641100,852500,2026-12-08,1,321200,715200
PERF-000524,PRJ-023,2025-03-31,17871100,16024500,16470900,30.1,30928100,852500,2026-12-12,1,321200,1217900
PERF-000525,PRJ-023,2025-04-30,20236000,18188300,18407500,34.2,30928100,1033600,2026-12-15,1,321200,1217900
PERF-000526,PRJ-023,2025-05-31,22730600,20483700,21058100,38.5,33145100,1238300,2026-12-19,2,321200,1377100
PERF-000527,PRJ-023,2025-06-30,25175000,22747000,23449300,42.7,33145100,1359600,2026-12-22,2,321200,1377100
PERF-000528,PRJ-023,2025-07-31,27712000,25112500,25771400,47.2,38711000,1359600,2026-12-26,1,321200,1377100
PERF-000529,PRJ-023,2025-08-31,30240100,27488700,28598100,51.7,38711000,1599700,2026-12-30,3,321200,1377100
PERF-000530,PRJ-023,2025-09-30,32658700,29782400,31161900,56.0,45738400,1599700,2027-01-02,1,321200,1377100
PERF-000531,PRJ-023,2025-10-31,35109300,32130200,33787900,60.4,45738400,1638000,2027-01-06,1,321200,1802700
PERF-000532,PRJ-023,2025-11-30,37414500,34364900,36461200,64.6,45738400,1649800,2027-01-09,3,321200,2017100
PERF-000533,PRJ-023,2025-12-31,39708000,36619000,38106600,68.8,53228300,2038800,2027-01-13,4,321200,2731000
PERF-000534,PRJ-024,2024-09-30,435800,375000,410100,0.2,27944200,465700,2026-03-16,0,0,0
PERF-000535,PRJ-024,2024-10-31,3615400,3120600,3501600,1.8,35197800,481200,2026-03-16,1,0,0
PERF-000536,PRJ-024,2024-11-30,9326800,8075400,9068900,4.7,44771100,581700,2026-03-17,2,0,0
PERF-000537,PRJ-024,2024-12-31,17581800,15276000,17046500,8.9,50539200,931600,2026-03-19,0,0,0
PERF-000538,PRJ-024,2025-01-31,27853900,24292600,28079500,14.1,75040600,1013500,2026-03-22,1,0,181500
PERF-000539,PRJ-024,2025-02-28,38550300,33746500,37654200,19.6,76660500,1438700,2026-03-25,1,478700,181500
PERF-000540,PRJ-024,2025-03-31,51614200,45385500,51391100,26.3,100815100,2278000,2026-03-28,0,478700,1291900
PERF-000541,PRJ-024,2025-04-30,65133500,57546900,65444900,33.4,100815100,2725900,2026-04-01,0,478700,1608100
PERF-000542,PRJ-024,2025-05-31,79640700,70747600,82238300,41.0,118922600,3837600,2026-04-05,1,478700,5670400
PERF-000543,PRJ-024,2025-06-30,93846700,83854600,95503800,48.6,138824600,3945700,2026-04-09,1,478700,6243300
PERF-000544,PRJ-024,2025-07-31,108329800,97448100,115106300,56.5,163755100,4621800,2026-04-13,1,478700,6870200
PERF-000545,PRJ-024,2025-08-31,122238400,110793200,130035000,64.2,176998100,5031600,2026-04-18,1,478700,6870200
PERF-000546,PRJ-024,2025-09-30,134794300,123187200,145132350,71.4,176998100,5673300,2026-04-21,4,478700,6870200
PERF-000547,PRJ-024,2025-10-31,146465800,135162300,160229700,78.3,190483200,5804500,2026-04-25,4,478700,6870200
PERF-000548,PRJ-024,2025-11-30,156146900,145664800,177134100,84.4,216112700,5892300,2026-04-26,2,478700,6870200
PERF-000549,PRJ-024,2025-12-31,164114100,155101100,191733000,89.9,219692100,7022000,2026-04-26,3,478700,6870200
PERF-000550,PRJ-025,2024-10-31,41000,34200,37900,0.2,5175100,59800,2027-04-12,2,0,0
PERF-000551,PRJ-025,2024-11-30,212700,177900,195900,0.8,5175100,82900,2027-04-12,1,0,0
PERF-000552,PRJ-025,2024-12-31,521700,437300,478500,2.0,6149000,82900,2027-04-12,1,0,0
PERF-000553,PRJ-025,2025-01-31,954200,801600,885500,3.7,6681800,162000,2027-04-12,0,0,0
PERF-000554,PRJ-025,2025-02-28,1442500,1214400,1352500,5.6,6681800,162000,2027-04-14,2,0,0
PERF-000555,PRJ-025,2025-03-31,2081600,1756800,1894000,8.0,6681800,162000,2027-04-17,0,138200,0
PERF-000556,PRJ-025,2025-04-30,2789400,2360200,2603600,10.8,6983500,176100,2027-04-20,2,138200,283700
PERF-000557,PRJ-025,2025-05-31,3603000,3057000,3312700,14.0,8898500,281500,2027-04-23,3,138200,283700
PERF-000558,PRJ-025,2025-06-30,4460300,3795000,4169100,17.4,8898500,330200,2027-04-27,3,138200,283700
PERF-000559,PRJ-025,2025-07-31,5408400,4615800,5061800,21.1,10185300,330200,2027-05-01,2,138200,283700
PERF-000560,PRJ-025,2025-08-31,6409700,5488100,6112100,25.1,10185300,408500,2027-05-05,3,138200,353300
PERF-000561,PRJ-025,2025-09-30,7419600,6373700,6938700,29.2,11849900,412000,2027-05-10,4,311200,353300
PERF-000562,PRJ-025,2025-10-31,8495400,7324300,8173600,33.5,14488500,442600,2027-05-14,2,382800,353300
PERF-000563,PRJ-025,2025-11-30,9558100,8271000,9057000,37.9,14488500,469600,2027-05-19,4,382800,353300
PERF-000564,PRJ-025,2025-12-31,10668500,9269500,10383500,42.4,16158300,562200,2027-05-24,5,382800,353300
PERF-000565,PRJ-026,2024-07-31,168400,166300,163100,0.4,8119900,191600,2026-09-03,0,0,0
PERF-000566,PRJ-026,2024-08-31,727700,718800,721900,1.6,9176000,212100,2026-09-03,1,184200,0
PERF-000567,PRJ-026,2024-09-30,1611900,1592500,1589900,3.5,9368700,212100,2026-09-03,0,184200,0
PERF-000568,PRJ-026,2024-10-31,2847600,2814000,2883600,6.1,11168300,463900,2026-09-03,0,184200,0
PERF-000569,PRJ-026,2024-11-30,4324500,4274200,4295400,9.3,11168300,463900,2026-09-04,1,184200,0
PERF-000570,PRJ-026,2024-12-31,6108600,6039000,5965500,13.1,15591100,630800,2026-09-04,0,184200,0
PERF-000571,PRJ-026,2025-01-31,8122200,8031500,8116300,17.5,19764300,630800,2026-09-04,0,184200,62900
PERF-000572,PRJ-026,2025-02-28,10110700,10000100,10039400,21.7,19764300,630800,2026-09-04,1,184200,168600
PERF-000573,PRJ-026,2025-03-31,12469800,12336700,12317500,26.8,19764300,737400,2026-09-05,0,184200,168600
PERF-000574,PRJ-026,2025-04-30,14880200,14725400,15138600,32.0,25897400,839800,2026-09-05,1,184200,168600
PERF-000575,PRJ-026,2025-05-31,17470400,17293800,17804400,37.6,25897400,1024100,2026-09-05,0,184200,168600
PERF-000576,PRJ-026,2025-06-30,20042400,19846100,20301600,43.1,32211300,1121600,2026-09-06,2,184200,168600
PERF-000577,PRJ-026,2025-07-31,22735500,22520700,22880700,49.0,32211300,1230500,2026-09-06,0,184200,574000
PERF-000578,PRJ-026,2025-08-31,25431800,25201100,25707000,54.8,36918700,1286700,2026-09-06,1,184200,574000
PERF-000579,PRJ-026,2025-09-30,28013000,27770000,28138900,60.4,39460600,1353900,2026-09-07,2,184200,574000
PERF-000580,PRJ-026,2025-10-31,30619000,30366900,31149900,66.0,39460600,1694100,2026-09-07,2,184200,574000
PERF-000581,PRJ-026,2025-11-30,33050800,32794000,33871400,71.3,42056400,1731100,2026-09-07,1,184200,574000
PERF-000582,PRJ-026,2025-12-31,35438200,35181700,35953800,76.5,47521200,1731100,2026-09-08,2,184200,574000
PERF-000583,PRJ-027,2024-05-31,32100,28900,30800,0.2,2767500,26100,2026-05-15,0,0,0
PERF-000584,PRJ-027,2024-06-30,222200,200200,217900,1.1,3804700,26100,2026-05-15,1,0,0
PERF-000585,PRJ-027,2024-07-31,584100,527100,554600,2.9,5272900,56500,2026-05-15,0,0,0
PERF-000586,PRJ-027,2024-08-31,1097900,992500,1074300,5.5,5712600,86000,2026-05-16,1,0,0
PERF-000587,PRJ-027,2024-09-30,1724300,1561600,1661400,8.7,5712600,97600,2026-05-17,0,0,0
PERF-000588,PRJ-027,2024-10-31,2488900,2258500,2449400,12.6,6116500,150200,2026-05-19,0,0,0
PERF-000589,PRJ-027,2024-11-30,3327200,3025400,3245900,16.9,8206500,150200,2026-05-21,0,0,0
PERF-000590,PRJ-027,2024-12-31,4278900,3899600,4255800,21.8,8206500,150200,2026-05-24,0,0,0
PERF-000591,PRJ-027,2025-01-31,5301300,4843000,5377800,27.0,8206500,201700,2026-05-27,0,0,0
PERF-000592,PRJ-027,2025-02-28,6271700,5743000,6218900,32.1,9747500,239700,2026-05-29,1,52600,151900
PERF-000593,PRJ-027,2025-03-31,7383000,6779500,7557900,37.8,12392500,300600,2026-06-01,1,52600,216700
PERF-000594,PRJ-027,2025-04-30,8480400,7809800,8839000,43.6,12392500,300600,2026-06-04,1,52600,216700
PERF-000595,PRJ-027,2025-05-31,9621000,8889000,9714600,49.6,14952600,346600,2026-06-07,2,52600,216700
PERF-000596,PRJ-027,2025-06-30,10715900,9934500,11078700,55.4,16472800,350100,2026-06-10,1,52600,216700
PERF-000597,PRJ-027,2025-07-31,11822000,11002100,12232700,61.4,16861100,443700,2026-06-13,2,52600,216700
PERF-000598,PRJ-027,2025-08-31,12886100,12043000,13679300,67.2,17915900,459200,2026-06-16,3,52600,242100
PERF-000599,PRJ-027,2025-09-30,13860500,13011800,14267800,72.6,18120500,490600,2026-06-18,1,52600,242100
PERF-000600,PRJ-027,2025-10-31,14794000,13959200,15635300,77.9,18993400,516500,2026-06-21,2,133500,242100
PERF-000601,PRJ-027,2025-11-30,15611100,14811100,16622800,82.7,20027800,542300,2026-06-22,3,133500,242100
PERF-000602,PRJ-027,2025-12-31,16350100,15610700,17742500,87.1,20975500,556400,2026-06-22,1,133500,242100
PERF-000603,PRJ-028,2022-01-31,579600,534100,555800,5.9,3031500,48800,2023-12-04,0,0,28300
PERF-000604,PRJ-028,2022-02-28,853100,787100,819400,8.7,3031500,48800,2023-12-05,1,21100,28300
PERF-000605,PRJ-028,2022-03-31,1205000,1113500,1158100,12.3,3031500,77800,2023-12-06,1,21100,28300
PERF-000606,PRJ-028,2022-04-30,1588700,1470300,1516800,16.2,3312200,95700,2023-12-08,2,21100,28300
PERF-000607,PRJ-028,2022-05-31,2023400,1875700,1926700,20.7,4091900,103700,2023-12-10,1,21100,77700
PERF-000608,PRJ-028,2022-06-30,2475000,2298300,2406400,25.4,4091900,126800,2023-12-12,2,21100,77700
PERF-000609,PRJ-028,2022-07-31,2967100,2760500,2936800,30.5,5005200,126800,2023-12-14,2,21100,77700
PERF-000610,PRJ-028,2022-08-31,3478800,3243200,3459400,35.8,5197700,145300,2023-12-17,2,30400,77700
PERF-000611,PRJ-028,2022-09-30,3986400,3724300,3901100,41.1,5377100,154400,2023-12-19,2,30400,77700
PERF-000612,PRJ-028,2022-10-31,4517400,4230300,4412800,46.7,5740100,154400,2023-12-21,2,30400,77700
PERF-000613,PRJ-028,2022-11-30,5031400,4723200,4924500,52.2,6597600,198500,2023-12-24,2,30400,124400
PERF-000614,PRJ-028,2022-12-31,5556400,5230300,5448800,57.8,7893100,205200,2023-12-26,2,30400,124400
PERF-000615,PRJ-028,2023-01-31,6068600,5729400,5963300,63.3,8090800,219100,2023-12-29,2,30400,220600
PERF-000616,PRJ-028,2023-02-28,6514900,6168600,6655900,68.1,8693200,243100,2023-12-31,3,30400,220600
PERF-000617,PRJ-028,2023-03-31,6984700,6636700,7134900,73.3,8866900,243100,2024-01-02,2,30400,220600
PERF-000618,PRJ-028,2023-04-30,7409300,7066300,7606800,78.1,9955400,269200,2024-01-04,2,30400,220600
PERF-000619,PRJ-028,2023-05-31,7810400,7480500,7968300,82.6,9955400,269200,2024-01-05,3,30400,220600
PERF-000620,PRJ-028,2023-06-30,8156300,7847100,8407400,86.7,9989200,269200,2024-01-05,2,30400,220600
PERF-000621,PRJ-028,2023-07-31,8463400,8185100,8838200,90.4,10067500,296800,2024-01-05,2,30400,220600
PERF-000622,PRJ-028,2023-08-31,8713100,8475800,9136200,93.6,10067500,301300,2024-01-05,3,30400,220600
PERF-000623,PRJ-028,2023-09-30,8893900,8706800,9346000,96.2,10067500,301300,2024-01-05,3,30400,220600
PERF-000624,PRJ-028,2023-10-31,9011400,8887900,9369500,98.2,10067500,304200,2024-01-05,2,30400,220600
PERF-000625,PRJ-028,2023-11-30,9052000,9001900,9588600,99.4,10067500,326700,2024-01-05,2,30400,220600
PERF-000626,PRJ-028,2023-12-31,9052000,9051000,9778000,100.0,10072400,326700,2024-01-05,2,30400,220600
PERF-000627,PRJ-028,2024-01-31,9052000,9052000,9795600,100.0,10089400,326700,2024-01-05,3,30400,220600
PERF-000628,PRJ-029,2024-02-29,119400,127300,125300,0.1,17988400,266100,2026-09-10,0,0,0
PERF-000629,PRJ-029,2024-03-31,930500,991500,998000,0.8,33997300,535700,2026-09-10,0,0,0
PERF-000630,PRJ-029,2024-04-30,2403100,2558700,2573800,2.1,33997300,535700,2026-09-10,0,0,0
PERF-000631,PRJ-029,2024-05-31,4584000,4876800,4884100,3.9,37665400,535700,2026-09-10,0,0,0
PERF-000632,PRJ-029,2024-06-30,7283300,7741900,7977600,6.2,37665400,535700,2026-09-10,0,0,0
PERF-000633,PRJ-029,2024-07-31,10629400,11288500,11421100,9.1,37665400,1241300,2026-09-09,1,0,0
PERF-000634,PRJ-029,2024-08-31,14489300,15373000,15665400,12.4,42249400,1241300,2026-09-07,0,0,0
PERF-000635,PRJ-029,2024-09-30,18664200,19783200,19706900,16.0,53728700,1329300,2026-09-06,2,0,0
PERF-000636,PRJ-029,2024-10-31,23380800,24756300,24426800,20.0,53858200,1374300,2026-09-05,0,0,0
PERF-000637,PRJ-029,2024-11-30,28285800,29917300,31086100,24.1,53858200,1958400,2026-09-03,0,0,1999500
PERF-000638,PRJ-029,2024-12-31,33654600,35553600,36792100,28.7,55406400,1958400,2026-09-01,1,0,1999500
PERF-000639,PRJ-029,2025-01-31,39276500,41440500,42448600,33.4,69017800,1958400,2026-08-30,0,0,1999500
PERF-000640,PRJ-029,2025-02-28,44528000,46924800,47170400,37.9,69017800,1958400,2026-08-29,1,0,1999500
PERF-000641,PRJ-029,2025-03-31,50485500,53128000,54071400,42.9,89259300,2136000,2026-08-27,0,0,1999500
PERF-000642,PRJ-029,2025-04-30,56346400,59209500,60533700,47.8,89259300,2399600,2026-08-25,0,523200,1999500
PERF-000643,PRJ-029,2025-05-31,62449900,65518100,68112200,52.9,95890000,2646000,2026-08-23,0,523200,1999500
PERF-000644,PRJ-029,2025-06-30,68352900,71974600,73195800,58.1,95890000,2773500,2026-08-21,1,523200,2152600
PERF-000645,PRJ-029,2025-07-31,74397700,78850600,80595600,63.6,108182500,2989900,2026-08-19,0,523200,2152600
PERF-000646,PRJ-029,2025-08-31,80334200,85562900,86402400,69.1,110278800,3414900,2026-08-17,1,523200,2152600
PERF-000647,PRJ-029,2025-09-30,85926500,91841800,91241300,74.1,116915300,3643000,2026-08-15,1,523200,2152600
PERF-000648,PRJ-029,2025-10-31,91495900,98043000,99112200,79.1,124892000,3660700,2026-08-13,0,523200,2152600
PERF-000649,PRJ-029,2025-11-30,96633900,103706100,103783000,83.7,124892000,3996100,2026-08-13,1,523200,2754100
PERF-000650,PRJ-029,2025-12-31,101631500,109145800,109804900,88.1,128402400,3996100,2026-08-13,1,523200,2754100
PERF-000651,PRJ-030,2023-04-30,116600,95400,104400,0.0,77239900,1298800,2025-09-24,0,0,0
PERF-000652,PRJ-030,2023-05-31,1660400,1360800,1470000,0.5,77239900,1298800,2025-09-24,0,0,0
PERF-000653,PRJ-030,2023-06-30,4765400,3914900,4253900,1.5,77239900,1298800,2025-09-24,0,0,0
PERF-000654,PRJ-030,2023-07-31,9511300,7833700,8629400,3.1,77239900,1298800,2025-09-24,0,0,734700
PERF-000655,PRJ-030,2023-08-31,15690000,12957400,14214100,5.1,77239900,1406800,2025-09-25,0,0,734700
PERF-000656,PRJ-030,2023-09-30,22910300,18971900,20611800,7.5,78323000,1406800,2025-09-28,1,0,734700
PERF-000657,PRJ-030,2023-10-31,31526000,26183900,28061700,10.3,78323000,1574700,2025-10-01,1,0,734700
PERF-000658,PRJ-030,2023-11-30,40859200,34038000,36870400,13.4,108904900,1604600,2025-10-05,1,0,734700
PERF-000659,PRJ-030,2023-12-31,51404500,42963700,47801100,17.0,115913600,2511000,2025-10-09,1,0,2081100
PERF-000660,PRJ-030,2024-01-31,62736000,52616700,58473000,20.8,115913600,2974800,2025-10-13,1,0,2081100
PERF-000661,PRJ-030,2024-02-29,73932100,62219600,68971100,24.6,133666400,3715000,2025-10-18,1,0,2081100
PERF-000662,PRJ-030,2024-03-31,86413000,73005300,81820900,28.8,147449700,3715000,2025-10-23,1,0,2081100
PERF-000663,PRJ-030,2024-04-30,98875000,83866200,94078900,33.1,169052300,3715000,2025-10-28,1,0,2081100
PERF-000664,PRJ-030,2024-05-31,112021300,95432000,109830100,37.7,179228900,4483000,2025-11-02,3,2609900,2081100
PERF-000665,PRJ-030,2024-06-30,124881600,106866400,121238400,42.2,197052000,4808900,2025-11-08,1,2609900,2081100
PERF-000666,PRJ-030,2024-07-31,138186000,118837600,136102300,46.9,197052000,4863500,2025-11-13,3,2609900,3291400
PERF-000667,PRJ-030,2024-08-31,151376200,130871200,148297300,51.7,217209600,5477300,2025-11-19,3,2609900,3291400
PERF-000668,PRJ-030,2024-09-30,163908800,142484900,159438700,56.3,217209600,5523500,2025-11-24,4,2609900,3291400
PERF-000669,PRJ-030,2024-10-31,176491800,154358900,178608000,61.0,239516200,5943000,2025-11-30,3,2609900,3291400
PERF-000670,PRJ-030,2024-11-30,188191400,165636800,191472200,65.4,247811700,7147100,2025-12-05,3,2609900,3291400
PERF-000671,PRJ-030,2024-12-31,199659900,176976300,206211800,69.9,247811700,7147100,2025-12-10,3,2609900,3291400
PERF-000672,PRJ-030,2025-01-31,210367600,187900700,217905200,74.2,261577000,7609500,2025-12-15,3,2609900,3291400
PERF-000673,PRJ-030,2025-02-28,219276100,197330600,229498600,77.9,266375500,7751000,2025-12-20,5,2609900,3291400
PERF-000674,PRJ-030,2025-03-31,228173800,207197500,239486000,81.8,287228200,8118400,2025-12-22,3,2609900,3291400
PERF-000675,PRJ-030,2025-04-30,235699200,216084400,256386100,85.3,309437200,8179000,2025-12-22,4,2609900,3291400
PERF-000676,PRJ-030,2025-05-31,242226400,224489500,263064100,88.7,309437200,8692700,2025-12-22,3,2609900,3291400
PERF-000677,PRJ-030,2025-06-30,247212400,231780500,270992200,91.5,309437200,8864000,2025-12-22,4,2609900,3595400
PERF-000678,PRJ-030,2025-07-31,250861800,238349100,283318300,94.1,310000600,9306700,2025-12-22,4,2609900,3595400
PERF-000679,PRJ-030,2025-08-31,252854400,243840800,295714900,96.3,316277500,9306700,2025-12-22,3,4495600,3595400
PERF-000680,PRJ-030,2025-09-30,253200300,248038900,295714900,98.0,316277500,9859400,2025-12-22,3,4495600,3595400
PERF-000681,PRJ-030,2025-10-31,253200300,251129000,299506400,99.2,316277500,9983000,2025-12-22,3,4495600,3595400
PERF-000682,PRJ-030,2025-11-30,253200300,252821700,299506400,99.9,316277500,9983000,2025-12-22,4,4495600,3595400
PERF-000683,PRJ-030,2025-12-31,253200300,253200300,306003100,100.0,316277500,9983000,2025-12-22,3,4495600,5281400
PERF-000684,PRJ-031,2022-01-31,1516200,1450600,1687100,9.5,6464900,165600,2024-05-16,0,205500,0
PERF-000685,PRJ-031,2022-02-28,1924900,1842700,2147000,12.1,6464900,187900,2024-05-17,0,205500,0
PERF-000686,PRJ-031,2022-03-31,2420600,2318800,2650500,15.2,6464900,187900,2024-05-18,0,205500,0
PERF-000687,PRJ-031,2022-04-30,2939200,2817400,3285200,18.5,7828700,207900,2024-05-19,0,205500,0
PERF-000688,PRJ-031,2022-05-31,3510300,3367400,3844000,22.1,7828700,207900,2024-05-20,1,205500,0
PERF-000689,PRJ-031,2022-06-30,4092600,3928800,4642100,25.8,8826000,289800,2024-05-21,0,242300,0
PERF-000690,PRJ-031,2022-07-31,4720100,4534900,5241000,29.7,8826000,293600,2024-05-22,1,242300,0
PERF-000691,PRJ-031,2022-08-31,5369000,5162600,6066400,33.8,9323000,353200,2024-05-24,0,242300,0
PERF-000692,PRJ-031,2022-09-30,6012500,5786400,6840000,37.9,10182000,353200,2024-05-25,1,242300,0
PERF-000693,PRJ-031,2022-10-31,6689000,6443500,7614900,42.2,11791200,404100,2024-05-26,1,242300,0
PERF-000694,PRJ-031,2022-11-30,7350100,7087100,8399700,46.5,12680600,423600,2024-05-28,1,242300,0
PERF-000695,PRJ-031,2022-12-31,8035100,7755800,9147900,50.8,13806000,489700,2024-05-29,1,242300,0
PERF-000696,PRJ-031,2023-01-31,8717200,8427500,10215600,55.3,13806000,515000,2024-05-30,3,242300,0
PERF-000697,PRJ-031,2023-02-28,9326700,9092600,11167800,59.6,15525900,562000,2024-06-01,2,242300,0
PERF-000698,PRJ-031,2023-03-31,9989600,9818700,11958900,64.4,15525900,622500,2024-06-02,1,242300,0
PERF-000699,PRJ-031,2023-04-30,10614800,10506400,12826800,68.9,17275500,690100,2024-06-04,2,242300,0
PERF-000700,PRJ-031,2023-05-31,11239200,11196700,13326100,73.4,18033300,690100,2024-06-05,2,242300,0
PERF-000701,PRJ-031,2023-06-30,11817900,11840200,14208000,77.6,18355900,734000,2024-06-06,2,242300,0
PERF-000702,PRJ-031,2023-07-31,12384700,12474900,14922900,81.8,18793200,798700,2024-06-07,3,242300,0
PERF-000703,PRJ-031,2023-08-31,12914900,13073800,15545100,85.7,18793200,819100,2024-06-07,3,242300,0
PERF-000704,PRJ-031,2023-09-30,13388600,13614600,16485000,89.3,18938700,819100,2024-06-07,4,242300,0
PERF-000705,PRJ-031,2023-10-31,13832500,14128300,17023400,92.6,18938700,819100,2024-06-07,3,242300,0
PERF-000706,PRJ-031,2023-11-30,14213400,14577000,17023400,95.6,18938700,906400,2024-06-07,3,242300,0
PERF-000707,PRJ-031,2023-12-31,14551900,14985800,17761200,98.3,18938700,912000,2024-06-07,3,242300,0
PERF-000708,PRJ-031,2024-01-31,14829600,15252700,18032500,100.0,18938700,941200,2024-06-07,3,242300,0
PERF-000709,PRJ-031,2024-02-29,15029900,15252700,18032500,100.0,18938700,941200,2024-06-07,3,242300,0
PERF-000710,PRJ-031,2024-03-31,15175900,15252700,18292500,100.0,18938700,944100,2024-06-07,3,242300,0
PERF-000711,PRJ-031,2024-04-30,15245500,15252700,18292500,100.0,18938700,944100,2024-06-07,3,242300,0
PERF-000712,PRJ-031,2024-05-31,15252700,15252700,18410900,100.0,18963200,944100,2024-06-07,3,242300,0
PERF-000713,PRJ-031,2024-06-30,15252700,15252700,18410900,100.0,18963200,944100,2024-06-07,4,242300,8400
PERF-000714,PRJ-032,2023-02-28,114100,99100,105900,0.1,30222900,785900,2025-04-19,0,0,0
PERF-000715,PRJ-032,2023-03-31,1425900,1240700,1348800,0.7,30222900,785900,2025-04-19,0,0,0
PERF-000716,PRJ-032,2023-04-30,4001600,3488500,3733900,2.1,46773400,785900,2025-04-19,0,0,0
PERF-000717,PRJ-032,2023-05-31,7895500,6897500,7443400,4.1,55561000,785900,2025-04-19,0,0,0
PERF-000718,PRJ-032,2023-06-30,12743800,11156600,12205100,6.7,55561000,1388400,2025-04-21,1,0,0
PERF-000719,PRJ-032,2023-07-31,18752300,16454900,17829200,9.9,55561000,1781000,2025-04-23,0,0,2701300
PERF-000720,PRJ-032,2023-08-31,25656300,22568600,24206000,13.6,71979800,1781000,2025-04-26,3,0,2925000
PERF-000721,PRJ-032,2023-09-30,33076600,29169500,31881900,17.5,71979800,2128600,2025-04-29,2,0,3954000
PERF-000722,PRJ-032,2023-10-31,41390500,36602600,40324500,22.0,71979800,2619300,2025-05-02,3,0,3954000
PERF-000723,PRJ-032,2023-11-30,49948900,44297600,48019400,26.6,75610900,2846700,2025-05-05,3,0,3954000
PERF-000724,PRJ-032,2023-12-31,59205100,52672300,59640800,31.6,104195700,3549400,2025-05-09,3,0,4302800
PERF-000725,PRJ-032,2024-01-31,68761200,61380800,68840000,36.9,110789400,3789800,2025-05-13,3,0,4302800
PERF-000726,PRJ-032,2024-02-29,77865200,69743000,78239700,41.9,119472500,4190000,2025-05-16,3,0,4302800
PERF-000727,PRJ-032,2024-03-31,87658600,78820100,88784500,47.3,119472500,4301800,2025-05-20,3,0,4302800
PERF-000728,PRJ-032,2024-04-30,97085400,87650400,99252300,52.7,151490600,4738800,2025-05-24,3,0,4302800
PERF-000729,PRJ-032,2024-05-31,106656600,96727500,110197200,58.1,161066500,4833200,2025-05-28,3,0,4302800
PERF-000730,PRJ-032,2024-06-30,115642300,105374900,116605200,63.3,161066500,5108200,2025-06-01,5,0,4302800
PERF-000731,PRJ-032,2024-07-31,124523900,114074100,128856700,68.5,161066500,6056500,2025-06-05,3,0,4302800
PERF-000732,PRJ-032,2024-08-31,132876000,122436400,139927100,73.5,167013100,6241200,2025-06-08,3,0,4508900
PERF-000733,PRJ-032,2024-09-30,140340900,130116400,145744600,78.2,169217200,6715000,2025-06-12,3,0,4508900
PERF-000734,PRJ-032,2024-10-31,147298500,137531000,159026400,82.6,198263700,6715000,2025-06-13,4,0,4831000
PERF-000735,PRJ-032,2024-11-30,153187700,144110900,167279000,86.6,198263700,7339700,2025-06-13,4,0,4831000
PERF-000736,PRJ-032,2024-12-31,158283600,150199800,170553900,90.2,198263700,7339700,2025-06-13,3,0,4831000
PERF-000737,PRJ-032,2025-01-31,162254200,155470100,179328800,93.4,198263700,7339700,2025-06-13,3,0,4831000
PERF-000738,PRJ-032,2025-02-28,164772900,159445800,188623600,95.8,202841800,7720600,2025-06-13,5,0,4831000
PERF-000739,PRJ-032,2025-03-31,166268400,162888700,190614400,97.8,202841800,7720600,2025-06-13,3,0,4831000
PERF-000740,PRJ-032,2025-04-30,166470500,165172500,190614400,99.2,202841800,7844400,2025-06-13,3,0,4831000
PERF-000741,PRJ-032,2025-05-31,166470500,166354300,195288100,99.9,202841800,7844400,2025-06-13,3,0,4831000
PERF-000742,PRJ-032,2025-06-30,166470500,166470500,195288100,100.0,202841800,8023600,2025-06-13,4,0,4831000
PERF-000743,PRJ-033,2023-05-31,390800,419500,423100,0.1,62051000,0,2025-09-11,0,0,0
PERF-000744,PRJ-033,2023-06-30,2712700,2909700,2980800,1.0,64602600,967200,2025-09-11,0,0,0
PERF-000745,PRJ-033,2023-07-31,7163300,7676000,7975900,2.6,64602600,2843200,2025-09-11,0,0,0
PERF-000746,PRJ-033,2023-08-31,13530000,14483400,15366100,4.9,70570100,2843200,2025-09-11,0,0,0
PERF-000747,PRJ-033,2023-09-30,21354800,22835600,24098600,7.7,86705400,2924800,2025-09-10,0,0,0
PERF-000748,PRJ-033,2023-10-31,30993400,33104600,35209700,11.1,86705400,2924800,2025-09-09,0,0,0
PERF-000749,PRJ-033,2023-11-30,41664900,44450800,46500700,14.9,132881200,3134500,2025-09-07,0,0,0
PERF-000750,PRJ-033,2023-12-31,53914600,57445500,59190200,19.3,142819000,4456600,2025-09-06,0,0,0
PERF-000751,PRJ-033,2024-01-31,67237900,71543600,75243500,24.1,142819000,4502000,2025-09-04,0,0,0
PERF-000752,PRJ-033,2024-02-29,80522400,85562700,88727000,28.8,155960200,5462400,2025-09-02,1,0,0
PERF-000753,PRJ-033,2024-03-31,95438900,101256400,107370900,34.1,155960200,7706600,2025-08-31,1,0,0
PERF-000754,PRJ-033,2024-04-30,110421100,116965200,123845600,39.3,195122000,8895600,2025-08-29,0,0,5891700
PERF-000755,PRJ-033,2024-05-31,126301800,133551500,140590100,44.9,226731400,10194500,2025-08-27,0,0,5891700
PERF-000756,PRJ-033,2024-06-30,141897400,149768100,158321600,50.4,226731400,10194500,2025-08-25,0,0,5891700
PERF-000757,PRJ-033,2024-07-31,158081500,166839700,178838500,56.1,231077200,10493700,2025-08-23,0,0,5891700
PERF-000758,PRJ-033,2024-08-31,174166400,185218300,200037200,62.3,248557500,12872900,2025-08-21,2,0,7224000
PERF-000759,PRJ-033,2024-09-30,189477400,202591200,216706100,68.1,258997300,12872900,2025-08-18,0,0,7224000
PERF-000760,PRJ-033,2024-10-31,204869000,219911200,230135400,74.0,316427400,13925400,2025-08-16,0,0,7224000
PERF-000761,PRJ-033,2024-11-30,219189100,235864000,249275300,79.3,319523900,14605300,2025-08-14,1,0,7224000
PERF-000762,PRJ-033,2024-12-31,233226400,251307800,262393800,84.5,319803400,14605300,2025-08-14,1,0,7224000
PERF-000763,PRJ-033,2025-01-31,246322200,265484800,282770300,89.3,326234400,14954600,2025-08-14,0,0,7224000
PERF-000764,PRJ-033,2025-02-28,257199400,277025400,284119000,93.2,326234400,17024500,2025-08-14,0,644200,7224000
PERF-000765,PRJ-033,2025-03-31,268031800,288208200,296684400,96.9,326234400,17544200,2025-08-14,1,644200,7224000
PERF-000766,PRJ-033,2025-04-30,277148200,297242700,306723800,100.0,326234400,17544200,2025-08-14,0,644200,7224000
PERF-000767,PRJ-033,2025-05-31,284990200,297370800,306723800,100.0,326234400,18207900,2025-08-14,1,644200,7224000
PERF-000768,PRJ-033,2025-06-30,290893000,297370800,306723800,100.0,326234400,18207900,2025-08-14,0,644200,7224000
PERF-000769,PRJ-033,2025-07-31,295084000,297370800,312104000,100.0,326234400,18207900,2025-08-14,0,644200,7224000
PERF-000770,PRJ-033,2025-08-31,297166200,297370800,312104000,100.0,326234400,18207900,2025-08-14,1,644200,7224000
PERF-000771,PRJ-034,2022-01-31,4564500,4266100,4865700,7.1,15826800,434900,2024-06-12,0,0,0
PERF-000772,PRJ-034,2022-02-28,6017200,5628400,6480900,9.4,21442900,528000,2024-06-13,0,0,0
PERF-000773,PRJ-034,2022-03-31,7811600,7313800,8212900,12.2,23800300,739000,2024-06-15,0,0,929800
PERF-000774,PRJ-034,2022-04-30,9716800,9106300,10304200,15.2,25061200,879200,2024-06-16,0,0,929800
PERF-000775,PRJ-034,2022-05-31,11840800,11108500,12774600,18.5,29270000,1147900,2024-06-18,1,0,1916400
PERF-000776,PRJ-034,2022-06-30,14028700,13175000,14785500,22.0,33454700,1147900,2024-06-19,1,114900,1916400
PERF-000777,PRJ-034,2022-07-31,16407500,15426800,17726800,25.7,33454700,1511700,2024-06-21,1,114900,1916400
PERF-000778,PRJ-034,2022-08-31,18887000,17779600,20668500,29.6,33454700,1511700,2024-06-23,1,114900,1916400
PERF-000779,PRJ-034,2022-09-30,21364300,20136400,23100100,33.6,40968600,1735100,2024-06-25,1,114900,1916400
PERF-000780,PRJ-034,2022-10-31,23985600,22637400,25648900,37.7,43368600,1786700,2024-06-27,2,114900,1916400
PERF-000781,PRJ-034,2022-11-30,26563900,25105100,28936700,41.9,47090700,1823000,2024-06-29,2,114900,1916400
PERF-000782,PRJ-034,2022-12-31,29252100,27687000,32303700,46.2,47090700,2182300,2024-07-01,2,114900,1916400
PERF-000783,PRJ-034,2023-01-31,31945600,30284400,36487700,50.5,54459300,2378400,2024-07-03,2,114900,2026300
PERF-000784,PRJ-034,2023-02-28,34367000,32629200,38913700,54.4,55477600,2463600,2024-07-05,2,114900,2026300
PERF-000785,PRJ-034,2023-03-31,37017200,35208000,41617200,58.7,55477600,2463600,2024-07-07,2,114900,2026300
PERF-000786,PRJ-034,2023-04-30,39533700,37670400,45542500,62.8,63723200,2562100,2024-07-09,2,114900,2195200
PERF-000787,PRJ-034,2023-05-31,42065400,40163700,49039800,67.0,63723200,2872000,2024-07-11,2,114900,2195200
PERF-000788,PRJ-034,2023-06-30,44431000,42511000,50949100,70.9,64216500,2905900,2024-07-13,2,114900,2195200
PERF-000789,PRJ-034,2023-07-31,46769400,44851700,53614800,74.8,67335200,2935600,2024-07-15,2,114900,2195200
PERF-000790,PRJ-034,2023-08-31,48980800,47089200,56263600,78.5,73818200,3254800,2024-07-16,2,114900,2195200
PERF-000791,PRJ-034,2023-09-30,50981800,49139700,58203400,81.9,73818200,3254800,2024-07-17,2,114900,2195200
PERF-000792,PRJ-034,2023-10-31,52886900,51123200,61846500,85.2,73818200,3254800,2024-07-17,3,114900,2195200
PERF-000793,PRJ-034,2023-11-30,54555300,52895500,63302300,88.2,73818200,3359000,2024-07-17,2,114900,2195200
PERF-000794,PRJ-034,2023-12-31,56079200,54557800,65723600,91.0,74425500,3614600,2024-07-17,2,114900,2195200
PERF-000795,PRJ-034,2024-01-31,57380700,56031100,66440900,93.4,74425500,3731200,2024-07-17,2,114900,2195200
PERF-000796,PRJ-034,2024-02-29,58379800,57222900,71217100,95.4,76890300,3803800,2024-07-17,2,388000,2195200
PERF-000797,PRJ-034,2024-03-31,59195900,58281200,72183100,97.2,76890300,3899800,2024-07-17,2,388000,2195200
PERF-000798,PRJ-034,2024-04-30,59720100,59077100,73042200,98.5,76890300,3899800,2024-07-17,2,388000,2424200
PERF-000799,PRJ-034,2024-05-31,59968400,59646700,73042200,99.4,76890300,4126800,2024-07-17,3,388000,2424200
PERF-000800,PRJ-034,2024-06-30,59981900,59937200,73796300,99.9,76890300,4126800,2024-07-17,2,388000,2424200
PERF-000801,PRJ-034,2024-07-31,59981900,59981900,74482300,100.0,76890300,4126800,2024-07-17,5,388000,2424200
PERF-000802,PRJ-035,2022-10-31,310000,270400,281700,0.2,40219300,437200,2024-09-15,0,0,0
PERF-000803,PRJ-035,2022-11-30,2140600,1871000,1931000,1.2,40219300,508600,2024-09-15,1,0,0
PERF-000804,PRJ-035,2022-12-31,5619300,4922500,5223700,3.1,41751200,529000,2024-09-15,2,0,0
PERF-000805,PRJ-035,2023-01-31,10547500,9261200,9777100,5.8,43938100,712300,2024-09-17,2,0,0
PERF-000806,PRJ-035,2023-02-28,16106800,14174600,15144000,8.9,43938100,779600,2024-09-19,2,0,164400
PERF-000807,PRJ-035,2023-03-31,23336200,20591500,21821000,12.9,59717700,779600,2024-09-21,4,0,164400
PERF-000808,PRJ-035,2023-04-30,31256600,27656400,29401100,17.3,71017500,1051800,2024-09-24,1,0,164400
PERF-000809,PRJ-035,2023-05-31,40235100,35709400,38746200,22.4,71017500,1312900,2024-09-27,1,0,164400
PERF-000810,PRJ-035,2023-06-30,49538100,44105400,47122400,27.7,76169600,1580400,2024-09-30,2,0,164400
PERF-000811,PRJ-035,2023-07-31,59624800,53273200,57719100,33.4,93015000,1862800,2024-10-04,1,0,164400
PERF-000812,PRJ-035,2023-08-31,70029200,62807800,68899500,39.4,107360300,2382800,2024-10-08,2,0,164400
PERF-000813,PRJ-035,2023-09-30,80244400,72257500,80741000,45.3,112221300,2382800,2024-10-11,2,0,164400
PERF-000814,PRJ-035,2023-10-31,90790600,82121100,88674600,51.5,114515600,2496300,2024-10-15,1,0,164400
PERF-000815,PRJ-035,2023-11-30,100833000,91636900,98390500,57.5,137466400,2596300,2024-10-19,2,0,164400
PERF-000816,PRJ-035,2023-12-31,110880200,101308200,111127400,63.5,159557500,3167400,2024-10-23,2,0,534200
PERF-000817,PRJ-035,2024-01-31,120428300,110682200,123115600,69.4,169014300,3307200,2024-10-26,1,0,534200
PERF-000818,PRJ-035,2024-02-29,128761800,119062900,132243200,74.7,177331600,3585600,2024-10-30,1,0,534200
PERF-000819,PRJ-035,2024-03-31,136873600,127478900,141359800,79.9,177331600,3770700,2024-11-02,1,0,1487900
PERF-000820,PRJ-035,2024-04-30,143787700,134965500,149166300,84.6,177331600,4060700,2024-11-02,1,0,1487900
PERF-000821,PRJ-035,2024-05-31,149803800,141890700,157929800,89.0,182815600,4060700,2024-11-02,2,0,1487900
PERF-000822,PRJ-035,2024-06-30,154379700,147682400,166796400,92.6,185507300,4621400,2024-11-02,1,0,1487900
PERF-000823,PRJ-035,2024-07-31,157659300,152595800,171732200,95.7,185507300,4621400,2024-11-02,3,0,1487900
PERF-000824,PRJ-035,2024-08-31,159302700,156286900,176908400,98.0,185921300,4621400,2024-11-02,1,0,1487900
PERF-000825,PRJ-035,2024-09-30,159465200,158568600,180181400,99.4,186636200,4738600,2024-11-02,2,0,1487900
PERF-000826,PRJ-035,2024-10-31,159465200,159461800,180181400,100.0,186636200,4962000,2024-11-02,1,0,1487900
PERF-000827,PRJ-035,2024-11-30,159465200,159465200,180980800,100.0,186636200,5005700,2024-11-02,1,0,1487900
PERF-000828,PRJ-036,2024-07-31,10700,10100,10700,0.1,2487900,21900,2026-09-19,1,0,0
PERF-000829,PRJ-036,2024-08-31,119000,112800,117200,0.8,3868500,21900,2026-09-19,1,0,0
PERF-000830,PRJ-036,2024-09-30,327800,310900,328500,2.3,3868500,21900,2026-09-19,2,0,24400
PERF-000831,PRJ-036,2024-10-31,641600,609000,631700,4.6,3868500,121700,2026-09-19,1,0,24400
PERF-000832,PRJ-036,2024-11-30,1031300,979700,1036900,7.3,3870600,121700,2026-09-20,1,0,24400
PERF-000833,PRJ-036,2024-12-31,1513400,1439000,1506800,10.8,3870600,167400,2026-09-21,1,0,71400
PERF-000834,PRJ-036,2025-01-31,2066700,1967000,2100200,14.7,5164400,167400,2026-09-22,1,0,71400
PERF-000835,PRJ-036,2025-02-28,2619800,2495800,2631700,18.7,6565600,167400,2026-09-23,2,0,71400
PERF-000836,PRJ-036,2025-03-31,3282300,3130300,3311600,23.5,6845600,175000,2026-09-24,2,0,71400
PERF-000837,PRJ-036,2025-04-30,3964700,3785500,4047300,28.4,6845600,231800,2026-09-26,1,0,132200
PERF-000838,PRJ-036,2025-05-31,4703400,4496400,4732700,33.7,7208100,317300,2026-09-27,1,0,132200
PERF-000839,PRJ-036,2025-06-30,5441700,5208900,5632000,39.0,9381600,317300,2026-09-29,2,0,139900
PERF-000840,PRJ-036,2025-07-31,6219400,5962000,6327500,44.7,10225200,341400,2026-09-30,2,0,162000
PERF-000841,PRJ-036,2025-08-31,7002600,6723300,7160600,50.4,10849200,366400,2026-10-02,1,0,162000
PERF-000842,PRJ-036,2025-09-30,7756900,7459600,7944400,55.9,11383400,458400,2026-10-03,2,0,162000
PERF-000843,PRJ-036,2025-10-31,8523100,8211400,8828500,61.5,12674600,458400,2026-10-05,2,0,366500
PERF-000844,PRJ-036,2025-11-30,9242800,8921800,9582600,66.8,12674600,493200,2026-10-06,1,0,366500
PERF-000845,PRJ-036,2025-12-31,9954800,9629800,10410300,72.1,12674600,559200,2026-10-08,2,0,366500
PERF-000846,PRJ-037,2022-10-31,156600,151800,155300,0.2,11415700,311400,2025-01-11,0,0,0
PERF-000847,PRJ-037,2022-11-30,900700,873500,890900,1.1,16296600,318100,2025-01-11,1,197600,0
PERF-000848,PRJ-037,2022-12-31,2267600,2200000,2229000,2.7,16296600,614400,2025-01-11,1,197600,0
PERF-000849,PRJ-037,2023-01-31,4190400,4067400,4197100,5.0,27513000,974300,2025-01-11,1,197600,0
PERF-000850,PRJ-037,2023-02-28,6361400,6177500,6344800,7.6,27513000,974300,2025-01-11,1,197600,0
PERF-000851,PRJ-037,2023-03-31,9197700,8936400,9248600,11.0,31513000,974300,2025-01-12,1,197600,0
PERF-000852,PRJ-037,2023-04-30,12327900,11983800,12274200,14.7,31513000,1125800,2025-01-12,3,197600,0
PERF-000853,PRJ-037,2023-05-31,15909600,15474400,15808900,19.0,31513000,1139400,2025-01-13,1,197600,0
PERF-000854,PRJ-037,2023-06-30,19663000,19136400,19750700,23.5,39332300,1327000,2025-01-14,2,197600,0
PERF-000855,PRJ-037,2023-07-31,23787500,23165500,24387000,28.4,44103500,1640900,2025-01-15,1,197600,0
PERF-000856,PRJ-037,2023-08-31,28110300,27394200,28347000,33.6,44103500,2005400,2025-01-15,1,197600,0
PERF-000857,PRJ-037,2023-09-30,32433100,31629500,32837200,38.8,47725900,2146000,2025-01-16,1,197600,460000
PERF-000858,PRJ-037,2023-10-31,36993200,36105300,37991500,44.3,55481200,2473400,2025-01-17,3,786500,460000
PERF-000859,PRJ-037,2023-11-30,41447700,40486200,42062400,49.6,57119600,2724500,2025-01-18,1,786500,460000
PERF-000860,PRJ-037,2023-12-31,46042700,45015800,47413200,55.2,66339400,3012900,2025-01-19,1,786500,460000
PERF-000861,PRJ-037,2024-01-31,50577800,49498700,51705500,60.7,66339400,3012900,2025-01-20,2,786500,460000
PERF-000862,PRJ-037,2024-02-29,54719800,53605900,55997800,65.7,67404900,3595500,2025-01-21,2,786500,460000
PERF-000863,PRJ-037,2024-03-31,58990400,57856700,61366600,70.9,75919300,3757000,2025-01-22,3,786500,460000
PERF-000864,PRJ-037,2024-04-30,62920500,61787000,66658200,75.8,79123600,4130500,2025-01-22,2,786500,460000
PERF-000865,PRJ-037,2024-05-31,66721300,65610200,69312200,80.4,88744300,4130500,2025-01-23,2,786500,460000
PERF-000866,PRJ-037,2024-06-30,70098900,69033100,75181700,84.6,91486500,4130500,2025-01-23,2,786500,460000
PERF-000867,PRJ-037,2024-07-31,73227400,72235500,76107900,88.6,91486500,4518200,2025-01-23,2,786500,460000
PERF-000868,PRJ-037,2024-08-31,75936600,75048300,81166000,92.0,91486500,4954800,2025-01-23,2,843200,460000
PERF-000869,PRJ-037,2024-09-30,78110000,77352400,81749100,94.8,91486500,5003100,2025-01-23,2,843200,460000
PERF-000870,PRJ-037,2024-10-31,79841500,79253000,83986100,97.2,91486500,5003100,2025-01-23,2,843200,460000
PERF-000871,PRJ-037,2024-11-30,80970600,80580800,87665400,98.8,91486500,5003100,2025-01-23,3,843200,460000
PERF-000872,PRJ-037,2024-12-31,81521900,81375900,87665400,99.8,91486500,5003100,2025-01-23,3,843200,460000
PERF-000873,PRJ-037,2025-01-31,81557700,81557700,87724100,100.0,91486500,5131900,2025-01-23,3,843200,460000
PERF-000874,PRJ-038,2022-06-30,39700,29300,32400,0.1,4908700,47900,2024-02-20,1,0,0
PERF-000875,PRJ-038,2022-07-31,360900,267600,285900,1.2,5753000,97800,2024-02-20,1,0,0
PERF-000876,PRJ-038,2022-08-31,975100,727100,784600,3.3,6983400,97800,2024-02-20,1,0,0
PERF-000877,PRJ-038,2022-09-30,1815500,1361500,1497100,6.1,6983400,173200,2024-02-23,0,0,0
PERF-000878,PRJ-038,2022-10-31,2904100,2191500,2432700,9.8,7271000,173200,2024-02-27,1,0,0
PERF-000879,PRJ-038,2022-11-30,4137700,3143000,3458900,14.1,8307100,181600,2024-03-04,1,0,0
PERF-000880,PRJ-038,2022-12-31,5564700,4257800,4581600,19.1,10924700,263300,2024-03-10,2,45500,0
PERF-000881,PRJ-038,2023-01-31,7111700,5484400,6061400,24.6,11804600,383800,2024-03-17,1,45500,70400
PERF-000882,PRJ-038,2023-02-28,8582800,6670000,7371300,29.9,13888400,390400,2024-03-24,1,45500,70400
PERF-000883,PRJ-038,2023-03-31,10261100,8048300,9113200,36.1,13888400,390400,2024-04-01,2,45500,70400
PERF-000884,PRJ-038,2023-04-30,11902900,9427500,10524100,42.3,15477400,482200,2024-04-08,1,45500,70400
PERF-000885,PRJ-038,2023-05-31,13583400,10878200,12197800,48.8,17909600,514600,2024-04-17,2,105000,70400
PERF-000886,PRJ-038,2023-06-30,15161600,12286100,14042000,55.2,19399900,568400,2024-04-25,1,105000,70400
PERF-000887,PRJ-038,2023-07-31,16708600,13723400,15891200,61.6,22029600,738900,2024-05-03,2,105000,70400
PERF-000888,PRJ-038,2023-08-31,18135600,15121100,17345700,67.9,22029600,789600,2024-05-11,1,105000,135600
PERF-000889,PRJ-038,2023-09-30,19369200,16415000,19374500,73.7,24981100,789600,2024-05-18,1,105000,135600
PERF-000890,PRJ-038,2023-10-31,20457800,17670000,20442600,79.3,24981100,875800,2024-05-25,1,105000,135600
PERF-000891,PRJ-038,2023-11-30,21298200,18784300,21577600,84.3,25643100,959300,2024-05-26,1,105000,135600
PERF-000892,PRJ-038,2023-12-31,21912400,19810700,23512000,88.9,27227700,959300,2024-05-26,1,105000,135600
PERF-000893,PRJ-038,2024-01-31,22233600,20688100,24048700,92.9,27227700,994600,2024-05-26,2,105000,174000
PERF-000894,PRJ-038,2024-02-29,22273300,21354400,24677800,95.9,27227700,1043400,2024-05-26,2,155600,174000
PERF-000895,PRJ-038,2024-03-31,22273300,21880500,26138000,98.2,27405500,1045900,2024-05-26,3,155600,174000
PERF-000896,PRJ-038,2024-04-30,22273300,22186100,26312800,99.6,27405500,1045900,2024-05-26,4,155600,174000
PERF-000897,PRJ-038,2024-05-31,22273300,22273300,26865200,100.0,27671200,1045900,2024-05-26,3,155600,174000
PERF-000898,PRJ-039,2022-05-31,53000,46100,48800,0.1,9926300,16800,2024-02-19,2,0,0
PERF-000899,PRJ-039,2022-06-30,507300,441800,454400,1.2,10871300,281000,2024-02-19,0,0,0
PERF-000900,PRJ-039,2022-07-31,1424100,1243300,1328600,3.3,10871300,281000,2024-02-19,0,0,0
PERF-000901,PRJ-039,2022-08-31,2745100,2403000,2560100,6.4,11687100,281000,2024-02-21,1,0,0
PERF-000902,PRJ-039,2022-09-30,4360400,3827600,4016100,10.2,11687100,281000,2024-02-23,0,0,0
PERF-000903,PRJ-039,2022-10-31,6327800,5571700,5890200,14.8,14832000,464200,2024-02-26,0,0,0
PERF-000904,PRJ-039,2022-11-30,8473000,7484400,7863200,19.9,17248000,464200,2024-02-29,0,0,0
PERF-000905,PRJ-039,2022-12-31,10889300,9653000,10051300,25.7,18686200,530900,2024-03-03,0,0,0
PERF-000906,PRJ-039,2023-01-31,13457800,11976100,12531200,31.8,22545300,530900,2024-03-07,1,0,60400
PERF-000907,PRJ-039,2023-02-28,15866300,14172900,15122000,37.7,22548000,541300,2024-03-10,1,0,120800
PERF-000908,PRJ-039,2023-03-31,18583700,16675900,18012200,44.3,27316500,634400,2024-03-14,2,0,269200
PERF-000909,PRJ-039,2023-04-30,21217900,19131700,20335700,50.9,31405200,1006700,2024-03-18,1,0,269200
PERF-000910,PRJ-039,2023-05-31,23894800,21663500,23267400,57.6,31405200,1006700,2024-03-22,1,0,269200
PERF-000911,PRJ-039,2023-06-30,26394200,24069800,26227200,64.0,34555800,1006700,2024-03-26,2,0,269200
PERF-000912,PRJ-039,2023-07-31,28832900,26470700,28491600,70.4,37746000,1191800,2024-03-29,4,0,269200
PERF-000913,PRJ-039,2023-08-31,31074900,28743700,31050100,76.4,41197900,1191800,2024-04-02,2,0,269200
PERF-000914,PRJ-039,2023-09-30,33009100,30782800,34069600,81.9,42871500,1279800,2024-04-04,2,0,269200
PERF-000915,PRJ-039,2023-10-31,34714900,32683700,35834300,86.9,42871500,1576900,2024-04-04,2,0,433900
PERF-000916,PRJ-039,2023-11-30,36034500,34285300,37032600,91.2,42871500,1576900,2024-04-04,3,0,433900
PERF-000917,PRJ-039,2023-12-31,37006300,35654300,38949500,94.8,42871500,1576900,2024-04-04,3,0,433900
PERF-000918,PRJ-039,2024-01-31,37529400,36691700,40684000,97.6,42950300,1576900,2024-04-04,3,0,433900
PERF-000919,PRJ-039,2024-02-29,37607400,37325300,40684000,99.2,42950300,1576900,2024-04-04,2,59200,433900
PERF-000920,PRJ-039,2024-03-31,37607400,37603600,41506600,100.0,42950300,1597400,2024-04-04,3,59200,433900
PERF-000921,PRJ-039,2024-04-30,37607400,37607400,42019900,100.0,43280500,1597400,2024-04-04,2,59200,433900
PERF-000922,PRJ-040,2022-10-31,56600,49600,53800,0.1,20785600,90100,2025-06-20,0,0,0
PERF-000923,PRJ-040,2022-11-30,547800,480500,521800,0.5,20785600,168100,2025-06-20,0,0,0
PERF-000924,PRJ-040,2022-12-31,1556900,1367700,1448700,1.5,20785600,348900,2025-06-20,0,0,492100
PERF-000925,PRJ-040,2023-01-31,3040400,2675000,2850900,2.9,24964500,442300,2025-06-20,0,0,492100
PERF-000926,PRJ-040,2023-02-28,4758300,4192600,4522200,4.5,24964500,442300,2025-06-21,0,0,492100
PERF-000927,PRJ-040,2023-03-31,7046100,6218800,6605900,6.7,24964500,637300,2025-06-23,1,0,492100
PERF-000928,PRJ-040,2023-04-30,9613400,8499200,9023800,9.2,34444000,678100,2025-06-25,1,0,492100
PERF-000929,PRJ-040,2023-05-31,12596700,11157300,12176300,12.1,35692600,786400,2025-06-27,1,0,492100
PERF-000930,PRJ-040,2023-06-30,15770300,13994400,15349700,15.2,42042100,1039900,2025-06-30,1,0,492100
PERF-000931,PRJ-040,2023-07-31,19311000,17171300,18877300,18.6,42042100,1039900,2025-07-03,3,0,492100
PERF-000932,PRJ-040,2023-08-31,23082000,20568300,22955200,22.3,42042100,1043100,2025-07-06,2,0,492100
PERF-000933,PRJ-040,2023-09-30,26917000,24037900,26059300,26.1,47126400,1308000,2025-07-09,2,0,492100
PERF-000934,PRJ-040,2023-10-31,31037000,27782900,30979800,30.1,52362300,1308000,2025-07-12,2,0,492100
PERF-000935,PRJ-040,2023-11-30,35142800,31534500,35218600,34.2,60669400,1498800,2025-07-16,2,0,492100
PERF-000936,PRJ-040,2023-12-31,39473400,35514300,39756300,38.5,67302900,1689200,2025-07-19,2,0,492100
PERF-000937,PRJ-040,2024-01-31,43858200,39570000,44207100,42.9,67302900,1803200,2025-07-23,2,0,492100
PERF-000938,PRJ-040,2024-02-29,47977400,43406900,47624400,47.0,67302900,1969500,2025-07-26,3,0,492100
PERF-000939,PRJ-040,2024-03-31,52365500,47526400,53460500,51.5,70345500,2289500,2025-07-30,3,0,492100
PERF-000940,PRJ-040,2024-04-30,56564200,51504000,57753300,55.8,70627500,2302900,2025-08-03,2,0,492100
PERF-000941,PRJ-040,2024-05-31,60818700,55576300,62057900,60.2,88484400,2530200,2025-08-06,3,0,492100
PERF-000942,PRJ-040,2024-06-30,64821100,59453300,67025700,64.4,92092500,2706800,2025-08-10,4,0,492100
PERF-000943,PRJ-040,2024-07-31,68803600,63365000,72560900,68.7,97165100,2804500,2025-08-14,4,0,492100
PERF-000944,PRJ-040,2024-08-31,72595000,67151800,75596900,72.8,97165100,2963200,2025-08-17,5,0,962300
PERF-000945,PRJ-040,2024-09-30,76048500,70669900,82388800,76.6,103454000,3116700,2025-08-20,4,0,962300
PERF-000946,PRJ-040,2024-10-31,79359600,74125400,86211200,80.3,110523400,3374900,2025-08-23,4,0,962300
PERF-000947,PRJ-040,2024-11-30,82281300,77268100,90619400,83.7,111449600,3374900,2025-08-23,4,0,962300
PERF-000948,PRJ-040,2024-12-31,84973800,80279200,91080000,87.0,111449600,3374900,2025-08-23,4,0,962300
PERF-000949,PRJ-040,2025-01-31,87299000,83020900,95176500,90.0,111449600,3528700,2025-08-23,5,0,962300
PERF-000950,PRJ-040,2025-02-28,89053700,85241600,99930500,92.4,111449600,3528700,2025-08-23,5,0,1445500
PERF-000951,PRJ-040,2025-03-31,90581200,87390100,100088700,94.7,111449600,3599000,2025-08-23,5,0,1445500
PERF-000952,PRJ-040,2025-04-30,91611400,89132500,103350200,96.6,111449600,3599000,2025-08-23,5,0,1445500
PERF-000953,PRJ-040,2025-05-31,92178200,90556300,105639400,98.2,111449600,3806800,2025-08-23,6,0,1445500
PERF-000954,PRJ-040,2025-06-30,92261500,91542500,105639400,99.2,111449600,3827000,2025-08-23,6,0,1445500
PERF-000955,PRJ-040,2025-07-31,92261500,92128400,107627000,99.9,111449600,3965200,2025-08-23,6,0,1445500
PERF-000956,PRJ-040,2025-08-31,92261500,92261500,107627000,100.0,111449600,3965200,2025-08-23,6,0,1712100
PERF-000957,PRJ-041,2023-05-31,185500,184100,189700,0.5,9892200,42700,2024-11-09,0,0,0
PERF-000958,PRJ-041,2023-06-30,997500,990500,1014900,2.5,9892200,194100,2024-11-09,0,0,0
PERF-000959,PRJ-041,2023-07-31,2439400,2422700,2532700,6.1,9892200,263600,2024-11-09,0,0,0
PERF-000960,PRJ-041,2023-08-31,4409600,4380200,4559700,11.0,15232200,420100,2024-11-09,0,0,0
PERF-000961,PRJ-041,2023-09-30,6738900,6695300,6839400,16.9,15232200,521600,2024-11-09,0,0,0
PERF-000962,PRJ-041,2023-10-31,9499700,9440100,9849300,23.8,19185700,570000,2024-11-10,1,0,0
PERF-000963,PRJ-041,2023-11-30,12434200,12359000,12721700,31.1,19185700,764600,2024-11-10,2,0,0
PERF-000964,PRJ-041,2023-12-31,15655200,15564500,16232600,39.2,25097000,799200,2024-11-10,0,0,133700
PERF-000965,PRJ-041,2024-01-31,18983400,18878800,19710200,47.6,29213300,1094800,2024-11-10,0,155400,257500
PERF-000966,PRJ-041,2024-02-29,22118600,22003100,23295200,55.4,33822000,1309200,2024-11-10,0,155400,257500
PERF-000967,PRJ-041,2024-03-31,25412200,25288500,26447300,63.7,33822000,1435800,2024-11-11,0,155400,683100
PERF-000968,PRJ-041,2024-04-30,28464300,28336500,30505100,71.4,41311600,1465000,2024-11-11,0,483300,683100
PERF-000969,PRJ-041,2024-05-31,31395200,31268400,33703400,78.8,41311600,1832000,2024-11-11,1,483300,683100
PERF-000970,PRJ-041,2024-06-30,33936400,33816300,36320900,85.2,43918100,1832400,2024-11-11,0,483300,683100
PERF-000971,PRJ-041,2024-07-31,36174200,36067900,39194700,90.9,44434400,1919800,2024-11-11,0,483300,683100
PERF-000972,PRJ-041,2024-08-31,37933200,37848700,41037900,95.3,44434400,2108100,2024-11-11,0,483300,683100
PERF-000973,PRJ-041,2024-09-30,39099300,39044200,41450100,98.4,44434400,2108100,2024-11-11,0,483300,683100
PERF-000974,PRJ-041,2024-10-31,39667200,39652000,43666000,99.9,45029000,2108100,2024-11-11,0,483300,683100
PERF-000975,PRJ-041,2024-11-30,39698700,39698700,43666000,100.0,45029000,2108100,2024-11-11,0,483300,683100
PERF-000976,PRJ-042,2022-01-31,1000500,1000500,1036200,12.0,2825400,50100,2023-10-13,0,0,9300
PERF-000977,PRJ-042,2022-02-28,1317600,1317600,1381500,15.8,3527200,75000,2023-10-13,0,0,9300
PERF-000978,PRJ-042,2022-03-31,1704800,1704800,1797900,20.4,3527200,75000,2023-10-13,0,0,9300
PERF-000979,PRJ-042,2022-04-30,2110200,2110200,2213300,25.3,4086000,87300,2023-10-13,0,0,9300
PERF-000980,PRJ-042,2022-05-31,2555000,2555000,2723600,30.6,4086000,117700,2023-10-13,0,0,9300
PERF-000981,PRJ-042,2022-06-30,3004800,3004800,3229600,36.0,4447900,138100,2023-10-13,0,0,9300
PERF-000982,PRJ-042,2022-07-31,3483800,3483800,3703000,41.8,5829500,157300,2023-10-13,0,0,9300
PERF-000983,PRJ-042,2022-08-31,3971200,3971200,4230100,47.6,6357700,168300,2023-10-13,0,0,9300
PERF-000984,PRJ-042,2022-09-30,4445300,4445300,4710700,53.3,6753300,177300,2023-10-13,1,0,9300
PERF-000985,PRJ-042,2022-10-31,4931700,4931700,5237700,59.2,6753300,184700,2023-10-13,0,0,9300
PERF-000986,PRJ-042,2022-11-30,5393600,5393600,5719900,64.7,7192700,222900,2023-10-13,0,0,9300
PERF-000987,PRJ-042,2022-12-31,5855800,5855800,6259700,70.2,8690800,234900,2023-10-13,1,0,9300
PERF-000988,PRJ-042,2023-01-31,6296700,6296700,6812500,75.5,9129000,253600,2023-10-13,0,0,9300
PERF-000989,PRJ-042,2023-02-28,6671700,6671700,7228500,80.0,9304300,259500,2023-10-13,0,0,9300
PERF-000990,PRJ-042,2023-03-31,7055500,7055500,7601200,84.6,9304300,268300,2023-10-13,1,0,69500
PERF-000991,PRJ-042,2023-04-30,7390000,7390000,8110800,88.6,9425300,301900,2023-10-13,2,0,69500
PERF-000992,PRJ-042,2023-05-31,7691800,7691800,8401400,92.3,9425300,311300,2023-10-13,3,0,69500
PERF-000993,PRJ-042,2023-06-30,7935800,7935800,8615700,95.2,9425300,319400,2023-10-13,2,0,69500
PERF-000994,PRJ-042,2023-07-31,8132200,8132200,8955300,97.5,9456900,335300,2023-10-13,2,0,86100
PERF-000995,PRJ-042,2023-08-31,8266300,8266300,9103400,99.1,9457200,335300,2023-10-13,3,0,86100
PERF-000996,PRJ-042,2023-09-30,8330800,8330800,9359700,99.9,9648200,343800,2023-10-13,2,0,86100
PERF-000997,PRJ-042,2023-10-31,8337500,8337500,9359700,100.0,9648200,344100,2023-10-13,2,0,86100
PERF-000998,PRJ-043,2022-12-31,256600,236600,261300,0.1,54813400,2142400,2025-06-16,0,0,0
PERF-000999,PRJ-043,2023-01-31,1998500,1844600,2006800,0.7,54813400,2142400,2025-06-16,0,0,0
PERF-001000,PRJ-043,2023-02-28,4903900,4530500,4998800,1.8,54813400,2142400,2025-06-16,1,0,681800
PERF-001001,PRJ-043,2023-03-31,9487400,8774000,9736400,3.5,56219600,2468000,2025-06-16,1,0,681800
PERF-001002,PRJ-043,2023-04-30,15183700,14056700,15296600,5.6,76340700,2468000,2025-06-17,1,0,681800
PERF-001003,PRJ-043,2023-05-31,22258300,20629700,22876700,8.3,78089800,2631900,2025-06-18,1,0,681800
PERF-001004,PRJ-043,2023-06-30,30145500,27972200,31154700,11.2,100559000,3456700,2025-06-19,1,0,681800
PERF-001005,PRJ-043,2023-07-31,39256900,36472700,40238000,14.6,100559000,3916000,2025-06-21,1,0,681800
PERF-001006,PRJ-043,2023-08-31,49229400,45798600,50132800,18.3,100559000,3916000,2025-06-23,1,0,681800
PERF-001007,PRJ-043,2023-09-30,59589400,55511900,61386500,22.2,114824700,4898800,2025-06-25,1,0,681800
PERF-001008,PRJ-043,2023-10-31,70913400,66159100,72670900,26.5,114824700,4898800,2025-06-27,1,0,681800
PERF-001009,PRJ-043,2023-11-30,82361700,76956500,85952100,30.8,128653000,6802400,2025-06-29,1,0,681800
PERF-001010,PRJ-043,2023-12-31,94583200,88523000,99285800,35.4,134677300,8028500,2025-07-01,1,0,681800
PERF-001011,PRJ-043,2024-01-31,107086600,100402600,114683500,40.2,163848100,8028500,2025-07-03,1,0,681800
PERF-001012,PRJ-043,2024-02-29,118934700,111707200,125909400,44.7,191267400,8271500,2025-07-05,2,0,681800
PERF-001013,PRJ-043,2024-03-31,131650600,123897900,140753300,49.6,217891800,9081500,2025-07-08,3,0,681800
PERF-001014,PRJ-043,2024-04-30,143898000,135704300,154749000,54.3,232351000,9768300,2025-07-10,2,0,907600
PERF-001015,PRJ-043,2024-05-31,156379200,148972800,173539700,59.6,232351000,11607600,2025-07-12,1,0,907600
PERF-001016,PRJ-043,2024-06-30,168179800,161786500,188735100,64.8,249033900,12639600,2025-07-15,1,0,907600
PERF-001017,PRJ-043,2024-07-31,179972200,174702000,194259500,69.9,249033900,12639600,2025-07-17,2,0,907600
PERF-001018,PRJ-043,2024-08-31,191240400,187172900,208430400,74.9,262211700,12824500,2025-07-20,1,0,1548400
PERF-001019,PRJ-043,2024-09-30,201535600,198709400,224719500,79.6,290932300,14679800,2025-07-22,1,0,1548400
PERF-001020,PRJ-043,2024-10-31,211429800,209968500,232296900,84.1,290932300,14769400,2025-07-22,2,0,1662500
PERF-001021,PRJ-043,2024-11-30,220175500,220116300,247465900,88.1,290932300,14769400,2025-07-22,2,0,1662500
PERF-001022,PRJ-043,2024-12-31,228241400,229717000,256830500,92.0,290932300,16618700,2025-07-22,2,0,5905900
PERF-001023,PRJ-043,2025-01-31,235204100,238303800,265992600,95.4,290932300,16859200,2025-07-22,3,0,6216600
PERF-001024,PRJ-043,2025-02-28,240447200,245092100,265992600,98.1,290932300,18157300,2025-07-22,3,0,6216600
PERF-001025,PRJ-043,2025-03-31,244986100,249765500,277782000,100.0,290932300,18887900,2025-07-22,2,0,6216600
PERF-001026,PRJ-043,2025-04-30,248005000,249765500,277782000,100.0,290932300,18887900,2025-07-22,2,0,7730600
PERF-001027,PRJ-043,2025-05-31,249591100,249765500,277782000,100.0,290932300,18887900,2025-07-22,2,0,7730600
PERF-001028,PRJ-043,2025-06-30,249765500,249765500,279794600,100.0,290932300,18887900,2025-07-22,2,0,7730600
PERF-001029,PRJ-043,2025-07-31,249765500,249765500,279794600,100.0,290932300,18887900,2025-07-22,2,0,7730600
PERF-001030,PRJ-044,2024-10-31,97500,92800,98200,0.1,21305000,438600,2027-08-11,0,0,0
PERF-001031,PRJ-044,2024-11-30,564000,537100,557700,0.7,21305000,438600,2027-08-11,0,857100,0
PERF-001032,PRJ-044,2024-12-31,1427800,1360500,1418800,1.7,23546800,438600,2027-08-11,2,857100,0
PERF-001033,PRJ-044,2025-01-31,2654200,2530500,2688300,3.2,23546800,438600,2027-08-11,1,857100,0
PERF-001034,PRJ-044,2025-02-28,4052100,3865200,3961600,4.8,23546800,438600,2027-08-12,2,857100,0
PERF-001035,PRJ-044,2025-03-31,5897100,5628600,5856300,7.0,23546800,807800,2027-08-12,2,857100,0
PERF-001036,PRJ-044,2025-04-30,7956700,7599000,8042500,9.5,30523300,807800,2027-08-13,1,857100,0
PERF-001037,PRJ-044,2025-05-31,10343000,9884500,10371200,12.4,30549600,807800,2027-08-14,3,857100,0
PERF-001038,PRJ-044,2025-06-30,12878000,12315300,12576400,15.4,30549600,1073000,2027-08-15,1,857100,0
PERF-001039,PRJ-044,2025-07-31,15705400,15030100,15864700,18.8,33125600,1073000,2027-08-16,1,857100,139100
PERF-001040,PRJ-044,2025-08-31,18718700,17927500,18603700,22.4,33125600,1253100,2027-08-17,2,857100,139100
PERF-001041,PRJ-044,2025-09-30,21787500,20882700,21978600,26.1,36635800,1253100,2027-08-18,2,857100,463700
PERF-001042,PRJ-044,2025-10-31,25091100,24069400,25708400,30.1,38282400,1613300,2027-08-20,3,857100,463700
PERF-001043,PRJ-044,2025-11-30,28392400,27259500,28788100,34.1,42241100,1619000,2027-08-21,3,857100,463700
PERF-001044,PRJ-044,2025-12-31,31886300,30642500,32731600,38.4,43989000,1619000,2027-08-22,2,857100,463700
PERF-001045,PRJ-045,2023-06-30,79100,74100,75800,0.1,10874200,258900,2025-08-13,0,0,0
PERF-001046,PRJ-045,2023-07-31,571000,534700,552000,1.0,12971900,258900,2025-08-13,1,0,0
PERF-001047,PRJ-045,2023-08-31,1480600,1387800,1415100,2.7,12971900,270700,2025-08-13,0,0,0
PERF-001048,PRJ-045,2023-09-30,2723400,2555400,2569100,4.9,12971900,270700,2025-08-14,0,0,0
PERF-001049,PRJ-045,2023-10-31,4346000,4082200,4158300,7.9,17453300,433400,2025-08-15,0,0,0
PERF-001050,PRJ-045,2023-11-30,6209000,5838500,5858800,11.3,18196000,433400,2025-08-16,0,0,0
PERF-001051,PRJ-045,2023-12-31,8400100,7908500,8035500,15.2,20445800,433400,2025-08-17,1,0,0
PERF-001052,PRJ-045,2024-01-31,10824900,10204300,10144200,19.7,23348500,433400,2025-08-19,1,0,0
PERF-001053,PRJ-045,2024-02-29,13271500,12526700,12756200,24.2,23348500,678000,2025-08-20,2,0,0
PERF-001054,PRJ-045,2024-03-31,16042300,15163900,15539700,29.2,28084100,678000,2025-08-22,0,0,0
PERF-001055,PRJ-045,2024-04-30,18842100,17837100,18780600,34.4,32778500,678000,2025-08-24,1,0,0
PERF-001056,PRJ-045,2024-05-31,21821300,20691800,21706500,39.9,36334600,678000,2025-08-25,0,0,0
PERF-001057,PRJ-045,2024-06-30,24752900,23512200,24244700,45.3,36334600,726600,2025-08-27,0,0,0
PERF-001058,PRJ-045,2024-07-31,27796000,26453600,27644600,51.0,38832100,784400,2025-08-29,0,0,0
PERF-001059,PRJ-045,2024-08-31,30816300,29389000,30569100,56.7,39758500,852400,2025-08-31,0,0,0
PERF-001060,PRJ-045,2024-09-30,33682200,32192200,34125700,62.1,41118700,1108200,2025-09-02,0,0,555700
PERF-001061,PRJ-045,2024-10-31,36548500,35017300,36086500,67.5,48404600,1111500,2025-09-04,1,0,555700
PERF-001062,PRJ-045,2024-11-30,39195500,37650600,39393000,72.6,50417200,1230400,2025-09-06,0,0,555700
PERF-001063,PRJ-045,2024-12-31,41763400,40234700,42499300,77.6,53424600,1241700,2025-09-07,0,0,555700
PERF-001064,PRJ-045,2025-01-31,44124100,42646200,44683900,82.2,55970700,1583700,2025-09-08,0,0,555700
PERF-001065,PRJ-045,2025-02-28,46047400,44648000,46616400,86.1,55970700,1583700,2025-09-08,0,0,555700
PERF-001066,PRJ-045,2025-03-31,47910900,46637800,49288100,89.9,56453900,1583700,2025-09-08,0,0,555700
PERF-001067,PRJ-045,2025-04-30,49414400,48306300,51048300,93.1,56453900,1583700,2025-09-08,1,0,636000
PERF-001068,PRJ-045,2025-05-31,50621800,49731700,52031000,95.9,56453900,1617100,2025-09-08,0,0,636000
PERF-001069,PRJ-045,2025-06-30,51420400,50790600,52488600,97.9,56453900,1617100,2025-09-08,0,0,928600
PERF-001070,PRJ-045,2025-07-31,51827000,51520800,54105700,99.3,56453900,1617100,2025-09-08,0,0,928600
PERF-001071,PRJ-045,2025-08-31,51862400,51847700,54105700,100.0,56453900,1617100,2025-09-08,0,0,928600
PERF-001072,PRJ-045,2025-09-30,51862400,51862400,54328500,100.0,56453900,1617100,2025-09-08,1,0,928600
PERF-001073,PRJ-046,2022-01-31,13198800,10698600,12347400,16.6,31157500,947300,2023-06-06,1,0,248400
PERF-001074,PRJ-046,2022-02-28,16663500,13572300,15579400,21.1,33482100,1237600,2023-06-11,2,0,248400
PERF-001075,PRJ-046,2022-03-31,20759800,17005900,19193000,26.5,35853600,1490300,2023-06-17,3,0,248400
PERF-001076,PRJ-046,2022-04-30,24914400,20531800,24185900,31.9,44708700,1903700,2023-06-23,2,48500,433900
PERF-001077,PRJ-046,2022-05-31,29329800,24332600,27999500,37.9,47989800,1903700,2023-06-29,2,48500,433900
PERF-001078,PRJ-046,2022-06-30,33649400,28113100,32730600,43.7,47989800,2421000,2023-07-05,3,48500,433900
PERF-001079,PRJ-046,2022-07-31,38086700,32072700,39849700,49.9,51915700,2516000,2023-07-11,2,48500,659300
PERF-001080,PRJ-046,2022-08-31,42421200,36033300,43784700,56.1,57859900,3023000,2023-07-18,3,48500,659300
PERF-001081,PRJ-046,2022-09-30,46445800,39816200,48742700,61.9,61894000,3230100,2023-07-24,3,48500,962700
PERF-001082,PRJ-046,2022-10-31,50354100,43621300,52424400,67.9,72161000,3604500,2023-07-30,3,48500,962700
PERF-001083,PRJ-046,2022-11-30,53822400,47153000,58543100,73.4,76421600,3683100,2023-08-05,3,48500,962700
PERF-001084,PRJ-046,2022-12-31,57007400,50594300,63034300,78.7,76421600,4213100,2023-08-11,4,48500,962700
PERF-001085,PRJ-046,2023-01-31,59710900,53770800,66590500,83.7,81985100,4363300,2023-08-12,3,48500,962700
PERF-001086,PRJ-046,2023-02-28,61675000,56367700,70671200,87.7,83000600,4627900,2023-08-12,3,48500,1298600
PERF-001087,PRJ-046,2023-03-31,63250100,58891700,75089100,91.6,84409600,4758500,2023-08-12,4,48500,1298600
PERF-001088,PRJ-046,2023-04-30,64104600,60934000,75997100,94.8,84409600,4829700,2023-08-12,4,48500,1838400
PERF-001089,PRJ-046,2023-05-31,64273500,62578400,79268000,97.4,84409600,5176100,2023-08-12,4,48500,2043100
PERF-001090,PRJ-046,2023-06-30,64273500,63668700,82506800,99.1,85789200,5176100,2023-08-12,4,48500,2287000
PERF-001091,PRJ-046,2023-07-31,64273500,64225100,82506800,99.9,85789200,5433100,2023-08-12,4,48500,2287000
PERF-001092,PRJ-046,2023-08-31,64273500,64273500,82506800,100.0,85789200,5433100,2023-08-12,4,48500,2287000
PERF-001093,PRJ-047,2022-09-30,74200,76300,78200,0.1,17899300,292000,2025-05-10,0,0,0
PERF-001094,PRJ-047,2022-10-31,502700,517200,531400,0.8,17899300,292000,2025-05-10,0,0,0
PERF-001095,PRJ-047,2022-11-30,1259500,1295400,1327600,2.0,18977400,292000,2025-05-10,0,80400,0
PERF-001096,PRJ-047,2022-12-31,2370200,2436900,2476100,3.7,18977400,505800,2025-05-10,0,80400,0
PERF-001097,PRJ-047,2023-01-31,3789800,3895100,4004600,5.9,18977400,505800,2025-05-10,1,80400,0
PERF-001098,PRJ-047,2023-02-28,5316200,5462000,5525000,8.3,22416900,505800,2025-05-10,0,80400,0
PERF-001099,PRJ-047,2023-03-31,7253200,7449100,7690600,11.3,22416900,505800,2025-05-09,0,80400,0
PERF-001100,PRJ-047,2023-04-30,9351500,9600100,10007900,14.6,25384100,685000,2025-05-08,1,80400,0
PERF-001101,PRJ-047,2023-05-31,11726300,12032600,12526900,18.3,25384100,685000,2025-05-08,1,307600,0
PERF-001102,PRJ-047,2023-06-30,14200600,14564800,14963900,22.2,31891200,685000,2025-05-07,0,307600,0
PERF-001103,PRJ-047,2023-07-31,16914400,17339700,18061500,26.4,31891200,849000,2025-05-06,2,307600,0
PERF-001104,PRJ-047,2023-08-31,19762800,20248900,21166500,30.8,34615700,1028300,2025-05-06,1,307600,0
PERF-001105,PRJ-047,2023-09-30,22623300,23167300,23632800,35.3,34615700,1070700,2025-05-05,1,307600,0
PERF-001106,PRJ-047,2023-10-31,25661800,26263300,26705800,40.0,40994900,1233500,2025-05-04,1,307600,0
PERF-001107,PRJ-047,2023-11-30,28658600,29312600,30140200,44.6,43686300,1233500,2025-05-03,1,307600,0
PERF-001108,PRJ-047,2023-12-31,31788600,32492300,34321800,49.5,43686300,1721200,2025-05-02,1,307600,0
PERF-001109,PRJ-047,2024-01-31,34927200,35675100,37847700,54.3,49149500,1721200,2025-05-01,1,307600,0
PERF-001110,PRJ-047,2024-02-29,37848600,38631600,40221000,58.8,58245700,1721200,2025-05-01,1,307600,0
PERF-001111,PRJ-047,2024-03-31,40931500,41744500,44567500,63.5,58245700,1868900,2025-04-30,2,347200,0
PERF-001112,PRJ-047,2024-04-30,43852200,44685700,46001800,68.0,59299400,2020200,2025-04-29,1,641000,0
PERF-001113,PRJ-047,2024-05-31,46780500,47625400,49784800,72.5,61786900,2020200,2025-04-28,1,641000,0
PERF-001114,PRJ-047,2024-06-30,49503800,50349000,52546500,76.6,61786900,2334400,2025-04-28,1,641000,0
PERF-001115,PRJ-047,2024-07-31,52178800,53012200,55812300,80.7,71216500,2334400,2025-04-27,2,641000,0
PERF-001116,PRJ-047,2024-08-31,54687300,55495500,59516500,84.5,72578600,2334400,2025-04-27,2,641000,0
PERF-001117,PRJ-047,2024-09-30,56932200,57702200,62478600,87.8,72578600,2402400,2025-04-27,2,641000,0
PERF-001118,PRJ-047,2024-10-31,59038500,59753600,63506500,90.9,72578600,2402400,2025-04-27,2,641000,0
PERF-001119,PRJ-047,2024-11-30,60846400,61492400,67054500,93.6,73796500,2615000,2025-04-27,4,641000,0
PERF-001120,PRJ-047,2024-12-31,62451700,63008700,67871100,95.9,73796500,2615000,2025-04-27,2,641000,0
PERF-001121,PRJ-047,2025-01-31,63764600,64213600,71351900,97.7,75198200,2783800,2025-04-27,2,641000,0
PERF-001122,PRJ-047,2025-02-28,64677900,65012100,71351900,98.9,75198200,2783800,2025-04-27,2,641000,0
PERF-001123,PRJ-047,2025-03-31,65363800,65550700,71351900,99.8,75198200,2783800,2025-04-27,3,641000,0
PERF-001124,PRJ-047,2025-04-30,65679000,65704000,71351900,100.0,75198200,2783800,2025-04-27,3,641000,0
PERF-001125,PRJ-048,2022-01-31,2313300,2454700,2501000,5.8,9956000,235400,2024-05-13,0,0,0
PERF-001126,PRJ-048,2022-02-28,3276300,3473900,3439800,8.2,12456700,439600,2024-05-12,1,0,0
PERF-001127,PRJ-048,2022-03-31,4503700,4771000,4781500,11.3,12456700,439600,2024-05-11,0,0,0
PERF-001128,PRJ-048,2022-04-30,5837800,6178700,6250600,14.6,17947800,439600,2024-05-10,0,0,0
PERF-001129,PRJ-048,2022-05-31,7351400,7773100,7747400,18.4,17947800,439600,2024-05-08,0,0,0
PERF-001130,PRJ-048,2022-06-30,8931700,9434700,9720300,22.3,18227500,439600,2024-05-07,0,0,0
PERF-001131,PRJ-048,2022-07-31,10668000,11256500,11405300,26.6,20064900,481000,2024-05-05,0,0,0
PERF-001132,PRJ-048,2022-08-31,12493100,13167200,13172700,31.1,20064900,770400,2024-05-03,0,0,0
PERF-001133,PRJ-048,2022-09-30,14328400,15083700,15203400,35.6,24585100,781000,2024-05-02,0,0,0
PERF-001134,PRJ-048,2022-10-31,16280200,17116400,17369500,40.4,24649300,823700,2024-04-30,0,0,0
PERF-001135,PRJ-048,2022-11-30,18207300,19117200,19186600,45.2,31029500,889300,2024-04-28,0,0,68300
PERF-001136,PRJ-048,2022-12-31,20222200,21202000,21376600,50.1,32336200,889300,2024-04-26,0,0,68300
PERF-001137,PRJ-048,2023-01-31,22244800,23286600,23764600,55.0,32336200,1021200,2024-04-24,0,0,178500
PERF-001138,PRJ-048,2023-02-28,24064600,25361600,25104600,59.9,32336200,1165500,2024-04-23,0,0,178500
PERF-001139,PRJ-048,2023-03-31,26056400,27621700,27742800,65.2,33779200,1177300,2024-04-21,0,0,178500
PERF-001140,PRJ-048,2023-04-30,27946000,29753300,29981300,70.3,35170200,1264900,2024-04-19,0,0,178500
PERF-001141,PRJ-048,2023-05-31,29843500,31879100,30747400,75.3,41235500,1458900,2024-04-17,1,0,178500
PERF-001142,PRJ-048,2023-06-30,31611000,33843200,33117000,79.9,41353900,1481000,2024-04-15,1,0,365900
PERF-001143,PRJ-048,2023-07-31,33350400,35757100,35545500,84.5,43348600,1532700,2024-04-15,2,0,365900
PERF-001144,PRJ-048,2023-08-31,34985200,37533400,37555300,88.7,43632200,1555100,2024-04-15,1,0,365900
PERF-001145,PRJ-048,2023-09-30,36452100,39102700,38131800,92.4,43632200,1760700,2024-04-15,2,0,365900
PERF-001146,PRJ-048,2023-10-31,37832900,40550000,39402100,95.8,43632200,1760700,2024-04-15,1,0,365900
PERF-001147,PRJ-048,2023-11-30,39023200,41763300,40879900,98.6,43632200,1760700,2024-04-15,1,0,365900
PERF-001148,PRJ-048,2023-12-31,40086500,42336600,41034100,100.0,43632200,1760700,2024-04-15,1,0,365900
PERF-001149,PRJ-048,2024-01-31,40963900,42336600,41034100,100.0,43632200,1789700,2024-04-15,1,0,365900
PERF-001150,PRJ-048,2024-02-29,41602100,42336600,41050300,100.0,43632200,1789700,2024-04-15,1,0,365900
PERF-001151,PRJ-048,2024-03-31,42073300,42336600,41050300,100.0,43632200,1789700,2024-04-15,2,0,365900
PERF-001152,PRJ-048,2024-04-30,42306700,42336600,41410600,100.0,43632200,2109000,2024-04-15,1,0,863600
PERF-001153,PRJ-049,2023-03-31,21600,20900,21100,0.4,1153600,16000,2024-10-10,0,0,0
PERF-001154,PRJ-049,2023-04-30,123000,119000,123200,2.1,1153600,17800,2024-10-10,0,0,0
PERF-001155,PRJ-049,2023-05-31,305900,296100,299700,5.3,1325700,22400,2024-10-11,0,0,0
PERF-001156,PRJ-049,2023-06-30,549000,531800,549300,9.4,2054400,42400,2024-10-11,1,0,0
PERF-001157,PRJ-049,2023-07-31,858300,832200,858500,14.8,2054400,45100,2024-10-12,0,0,0
PERF-001158,PRJ-049,2023-08-31,1216600,1180700,1209900,21.0,2757500,58000,2024-10-13,2,0,0
PERF-001159,PRJ-049,2023-09-30,1600200,1554400,1587000,27.6,2882400,62500,2024-10-13,1,0,0
PERF-001160,PRJ-049,2023-10-31,2024600,1968900,2026300,35.0,3330000,77800,2024-10-14,1,0,0
PERF-001161,PRJ-049,2023-11-30,2452900,2388100,2488900,42.4,3404400,77800,2024-10-15,3,0,0
PERF-001162,PRJ-049,2023-12-31,2903600,2830500,2880400,50.3,4427800,94200,2024-10-16,2,0,65200
PERF-001163,PRJ-049,2024-01-31,3352200,3272600,3338700,58.1,4696600,123700,2024-10-17,2,0,65200
PERF-001164,PRJ-049,2024-02-29,3761000,3677200,3837200,65.3,5027500,123700,2024-10-18,2,0,65200
PERF-001165,PRJ-049,2024-03-31,4176500,4090900,4256100,72.6,5223900,123700,2024-10-19,3,0,65200
PERF-001166,PRJ-049,2024-04-30,4547900,4463600,4654900,79.2,6050000,146200,2024-10-20,2,0,65200
PERF-001167,PRJ-049,2024-05-31,4890000,4810700,5079500,85.4,6158200,152100,2024-10-20,2,0,65200
PERF-001168,PRJ-049,2024-06-30,5171100,5100600,5504100,90.6,6260300,164100,2024-10-20,2,0,65200
PERF-001169,PRJ-049,2024-07-31,5399900,5343100,5583500,94.9,6260300,165000,2024-10-20,2,0,65200
PERF-001170,PRJ-049,2024-08-31,5555700,5517900,5908500,98.0,6260300,189200,2024-10-20,2,0,65200
PERF-001171,PRJ-049,2024-09-30,5627400,5613400,6131200,99.7,6336500,195300,2024-10-20,3,0,65200
PERF-001172,PRJ-049,2024-10-31,5632400,5632400,6131200,100.0,6336500,195300,2024-10-20,2,0,75500
PERF-001173,PRJ-050,2023-12-31,57900,54700,56900,0.1,11558200,433600,2026-03-18,0,0,0
PERF-001174,PRJ-050,2024-01-31,582700,550700,576300,0.8,16197300,433600,2026-03-18,0,0,0
PERF-001175,PRJ-050,2024-02-29,1537300,1453900,1524500,2.2,16197300,433600,2026-03-18,0,0,0
PERF-001176,PRJ-050,2024-03-31,3012200,2851100,2967600,4.2,16197300,433600,2026-03-18,0,0,0
PERF-001177,PRJ-050,2024-04-30,4846800,4591400,4845600,6.8,16197300,433600,2026-03-19,0,0,417900
PERF-001178,PRJ-050,2024-05-31,7121100,6752100,6974700,10.1,16488900,531000,2026-03-20,0,0,417900
PERF-001179,PRJ-050,2024-06-30,9648100,9156800,9673200,13.6,26043300,646600,2026-03-21,0,0,605100
PERF-001180,PRJ-050,2024-07-31,12553900,11927000,12623600,17.8,26043300,788900,2026-03-22,1,0,605100
PERF-001181,PRJ-050,2024-08-31,15716400,14948000,15496700,22.3,31819600,788900,2026-03-24,0,119800,605100
PERF-001182,PRJ-050,2024-09-30,18980400,18072900,19405800,26.9,33247400,1110600,2026-03-25,2,119800,605100
PERF-001183,PRJ-050,2024-10-31,22521200,21471200,23086700,32.0,42399600,1224200,2026-03-27,0,119800,605100
PERF-001184,PRJ-050,2024-11-30,26070200,24886700,26486600,37.1,42399600,1224200,2026-03-28,1,119800,605100
PERF-001185,PRJ-050,2024-12-31,29821500,28508400,30245900,42.5,42399600,1562300,2026-03-30,0,119800,605100
PERF-001186,PRJ-050,2025-01-31,33615600,32184600,34164000,48.0,48950200,1562300,2026-03-31,1,119800,605100
PERF-001187,PRJ-050,2025-02-28,37043000,35518900,38437700,52.9,52603700,1757900,2026-04-02,0,119800,605100
PERF-001188,PRJ-050,2025-03-31,40798500,39189000,42335700,58.4,52603700,1757900,2026-04-04,1,119800,713900
PERF-001189,PRJ-050,2025-04-30,44354000,42683100,45558900,63.6,61104300,2119200,2026-04-05,0,119800,713900
PERF-001190,PRJ-050,2025-05-31,47904400,46195400,51281300,68.8,61104300,2321500,2026-04-07,0,119800,713900
PERF-001191,PRJ-050,2025-06-30,51180300,49462400,53472700,73.7,68760300,2321500,2026-04-08,1,119800,1008800
PERF-001192,PRJ-050,2025-07-31,54357800,52663100,57301100,78.5,68817900,2321500,2026-04-10,0,119800,1008800
PERF-001193,PRJ-050,2025-08-31,57281500,55646300,58702200,82.9,72917700,2321500,2026-04-10,0,119800,1008800
PERF-001194,PRJ-050,2025-09-30,59828500,58288900,63370100,86.9,72917700,2489600,2026-04-10,0,119800,1008800
PERF-001195,PRJ-050,2025-10-31,62126100,60728200,66086400,90.5,75220500,2530800,2026-04-10,0,119800,1008800
PERF-001196,PRJ-050,2025-11-30,63986000,62769900,67276500,93.5,75220500,2757700,2026-04-10,0,119800,1008800
PERF-001197,PRJ-050,2025-12-31,65489800,64511400,70784800,96.1,75843500,2833500,2026-04-10,1,119800,1008800
PERF-001198,PRJ-051,2022-01-31,16829200,18208500,17637000,16.8,31863400,945500,2023-07-04,0,0,0
PERF-001199,PRJ-051,2022-02-28,21955100,23711800,24147500,21.8,47083200,1475500,2023-07-02,0,0,0
PERF-001200,PRJ-051,2022-03-31,28141100,30328000,30561900,27.9,59435400,2382600,2023-06-30,1,0,0
PERF-001201,PRJ-051,2022-04-30,34535300,37136000,37258100,34.2,59435400,2527200,2023-06-27,1,0,0
PERF-001202,PRJ-051,2022-05-31,41453300,44463700,44528100,41.0,59435400,2779600,2023-06-25,1,0,0
PERF-001203,PRJ-051,2022-06-30,48343000,51717600,52835500,47.6,82903700,3055000,2023-06-22,1,0,0
PERF-001204,PRJ-051,2022-07-31,55553100,59255000,59247400,54.6,88133500,3055000,2023-06-20,2,0,203600
PERF-001205,PRJ-051,2022-08-31,62743100,67485400,69168300,62.2,90676000,3055000,2023-06-17,2,0,203600
PERF-001206,PRJ-051,2022-09-30,69574900,75271800,76912300,69.3,99184300,3681500,2023-06-14,1,0,203600
PERF-001207,PRJ-051,2022-10-31,76393500,82943700,82384300,76.4,111046600,4190200,2023-06-11,1,0,203600
PERF-001208,PRJ-051,2022-11-30,82653000,89872100,89689100,82.8,111573000,4190200,2023-06-10,1,0,203600
PERF-001209,PRJ-051,2022-12-31,88660200,96378600,94719700,88.8,111573000,4605800,2023-06-10,1,0,203600
PERF-001210,PRJ-051,2023-01-31,94086500,102079200,101338500,94.0,111573000,4797100,2023-06-10,1,0,203600
PERF-001211,PRJ-051,2023-02-28,98393800,106415700,103838100,98.0,111573000,5030000,2023-06-10,1,0,203600
PERF-001212,PRJ-051,2023-03-31,102400600,108544300,107577800,100.0,111573000,5030000,2023-06-10,2,0,203600
PERF-001213,PRJ-051,2023-04-30,105412200,108544300,107577800,100.0,111573000,5030000,2023-06-10,1,0,203600
PERF-001214,PRJ-051,2023-05-31,107518600,108544300,107577800,100.0,111573000,5030000,2023-06-10,1,0,203600
PERF-001215,PRJ-051,2023-06-30,108478300,108544300,107577800,100.0,111573000,5035700,2023-06-10,1,0,203600
PERF-001216,PRJ-052,2023-04-30,44400,47900,49100,0.4,1719500,19800,2025-05-31,0,0,0
PERF-001217,PRJ-052,2023-05-31,191900,206900,217100,1.7,3024100,30600,2025-05-31,1,0,0
PERF-001218,PRJ-052,2023-06-30,425100,457700,469400,3.8,3024100,40800,2025-05-31,1,0,0
PERF-001219,PRJ-052,2023-07-31,751000,807700,834700,6.7,3042200,50800,2025-05-31,2,0,0
PERF-001220,PRJ-052,2023-08-31,1154600,1240100,1283000,10.2,3277800,63900,2025-05-29,1,0,0
PERF-001221,PRJ-052,2023-09-30,1610900,1727900,1778100,14.2,3489100,115800,2025-05-28,1,0,0
PERF-001222,PRJ-052,2023-10-31,2141900,2294100,2373900,18.9,5864000,115800,2025-05-26,1,0,0
PERF-001223,PRJ-052,2023-11-30,2705300,2893000,2957200,23.9,6089600,116500,2025-05-24,1,0,44400
PERF-001224,PRJ-052,2023-12-31,3329900,3555000,3650800,29.3,6676100,121300,2025-05-22,1,0,44400
PERF-001225,PRJ-052,2024-01-31,3989200,4251100,4465900,35.0,6676100,149800,2025-05-20,1,0,44400
PERF-001226,PRJ-052,2024-02-29,4629600,4924600,5010800,40.6,7715200,184400,2025-05-18,1,0,44400
PERF-001227,PRJ-052,2024-03-31,5331100,5659000,5984300,46.7,9284500,219900,2025-05-16,1,0,44400
PERF-001228,PRJ-052,2024-04-30,6018700,6374900,6584100,52.6,9284500,219900,2025-05-13,1,0,44400
PERF-001229,PRJ-052,2024-05-31,6729600,7159300,7605700,59.0,9809400,219900,2025-05-11,1,0,68200
PERF-001230,PRJ-052,2024-06-30,7409900,7935700,8244800,65.4,10807300,264400,2025-05-08,1,94300,68200
PERF-001231,PRJ-052,2024-07-31,8096500,8712300,8968200,71.8,12096700,270500,2025-05-06,1,94300,68200
PERF-001232,PRJ-052,2024-08-31,8757700,9452000,9824100,77.9,12293100,270500,2025-05-04,1,94300,68200
PERF-001233,PRJ-052,2024-09-30,9365200,10122400,10645000,83.5,12357600,300700,2025-05-03,1,94300,68200
PERF-001234,PRJ-052,2024-10-31,9951100,10757700,11059000,88.7,12728600,328500,2025-05-03,1,94300,68200
PERF-001235,PRJ-052,2024-11-30,10469400,11306800,11299400,93.2,12728600,338000,2025-05-03,2,94300,68200
PERF-001236,PRJ-052,2024-12-31,10946100,11795600,12157600,97.2,12876500,357200,2025-05-03,1,94300,68200
PERF-001237,PRJ-052,2025-01-31,11354400,12129200,12157600,100.0,12876500,385700,2025-05-03,1,94300,68200
PERF-001238,PRJ-052,2025-02-28,11657200,12129200,12157600,100.0,12876500,385700,2025-05-03,2,94300,68200
PERF-001239,PRJ-052,2025-03-31,11911200,12129200,12578600,100.0,12955900,385700,2025-05-03,1,94300,68200
PERF-001240,PRJ-052,2025-04-30,12067800,12129200,12578600,100.0,12955900,385700,2025-05-03,1,94300,68200
PERF-001241,PRJ-052,2025-05-31,12129000,12129200,12578600,100.0,12955900,385700,2025-05-03,1,94300,68200
PERF-001242,PRJ-053,2024-03-31,732500,664500,710300,0.5,22505100,505500,2026-01-03,0,0,0
PERF-001243,PRJ-053,2024-04-30,2839800,2580400,2758800,2.0,36292600,505500,2026-01-03,0,555200,0
PERF-001244,PRJ-053,2024-05-31,6318400,5751100,6152100,4.6,36292600,955900,2026-01-03,0,555200,0
PERF-001245,PRJ-053,2024-06-30,10805000,9852400,10723100,7.8,36292600,1139900,2026-01-04,1,555200,998500
PERF-001246,PRJ-053,2024-07-31,16453700,15032800,16434100,11.9,38272700,1376900,2026-01-06,0,555200,998500
PERF-001247,PRJ-053,2024-08-31,22984300,21044000,23247100,16.7,43645400,1731800,2026-01-08,1,555200,1345300
PERF-001248,PRJ-053,2024-09-30,30003500,27531200,29663400,21.9,65008100,2306200,2026-01-10,1,555200,1474000
PERF-001249,PRJ-053,2024-10-31,37834200,34801900,38475600,27.6,70045600,2333300,2026-01-13,0,555200,1474000
PERF-001250,PRJ-053,2024-11-30,45832600,42267400,47734400,33.6,83349100,3620200,2026-01-15,1,555200,2219300
PERF-001251,PRJ-053,2024-12-31,54386700,50300400,55971700,40.0,83349100,3713400,2026-01-18,2,555200,2219300
PERF-001252,PRJ-053,2025-01-31,63087400,58530300,64935800,46.5,94237300,4343300,2026-01-21,0,555200,3510800
PERF-001253,PRJ-053,2025-02-28,70948200,66026000,73540200,52.4,94237300,4736400,2026-01-23,0,555200,3510800
PERF-001254,PRJ-053,2025-03-31,79516300,74275500,82607000,59.0,100442000,5040200,2026-01-26,0,555200,3510800
PERF-001255,PRJ-053,2025-04-30,87537300,82092600,93406800,65.2,113654900,5785300,2026-01-29,1,555200,3510800
PERF-001256,PRJ-053,2025-05-31,95400900,89873300,101037100,71.4,124728200,5785300,2026-01-31,0,555200,3510800
PERF-001257,PRJ-053,2025-06-30,102461000,96996100,110723500,77.0,137814500,6292100,2026-02-03,0,555200,3510800
PERF-001258,PRJ-053,2025-07-31,109043300,103810800,122589100,82.5,153126200,7116700,2026-02-04,0,555200,4519000
PERF-001259,PRJ-053,2025-08-31,114753500,109943800,125444400,87.3,153126200,7116700,2026-02-04,2,555200,4519000
PERF-001260,PRJ-053,2025-09-30,119308600,115109200,131595500,91.4,153126200,7837700,2026-02-04,1,555200,4519000
PERF-001261,PRJ-053,2025-10-31,122867500,119526100,140289500,94.9,153126200,7973600,2026-02-04,2,555200,4519000
PERF-001262,PRJ-053,2025-11-30,125061700,122789900,143188900,97.5,153126200,8109500,2026-02-04,1,555200,4519000
PERF-001263,PRJ-053,2025-12-31,125892600,124993400,145003800,99.3,153126200,8276000,2026-02-04,5,555200,4519000
PERF-001264,PRJ-054,2022-06-30,137600,127900,130000,0.2,11032900,335000,2024-03-16,0,0,0
PERF-001265,PRJ-054,2022-07-31,1251900,1165100,1222300,1.4,13234000,339100,2024-03-16,0,0,0
PERF-001266,PRJ-054,2022-08-31,3388700,3157800,3237200,3.7,19615900,375900,2024-03-16,0,978100,0
PERF-001267,PRJ-054,2022-09-30,6321000,5898400,6111500,7.0,27009500,375900,2024-03-17,0,978100,0
PERF-001268,PRJ-054,2022-10-31,10131400,9468500,9714900,11.2,28292600,375900,2024-03-18,0,978100,0
PERF-001269,PRJ-054,2022-11-30,14466200,13541200,13962300,16.0,32444800,578100,2024-03-20,2,978100,0
PERF-001270,PRJ-054,2022-12-31,19501500,18287000,18854400,21.6,42081800,739600,2024-03-21,1,978100,0
PERF-001271,PRJ-054,2023-01-31,24987300,23476300,23825100,27.8,47025200,830600,2024-03-23,0,978100,0
PERF-001272,PRJ-054,2023-02-28,30233000,28458200,29614700,33.6,51132700,830600,2024-03-25,1,978100,0
PERF-001273,PRJ-054,2023-03-31,36256000,34204900,35719700,40.4,56256900,856700,2024-03-27,3,978100,0
PERF-001274,PRJ-054,2023-04-30,42194500,39902700,41715500,47.2,56256900,1080500,2024-03-29,1,978100,0
PERF-001275,PRJ-054,2023-05-31,48331500,45830500,47407300,54.2,69400100,1080500,2024-03-31,1,978100,0
PERF-001276,PRJ-054,2023-06-30,54163200,51509200,53157900,60.9,69400100,1126300,2024-04-02,1,978100,0
PERF-001277,PRJ-054,2023-07-31,59965500,57216300,59196200,67.6,73089600,1253700,2024-04-04,1,978100,0
PERF-001278,PRJ-054,2023-08-31,65425700,62657400,66483800,74.1,84745100,1275800,2024-04-06,1,978100,0
PERF-001279,PRJ-054,2023-09-30,70274900,67571900,71916900,79.9,91474800,1313700,2024-04-08,1,978100,0
PERF-001280,PRJ-054,2023-10-31,74723600,72186400,73364900,85.3,91474800,1508600,2024-04-08,1,978100,0
PERF-001281,PRJ-054,2023-11-30,78376800,76106500,81942900,90.0,93806500,1660000,2024-04-08,1,978100,515200
PERF-001282,PRJ-054,2023-12-31,81365200,79492600,84183800,94.0,93806500,1827000,2024-04-08,1,978100,835200
PERF-001283,PRJ-054,2024-01-31,83439600,82100600,85234500,97.1,93806500,1833700,2024-04-08,1,978100,835200
PERF-001284,PRJ-054,2024-02-29,84449900,83743900,88657800,99.0,93806500,1854100,2024-04-08,1,1628200,835200
PERF-001285,PRJ-054,2024-03-31,84587500,84550900,88657800,100.0,93806500,1881600,2024-04-08,1,1628200,835200
PERF-001286,PRJ-054,2024-04-30,84587500,84587500,89081600,100.0,93806500,1881600,2024-04-08,1,1628200,995100
PERF-001287,PRJ-055,2022-01-31,4058800,3630800,3684900,11.8,11488800,256300,2022-10-19,1,0,0
PERF-001288,PRJ-055,2022-02-28,7099600,6381900,6494800,20.7,14999800,505800,2022-10-21,0,0,0
PERF-001289,PRJ-055,2022-03-31,11028800,9975600,10475100,32.4,15294000,505800,2022-10-25,0,0,0
PERF-001290,PRJ-055,2022-04-30,15124600,13777100,14522800,44.7,21184500,586800,2022-10-28,0,0,0
PERF-001291,PRJ-055,2022-05-31,19372700,17800400,18835700,57.8,24282200,819600,2022-10-31,0,0,0
PERF-001292,PRJ-055,2022-06-30,23223500,21556600,23103400,70.0,29655400,888100,2022-11-03,0,0,0
PERF-001293,PRJ-055,2022-07-31,26646100,25056500,27334500,81.3,34611100,1079100,2022-11-06,1,0,0
PERF-001294,PRJ-055,2022-08-31,29210700,27925200,30250300,90.7,34611100,1199700,2022-11-06,0,0,0
PERF-001295,PRJ-055,2022-09-30,30597300,29868500,32962700,97.0,35013400,1360300,2022-11-06,0,0,0
PERF-001296,PRJ-055,2022-10-31,30802600,30776500,33743900,99.9,35013400,1360300,2022-11-06,1,0,0
PERF-001297,PRJ-055,2022-11-30,30802600,30802600,33743900,100.0,35013400,1360300,2022-11-06,1,0,42100
PERF-001298,PRJ-056,2022-07-31,48000,41400,44100,0.1,5298800,125200,2024-02-20,1,0,0
PERF-001299,PRJ-056,2022-08-31,529900,458100,497800,1.4,5752200,125200,2024-02-20,1,0,0
PERF-001300,PRJ-056,2022-09-30,1444500,1252300,1362100,3.9,9853900,296300,2024-02-20,1,0,0
PERF-001301,PRJ-056,2022-10-31,2795000,2430800,2697400,7.5,11255600,299900,2024-02-22,1,0,48200
PERF-001302,PRJ-056,2022-11-30,4439100,3873500,4224600,12.0,11255600,418500,2024-02-25,1,0,48200
PERF-001303,PRJ-056,2022-12-31,6428800,5630400,6228200,17.4,12279000,423100,2024-02-28,1,0,48200
PERF-001304,PRJ-056,2023-01-31,8655500,7611000,8172400,23.5,16379200,436900,2024-03-02,1,0,48200
PERF-001305,PRJ-056,2023-02-28,10821000,9552900,10432800,29.5,20019000,572000,2024-03-06,1,0,196100
PERF-001306,PRJ-056,2023-03-31,13334900,11828600,13120500,36.6,20133400,811400,2024-03-10,2,0,196100
PERF-001307,PRJ-056,2023-04-30,15830200,14113400,15786400,43.7,22278100,901500,2024-03-14,1,0,196100
PERF-001308,PRJ-056,2023-05-31,18415600,16513800,18856700,51.1,24568400,901500,2024-03-18,2,0,196100
PERF-001309,PRJ-056,2023-06-30,20869100,18830600,21227300,58.2,27878300,1072800,2024-03-22,3,0,196100
PERF-001310,PRJ-056,2023-07-31,23296500,21172400,24396800,65.5,30672500,1186900,2024-03-26,2,0,196100
PERF-001311,PRJ-056,2023-08-31,25555800,23414100,27459100,72.4,32615700,1449200,2024-03-30,3,0,196100
PERF-001312,PRJ-056,2023-09-30,27526300,25443700,29179600,78.7,37061400,1451900,2024-04-02,3,0,196100
PERF-001313,PRJ-056,2023-10-31,29281800,27350400,31265800,84.6,37070800,1573800,2024-04-03,4,0,196100
PERF-001314,PRJ-056,2023-11-30,30653800,28967100,34152000,89.6,39259500,1697500,2024-04-03,3,0,196100
PERF-001315,PRJ-056,2023-12-31,31676100,30355400,35710300,93.9,39259500,1748900,2024-04-03,4,275300,196100
PERF-001316,PRJ-056,2024-01-31,32237800,31410100,36774700,97.2,39259500,1792800,2024-04-03,5,275300,196100
PERF-001317,PRJ-056,2024-02-29,32329300,32052700,37751000,99.1,39259500,1799700,2024-04-03,4,275300,196100
PERF-001318,PRJ-056,2024-03-31,32329300,32327100,37751000,100.0,39259500,1902000,2024-04-03,4,275300,549000
PERF-001319,PRJ-056,2024-04-30,32329300,32329300,38880700,100.0,40047200,1903000,2024-04-03,4,275300,549000
PERF-001320,PRJ-057,2024-01-31,67500,56200,57500,0.1,11786500,226600,2025-12-19,0,0,0
PERF-001321,PRJ-057,2024-02-29,564800,471000,476000,0.9,11786500,226600,2025-12-19,0,0,0
PERF-001322,PRJ-057,2024-03-31,1590400,1330200,1354300,2.7,11786500,226600,2025-12-19,0,0,0
PERF-001323,PRJ-057,2024-04-30,3021300,2534600,2580400,5.1,15619100,228500,2025-12-20,0,0,0
PERF-001324,PRJ-057,2024-05-31,4902300,4126300,4379500,8.3,15619100,385100,2025-12-23,1,0,641900
PERF-001325,PRJ-057,2024-06-30,7063900,5966000,6088300,12.0,17455000,548700,2025-12-26,0,0,641900
PERF-001326,PRJ-057,2024-07-31,9599700,8138100,8308600,16.4,17455000,548700,2025-12-30,0,0,641900
PERF-001327,PRJ-057,2024-08-31,12391300,10547000,10867300,21.2,24753300,727700,2026-01-03,1,0,641900
PERF-001328,PRJ-057,2024-09-30,15287700,13066700,13188800,26.3,24753300,727700,2026-01-07,0,0,641900
PERF-001329,PRJ-057,2024-10-31,18431400,15826800,16393500,31.8,27917000,738100,2026-01-12,0,0,641900
PERF-001330,PRJ-057,2024-11-30,21571300,18612900,19023200,37.4,30037100,783500,2026-01-17,0,0,684700
PERF-001331,PRJ-057,2024-12-31,24866300,21572400,22849900,43.4,30840700,1008200,2026-01-22,0,0,684700
PERF-001332,PRJ-057,2025-01-31,28161300,24574900,25048000,49.4,32880400,1008200,2026-01-27,0,0,684700
PERF-001333,PRJ-057,2025-02-28,31094400,27291200,28048700,54.9,34694100,1247100,2026-02-01,3,0,787000
PERF-001334,PRJ-057,2025-03-31,34246200,30267200,31762700,60.9,44647200,1247100,2026-02-06,2,156100,787000
PERF-001335,PRJ-057,2025-04-30,37153600,33080200,34452200,66.5,44647200,1286100,2026-02-11,2,156100,787000
PERF-001336,PRJ-057,2025-05-31,39959900,35879300,37850100,72.1,47766400,1286100,2026-02-15,3,156100,787000
PERF-001337,PRJ-057,2025-06-30,42435900,38447500,40403600,77.3,51942500,1470100,2026-02-20,2,156100,787000
PERF-001338,PRJ-057,2025-07-31,44696100,40917800,42881700,82.3,51942500,1470100,2026-02-22,2,156100,787000
PERF-001339,PRJ-057,2025-08-31,46601800,43162700,45590900,86.8,54106300,1470100,2026-02-22,2,156100,787000
PERF-001340,PRJ-057,2025-09-30,48059700,45083700,47170400,90.7,54106300,1718900,2026-02-22,3,156100,1173700
PERF-001341,PRJ-057,2025-10-31,49116500,46770500,48528800,94.0,54106300,1718900,2026-02-22,3,156100,1173700
PERF-001342,PRJ-057,2025-11-30,49655800,48077900,51026100,96.7,54365800,1934900,2026-02-22,4,156100,1173700
PERF-001343,PRJ-057,2025-12-31,49732600,49054700,51228200,98.6,54365800,1934900,2026-02-22,4,325000,1217100
PERF-001344,PRJ-058,2023-04-30,70300,61800,65500,0.1,9049500,343300,2025-07-14,0,515800,0
PERF-001345,PRJ-058,2023-05-31,474300,417800,442000,0.9,13245900,343300,2025-07-14,1,515800,0
PERF-001346,PRJ-058,2023-06-30,1183400,1044200,1089500,2.3,13245900,343300,2025-07-14,1,515800,17400
PERF-001347,PRJ-058,2023-07-31,2217000,1959800,2033300,4.4,14137700,343300,2025-07-14,3,515800,17400
PERF-001348,PRJ-058,2023-08-31,3528000,3124700,3348800,7.0,14137700,362400,2025-07-16,1,515800,17400
PERF-001349,PRJ-058,2023-09-30,5033900,4467300,4687600,10.0,15217300,362400,2025-07-18,1,515800,17400
PERF-001350,PRJ-058,2023-10-31,6807100,6054000,6369500,13.6,16584900,445500,2025-07-20,1,515800,17400
PERF-001351,PRJ-058,2023-11-30,8706500,7760500,8339400,17.4,16584900,588200,2025-07-23,1,515800,17400
PERF-001352,PRJ-058,2023-12-31,10830900,9677600,10203800,21.7,16584900,588200,2025-07-26,1,515800,17400
PERF-001353,PRJ-058,2024-01-31,13091200,11727500,12370000,26.3,18978600,961100,2025-07-29,1,515800,17400
PERF-001354,PRJ-058,2024-02-29,15303300,13744600,14507000,30.9,24992400,961100,2025-08-01,1,515800,17400
PERF-001355,PRJ-058,2024-03-31,17745300,15984700,17029400,35.9,26513000,961100,2025-08-05,1,515800,17400
PERF-001356,PRJ-058,2024-04-30,20158100,18213200,19598900,40.9,26880700,1159100,2025-08-08,2,515800,17400
PERF-001357,PRJ-058,2024-05-31,22674700,20555900,22191800,46.2,34298700,1238900,2025-08-12,2,515800,17400
PERF-001358,PRJ-058,2024-06-30,25106000,22839600,24876000,51.3,34298700,1477200,2025-08-15,1,515800,17400
PERF-001359,PRJ-058,2024-07-31,27586200,25193500,26952500,56.6,39895600,1477200,2025-08-19,2,515800,17400
PERF-001360,PRJ-058,2024-08-31,30005300,27518100,29758300,61.8,39895600,1667100,2025-08-22,1,515800,17400
PERF-001361,PRJ-058,2024-09-30,32261300,29717600,31606200,66.7,41306600,1725200,2025-08-26,2,515800,17400
PERF-001362,PRJ-058,2024-10-31,34476700,31915600,35230400,71.7,43722900,1969700,2025-08-29,1,515800,17400
PERF-001363,PRJ-058,2024-11-30,36481700,33948400,37315400,76.2,43770200,1996000,2025-09-01,1,515800,17400
PERF-001364,PRJ-058,2024-12-31,38382300,35928400,39101800,80.7,49924500,1996000,2025-09-04,1,515800,17400
PERF-001365,PRJ-058,2025-01-31,40080400,37762600,40184400,84.8,49924500,2373500,2025-09-04,1,515800,179800
PERF-001366,PRJ-058,2025-02-28,41416200,39274300,42999800,88.2,50224300,2373500,2025-09-04,3,515800,179800
PERF-001367,PRJ-058,2025-03-31,42649600,40765800,43894000,91.5,50224300,2373500,2025-09-04,1,515800,179800
PERF-001368,PRJ-058,2025-04-30,43571500,42005300,46145600,94.3,50394300,2373500,2025-09-04,1,605200,179800
PERF-001369,PRJ-058,2025-05-31,44215400,43052600,47983700,96.7,51126900,2503700,2025-09-04,2,605200,840300
PERF-001370,PRJ-058,2025-06-30,44513000,43818000,47983700,98.4,51126900,2614000,2025-09-04,1,605200,840300
PERF-001371,PRJ-058,2025-07-31,44536700,44329600,49204800,99.5,51126900,2642900,2025-09-04,1,605200,840300
PERF-001372,PRJ-058,2025-08-31,44536700,44533900,49204800,100.0,51126900,2734500,2025-09-04,1,605200,840300
PERF-001373,PRJ-058,2025-09-30,44536700,44536700,49738600,100.0,51230800,2742700,2025-09-04,1,605200,840300
PERF-001374,PRJ-059,2024-10-31,42500,42800,43700,0.1,8698200,223500,2027-07-11,2,0,0
PERF-001375,PRJ-059,2024-11-30,260300,262300,264700,0.7,8698200,223500,2027-07-11,2,0,0
PERF-001376,PRJ-059,2024-12-31,668500,673700,693800,1.9,9253100,223500,2027-07-11,2,0,0
PERF-001377,PRJ-059,2025-01-31,1250300,1259900,1313600,3.5,11788800,234900,2027-07-11,2,0,0
PERF-001378,PRJ-059,2025-02-28,1914300,1928800,2009000,5.3,11788800,234900,2027-07-11,1,0,0
PERF-001379,PRJ-059,2025-03-31,2791000,2812000,2943600,7.8,11788800,280800,2027-07-11,2,0,394600
PERF-001380,PRJ-059,2025-04-30,3769500,3797400,3847100,10.5,11788800,334900,2027-07-10,3,0,394600
PERF-001381,PRJ-059,2025-05-31,4902400,4938100,5056500,13.7,11788800,520400,2027-07-10,2,0,394600
PERF-001382,PRJ-059,2025-06-30,6104800,6148600,6211200,17.0,12822900,590500,2027-07-10,1,0,394600
PERF-001383,PRJ-059,2025-07-31,7444500,7496900,7790800,20.8,17185400,590500,2027-07-10,1,59900,394600
PERF-001384,PRJ-059,2025-08-31,8870200,8931500,9262700,24.7,19186300,727300,2027-07-10,5,59900,394600
PERF-001385,PRJ-059,2025-09-30,10319700,10389700,10696400,28.8,19186300,727300,2027-07-10,3,59900,450100
PERF-001386,PRJ-059,2025-10-31,11877400,11956200,12298500,33.1,20645100,727300,2027-07-09,3,59900,450100
PERF-001387,PRJ-059,2025-11-30,13430700,13517800,13938200,37.4,20645100,764400,2027-07-09,3,197400,450100
PERF-001388,PRJ-059,2025-12-31,15070800,15166100,15685100,42.0,25634000,789200,2027-07-09,7,197400,450100
PERF-001389,PRJ-060,2023-02-28,195200,140800,153300,0.7,5180200,100700,2024-02-10,0,0,0
PERF-001390,PRJ-060,2023-03-31,1126400,820800,901000,4.0,5180200,142000,2024-02-10,1,0,0
PERF-001391,PRJ-060,2023-04-30,2631400,1938100,2135500,9.5,5180200,171400,2024-02-15,1,0,0
PERF-001392,PRJ-060,2023-05-31,4664300,3478400,3815600,17.0,9563000,308000,2024-02-21,2,0,0
PERF-001393,PRJ-060,2023-06-30,6953900,5257300,5824900,25.7,10409000,462800,2024-02-28,2,15500,0
PERF-001394,PRJ-060,2023-07-31,9506700,7304500,8066200,35.7,12551500,524900,2024-03-07,1,15500,0
PERF-001395,PRJ-060,2023-08-31,12100700,9473800,10607100,46.3,13676700,657100,2024-03-16,2,15500,0
PERF-001396,PRJ-060,2023-09-30,14508600,11603600,13597500,56.8,17541500,815300,2024-03-25,1,15500,0
PERF-001397,PRJ-060,2023-10-31,16744900,13746900,15578400,67.3,20974700,941800,2024-04-02,1,15500,0
PERF-001398,PRJ-060,2023-11-30,18525200,15680500,17760400,76.7,21874500,1134500,2024-04-10,1,15500,0
PERF-001399,PRJ-060,2023-12-31,19821900,17444300,19772800,85.3,23863900,1134500,2024-04-13,1,15500,0
PERF-001400,PRJ-060,2024-01-31,20418100,18879900,21582300,92.4,24067200,1250700,2024-04-13,1,15500,0
PERF-001401,PRJ-060,2024-02-29,20440400,19844800,22347700,97.1,24067200,1312500,2024-04-13,2,15500,0
PERF-001402,PRJ-060,2024-03-31,20440400,20385700,23572900,99.7,24345200,1372400,2024-04-13,2,15500,320900
PERF-001403,PRJ-060,2024-04-30,20440400,20440400,24131000,100.0,24854900,1469000,2024-04-13,3,15500,320900
PERF-001404,PRJ-061,2023-04-30,247000,197400,211300,0.4,7284500,136500,2024-04-17,2,0,0
PERF-001405,PRJ-061,2023-05-31,2188300,1760900,1861400,3.5,8368200,136500,2024-04-17,2,0,0
PERF-001406,PRJ-061,2023-06-30,5617100,4553300,4771000,9.0,12885300,374100,2024-04-20,1,0,0
PERF-001407,PRJ-061,2023-07-31,10404200,8506400,9105000,16.9,18746200,521700,2024-04-24,2,0,0
PERF-001408,PRJ-061,2023-08-31,16092400,13285800,14090700,26.4,23906500,713400,2024-04-29,1,0,426300
PERF-001409,PRJ-061,2023-09-30,22108800,18451800,20072900,36.6,33011000,1049600,2024-05-05,3,0,426300
PERF-001410,PRJ-061,2023-10-31,28496700,24094200,26540300,47.8,33383000,1090700,2024-05-11,2,0,426300
PERF-001411,PRJ-061,2023-11-30,34501800,29605400,32846600,58.7,46476200,1349000,2024-05-17,3,0,1084500
PERF-001412,PRJ-061,2023-12-31,40166600,35098400,39844800,69.6,47976200,1547600,2024-05-23,3,0,1084500
PERF-001413,PRJ-061,2024-01-31,44918600,40127600,44349000,79.6,57373500,1814600,2024-05-29,4,0,1084500
PERF-001414,PRJ-061,2024-02-29,48212100,44180900,50529100,87.7,59371500,1910200,2024-05-29,2,94100,1327000
PERF-001415,PRJ-061,2024-03-31,50153400,47569700,56274700,94.4,61412100,2184700,2024-05-29,3,94100,1327000
PERF-001416,PRJ-061,2024-04-30,50400400,49679600,56948900,98.6,61412100,2190100,2024-05-29,2,94100,1327000
PERF-001417,PRJ-061,2024-05-31,50400400,50400400,57773800,100.0,61412100,2290100,2024-05-29,2,142200,1931500
PERF-001418,PRJ-062,2024-08-31,132600,119800,137300,0.2,16771600,279300,2027-07-04,1,0,0
PERF-001419,PRJ-062,2024-09-30,520400,470600,538900,0.8,16771600,279300,2027-07-04,2,101900,0
PERF-001420,PRJ-062,2024-10-31,1172900,1061800,1211900,1.9,16771600,279300,2027-07-04,2,101900,0
PERF-001421,PRJ-062,2024-11-30,2032400,1841800,2127500,3.2,18816300,397800,2027-07-04,4,101900,330500
PERF-001422,PRJ-062,2024-12-31,3139800,2848600,3318500,5.0,18816300,397800,2027-07-05,4,101900,330500
PERF-001423,PRJ-062,2025-01-31,4453400,4045200,4695700,7.1,21313100,548500,2027-07-06,4,101900,330500
PERF-001424,PRJ-062,2025-02-28,5803100,5277200,6156400,9.3,21313100,548500,2027-07-08,4,101900,330500
PERF-001425,PRJ-062,2025-03-31,7462700,6795300,7852700,12.0,21313100,548500,2027-07-09,5,101900,546200
PERF-001426,PRJ-062,2025-04-30,9218800,8405400,9846300,14.8,27221500,693300,2027-07-11,4,1050900,546200
PERF-001427,PRJ-062,2025-05-31,11172000,10200900,11642300,18.0,27221500,763000,2027-07-14,3,1050900,770000
PERF-001428,PRJ-062,2025-06-30,13180700,12052400,14148900,21.3,30297700,922300,2027-07-16,4,1050900,770000
PERF-001429,PRJ-062,2025-07-31,15362400,14069400,16319400,24.8,34402300,924900,2027-07-18,4,1050900,770000
PERF-001430,PRJ-062,2025-08-31,17635300,16177600,19125900,28.5,36394000,1265600,2027-07-21,3,1050900,922100
PERF-001431,PRJ-062,2025-09-30,19905900,18291100,21490400,32.3,36394000,1265600,2027-07-24,4,1602500,922100
PERF-001432,PRJ-062,2025-10-31,22309000,20536600,23951600,36.2,36394000,1265600,2027-07-26,4,1602500,922100
PERF-001433,PRJ-062,2025-11-30,24674100,22755900,26991900,40.1,37868700,1352800,2027-07-29,3,1602500,922100
PERF-001434,PRJ-062,2025-12-31,27142400,25082900,29579800,44.3,39035400,1581700,2027-08-01,5,1602500,922100
PERF-001435,PRJ-063,2024-04-30,664100,614900,672100,0.2,68657500,1835000,2026-09-06,1,0,0
PERF-001436,PRJ-063,2024-05-31,3115600,2887500,3212300,1.1,78420100,1835000,2026-09-06,1,0,0
PERF-001437,PRJ-063,2024-06-30,7086400,6573900,7147700,2.5,78420100,1835000,2026-09-06,1,0,0
PERF-001438,PRJ-063,2024-07-31,12709700,11802800,12688300,4.5,88052000,1835000,2026-09-06,1,0,0
PERF-001439,PRJ-063,2024-08-31,19744100,18355600,19824600,7.0,88052000,1835000,2026-09-07,1,0,0
PERF-001440,PRJ-063,2024-09-30,27768000,25844000,27989000,9.9,88052000,3243700,2026-09-08,1,0,3168600
PERF-001441,PRJ-063,2024-10-31,37184500,34650300,37728900,13.3,108450700,3243700,2026-09-10,2,0,3957700
PERF-001442,PRJ-063,2024-11-30,47260200,44094100,48003500,16.9,108450700,4125200,2026-09-11,2,377800,3957700
PERF-001443,PRJ-063,2024-12-31,58535100,54687800,60435000,21.0,137616100,5533500,2026-09-13,1,377800,4427300
PERF-001444,PRJ-063,2025-01-31,70553800,66011500,71411600,25.3,137616100,5533500,2026-09-15,4,377800,4427300
PERF-001445,PRJ-063,2025-02-28,81936200,76766500,84669300,29.5,145095800,5533500,2026-09-17,1,377800,4427300
PERF-001446,PRJ-063,2025-03-31,94996800,89146700,99705200,34.2,155945000,8078000,2026-09-19,1,377800,4427300
PERF-001447,PRJ-063,2025-04-30,107971900,101491000,112928800,39.0,164124500,8078000,2026-09-21,2,377800,4427300
PERF-001448,PRJ-063,2025-05-31,121594800,114505300,129800000,44.0,196890300,9768600,2026-09-23,1,377800,4427300
PERF-001449,PRJ-063,2025-06-30,134860700,127237700,144802300,48.9,198823100,9768600,2026-09-25,2,377800,4427300
PERF-001450,PRJ-063,2025-07-31,148522200,140420000,158509200,53.9,211651100,12198500,2026-09-28,2,377800,8714400
PERF-001451,PRJ-063,2025-08-31,162002700,153509100,173948200,58.9,251606700,12198500,2026-09-30,3,377800,9966000
PERF-001452,PRJ-063,2025-09-30,174748600,165974000,188081400,63.7,251606700,12198500,2026-10-02,2,377800,9966000
PERF-001453,PRJ-063,2025-10-31,187478000,178528300,202010800,68.6,252733000,13946800,2026-10-04,3,377800,9966000
PERF-001454,PRJ-063,2025-11-30,199243700,190250200,218645500,73.1,256495000,14663800,2026-10-06,3,377800,9966000
PERF-001455,PRJ-063,2025-12-31,210698400,201803900,229839300,77.5,277668600,15551100,2026-10-08,4,377800,9966000
PERF-001456,PRJ-064,2022-07-31,16600,15000,16800,0.2,1319700,42900,2024-04-17,0,0,0
PERF-001457,PRJ-064,2022-08-31,138800,125500,138700,1.4,1769400,50300,2024-04-17,0,36800,0
PERF-001458,PRJ-064,2022-09-30,360400,326400,406750,3.6,2021200,50300,2024-04-17,0,36800,0
PERF-001459,PRJ-064,2022-10-31,684100,620800,674800,6.9,2249900,50900,2024-04-18,0,36800,0
PERF-001460,PRJ-064,2022-11-30,1077600,979900,1115400,10.9,2658100,69900,2024-04-20,2,36800,0
PERF-001461,PRJ-064,2022-12-31,1555200,1417400,1621300,15.7,3756100,81200,2024-04-22,1,74300,0
PERF-001462,PRJ-064,2023-01-31,2092700,1912000,2166600,21.2,4065500,117400,2024-04-24,1,74300,0
PERF-001463,PRJ-064,2023-02-28,2619500,2399000,2746800,26.6,4243600,146800,2024-04-26,1,74300,0
PERF-001464,PRJ-064,2023-03-31,3237100,2973100,3399300,33.0,4695800,168700,2024-04-29,1,74300,0
PERF-001465,PRJ-064,2023-04-30,3857900,3554100,4065300,39.4,6668800,211500,2024-05-02,1,74300,0
PERF-001466,PRJ-064,2023-05-31,4511400,4170400,4928800,46.2,6668800,238200,2024-05-05,2,74300,0
PERF-001467,PRJ-064,2023-06-30,5144000,4772400,5573000,52.9,6919800,247700,2024-05-07,2,74300,82700
PERF-001468,PRJ-064,2023-07-31,5785800,5390000,6398700,59.7,9146100,310100,2024-05-10,3,74300,82700
PERF-001469,PRJ-064,2023-08-31,6403400,5992600,7138500,66.4,9729300,326900,2024-05-13,3,74300,82700
PERF-001470,PRJ-064,2023-09-30,6966400,6551700,7773600,72.6,10761100,368000,2024-05-16,3,74300,82700
PERF-001471,PRJ-064,2023-10-31,7500500,7094200,8514400,78.6,10761100,402500,2024-05-18,3,74300,107900
PERF-001472,PRJ-064,2023-11-30,7959500,7575200,9102400,84.0,11167300,402600,2024-05-19,3,74300,107900
PERF-001473,PRJ-064,2023-12-31,8362300,8016700,9695100,88.8,11239400,429400,2024-05-19,3,74300,107900
PERF-001474,PRJ-064,2024-01-31,8680200,8391300,10348000,93.0,11460700,469500,2024-05-19,4,74300,107900
PERF-001475,PRJ-064,2024-02-29,8889800,8671700,10939600,96.1,11724100,469500,2024-05-19,4,74300,107900
PERF-001476,PRJ-064,2024-03-31,9008300,8886800,10945800,98.5,11724100,496900,2024-05-19,4,74300,130400
PERF-001477,PRJ-064,2024-04-30,9022900,9001800,11060300,99.8,11724100,496900,2024-05-19,4,74300,188700
PERF-001478,PRJ-064,2024-05-31,9022900,9022900,11060300,100.0,11724100,496900,2024-05-19,4,74300,188700
PERF-001479,PRJ-065,2022-01-31,9232600,8089800,8831500,7.7,24798900,601300,2023-11-15,0,0,0
PERF-001480,PRJ-065,2022-02-28,12818300,11255600,12325300,10.6,35128600,601300,2023-11-17,0,0,0
PERF-001481,PRJ-065,2022-03-31,17309700,15237300,16281500,14.4,38337900,760500,2023-11-19,0,0,0
PERF-001482,PRJ-065,2022-04-30,22108300,19511100,21134500,18.5,43698500,838200,2023-11-22,1,0,0
PERF-001483,PRJ-065,2022-05-31,27459700,24302000,26815300,23.0,54742200,1462100,2023-11-26,0,0,0
PERF-001484,PRJ-065,2022-06-30,32947700,29243400,31745800,27.7,61083100,1944000,2023-11-29,0,0,322000
PERF-001485,PRJ-065,2022-07-31,38863700,34604500,37943600,32.7,61083100,2583300,2023-12-03,0,0,322000
PERF-001486,PRJ-065,2022-08-31,44953300,40163800,44593000,38.0,71942500,2583300,2023-12-07,0,0,772600
PERF-001487,PRJ-065,2022-09-30,50939900,45674300,50890600,43.2,72096700,2593000,2023-12-10,0,0,772600
PERF-001488,PRJ-065,2022-10-31,57148200,51443200,55749700,48.7,72096700,2593000,2023-12-14,2,0,772600
PERF-001489,PRJ-065,2022-11-30,63106700,57040900,61747700,54.0,84963400,3131200,2023-12-18,0,0,772600
PERF-001490,PRJ-065,2022-12-31,69138200,62780500,68803900,59.4,98724300,3755000,2023-12-22,0,120000,1556400
PERF-001491,PRJ-065,2023-01-31,74966500,68413500,74953800,64.7,101677800,3999900,2023-12-26,0,120000,1556400
PERF-001492,PRJ-065,2023-02-28,79992600,73358400,80927000,69.4,104923100,4294500,2023-12-29,0,120000,1556400
PERF-001493,PRJ-065,2023-03-31,85223300,78618000,87374300,74.4,117577400,4294500,2024-01-02,0,120000,1556400
PERF-001494,PRJ-065,2023-04-30,89881600,83436500,96290100,78.9,123660500,4744500,2024-01-05,1,120000,1665500
PERF-001495,PRJ-065,2023-05-31,94203800,88075000,98642800,83.3,123660500,4744500,2024-01-06,0,120000,1665500
PERF-001496,PRJ-065,2023-06-30,97839800,92176700,103399800,87.2,123660500,5429400,2024-01-06,1,120000,1665500
PERF-001497,PRJ-065,2023-07-31,100957700,95955000,109809000,90.8,124574500,5429400,2024-01-06,0,120000,1857900
PERF-001498,PRJ-065,2023-08-31,103350400,99204500,110918500,93.9,124574500,5533500,2024-01-06,2,120000,1857900
PERF-001499,PRJ-065,2023-09-30,104903500,101787600,114947400,96.3,124574500,5533500,2024-01-06,0,120000,1857900
PERF-001500,PRJ-065,2023-10-31,105646300,103816300,119054100,98.2,124835300,5533500,2024-01-06,0,120000,1991900
PERF-001501,PRJ-065,2023-11-30,105687000,105102300,119054100,99.4,124835300,5734500,2024-01-06,0,120000,1991900
PERF-001502,PRJ-065,2023-12-31,105687000,105671200,119054100,100.0,124835300,5734500,2024-01-06,0,120000,1991900
PERF-001503,PRJ-065,2024-01-31,105687000,105687000,119776500,100.0,124835300,5734500,2024-01-06,1,120000,1991900
PERF-001504,PRJ-066,2023-08-31,68600,65000,67600,0.2,7834700,56400,2026-05-06,1,0,0
PERF-001505,PRJ-066,2023-09-30,312000,295600,306900,0.9,7834700,165800,2026-05-06,0,0,0
PERF-001506,PRJ-066,2023-10-31,736800,698600,729200,2.0,10073300,165800,2026-05-06,0,0,0
PERF-001507,PRJ-066,2023-11-30,1304400,1237400,1311200,3.6,10727300,165800,2026-05-06,0,0,0
PERF-001508,PRJ-066,2023-12-31,2040700,1937200,1990000,5.6,10727300,214900,2026-05-07,0,0,0
PERF-001509,PRJ-066,2024-01-31,2917000,2770900,2895900,8.0,12298500,237100,2026-05-08,0,0,0
PERF-001510,PRJ-066,2024-02-29,3852600,3662200,3878900,10.5,12298500,237100,2026-05-09,1,0,0
PERF-001511,PRJ-066,2024-03-31,4965100,4723300,5068900,13.6,12298500,339300,2026-05-10,0,0,0
PERF-001512,PRJ-066,2024-04-30,6140800,5846400,6206900,16.8,12488500,365800,2026-05-11,0,0,77900
PERF-001513,PRJ-066,2024-05-31,7446300,7095300,7554800,20.4,15335900,444400,2026-05-12,0,32400,77900
PERF-001514,PRJ-066,2024-06-30,8785900,8378900,8665200,24.1,15335900,560300,2026-05-13,1,32400,77900
PERF-001515,PRJ-066,2024-07-31,10237000,9771900,10072100,28.1,15442300,560300,2026-05-15,1,32400,77900
PERF-001516,PRJ-066,2024-08-31,11743800,11221300,11697650,32.3,19766300,560300,2026-05-16,1,32400,77900
PERF-001517,PRJ-066,2024-09-30,13243600,12667100,13323200,36.5,19903000,629200,2026-05-18,1,32400,77900
PERF-001518,PRJ-066,2024-10-31,14824400,14194700,14954000,40.9,23270800,706400,2026-05-19,1,32400,77900
PERF-001519,PRJ-066,2024-11-30,16372800,15694900,16880600,45.2,23270800,706400,2026-05-21,2,32400,77900
PERF-001520,PRJ-066,2024-12-31,17980000,17256800,18029100,49.7,25853800,721300,2026-05-22,1,32400,77900
PERF-001521,PRJ-066,2025-01-31,19582500,18819500,19922500,54.2,28882100,798900,2026-05-24,1,32400,77900
PERF-001522,PRJ-066,2025-02-28,21015700,20222200,21877100,58.3,31626600,863900,2026-05-25,1,32400,77900
PERF-001523,PRJ-066,2025-03-31,22575300,21755100,23193400,62.7,31626600,894900,2026-05-27,2,32400,77900
PERF-001524,PRJ-066,2025-04-30,24046200,23208100,25123900,66.9,35558700,980900,2026-05-28,1,32400,323000
PERF-001525,PRJ-066,2025-05-31,25514800,24667100,26712200,71.1,36110700,1000700,2026-05-30,1,187300,323000
PERF-001526,PRJ-066,2025-06-30,26874600,26027500,28408200,75.0,38939500,1071400,2026-05-31,1,187300,323000
PERF-001527,PRJ-066,2025-07-31,28204600,27369000,29637100,78.8,38939500,1108800,2026-06-02,1,187300,323000
PERF-001528,PRJ-066,2025-08-31,29446000,28634000,30506600,82.5,38939500,1178100,2026-06-02,1,187300,323000
PERF-001529,PRJ-066,2025-09-30,30551400,29774800,32579700,85.8,39125400,1270700,2026-06-02,2,187300,323000
PERF-001530,PRJ-066,2025-10-31,31582600,30856300,33844900,88.9,39220200,1317700,2026-06-02,3,187300,323000
PERF-001531,PRJ-066,2025-11-30,32461600,31798300,34613100,91.6,39220200,1317700,2026-06-02,2,187300,323000
PERF-001532,PRJ-066,2025-12-31,33235100,32652600,35828600,94.1,39234900,1335700,2026-06-02,2,187300,323000
PERF-001533,PRJ-067,2024-06-30,62100,52600,56300,0.1,6084100,50400,2025-09-22,1,0,0
PERF-001534,PRJ-067,2024-07-31,996500,846900,930700,1.9,9293700,308400,2025-09-22,1,0,0
PERF-001535,PRJ-067,2024-08-31,2925400,2496800,2700100,5.7,10743200,366300,2025-09-23,0,0,245900
PERF-001536,PRJ-067,2024-09-30,5584000,4787800,5237800,10.9,11929500,555300,2025-09-25,0,0,245900
PERF-001537,PRJ-067,2024-10-31,8989600,7748000,8554800,17.7,17267100,678400,2025-09-29,1,0,245900
PERF-001538,PRJ-067,2024-11-30,12769200,11067600,12387000,25.2,26072100,1020900,2025-10-03,0,0,245900
PERF-001539,PRJ-067,2024-12-31,17014900,14843300,16506600,33.8,26072100,1284300,2025-10-07,1,132000,245900
PERF-001540,PRJ-067,2025-01-31,21443600,18843800,20916900,42.9,30404100,1499200,2025-10-11,1,132000,245900
PERF-001541,PRJ-067,2025-02-28,25464200,22544000,25790800,51.4,32584100,1606000,2025-10-16,0,132000,245900
PERF-001542,PRJ-067,2025-03-31,29786900,26619000,30930200,60.6,39563900,2009300,2025-10-20,0,132000,245900
PERF-001543,PRJ-067,2025-04-30,33691600,30424500,34855600,69.3,47686100,2286400,2025-10-25,1,132000,245900
PERF-001544,PRJ-067,2025-05-31,37278500,34089700,40172500,77.7,50883600,2484300,2025-10-29,2,132000,245900
PERF-001545,PRJ-067,2025-06-30,40163100,37259200,44745700,84.9,53737200,2716000,2025-10-30,1,132000,245900
PERF-001546,PRJ-067,2025-07-31,42377700,40019800,47827900,91.2,54033800,2908100,2025-10-30,1,132000,245900
PERF-001547,PRJ-067,2025-08-31,43650800,42130900,50379200,96.0,54064100,3093400,2025-10-30,1,132000,1069100
PERF-001548,PRJ-067,2025-09-30,43895700,43435200,51310400,99.0,54064100,3325900,2025-10-30,1,132000,1069100
PERF-001549,PRJ-067,2025-10-31,43895700,43895700,52640800,100.0,54220100,3325900,2025-10-30,5,477300,1069100
PERF-001550,PRJ-068,2022-09-30,219400,189000,209800,0.3,8806100,146800,2024-08-07,1,0,0
PERF-001551,PRJ-068,2022-10-31,1022700,882800,990200,1.6,16141100,146800,2024-08-07,2,0,0
PERF-001552,PRJ-068,2022-11-30,2310600,1999300,2250200,3.7,16141100,355600,2024-08-07,2,0,0
PERF-001553,PRJ-068,2022-12-31,4113900,3568900,3944500,6.6,18825300,373800,2024-08-09,2,0,315400
PERF-001554,PRJ-068,2023-01-31,6341100,5516600,6203100,10.1,22141200,373800,2024-08-11,2,0,315400
PERF-001555,PRJ-068,2023-02-28,8670200,7563100,8724400,13.9,22497100,449200,2024-08-14,3,0,315400
PERF-001556,PRJ-068,2023-03-31,11548000,10105500,11308900,18.6,27460500,532800,2024-08-17,2,0,315400
PERF-001557,PRJ-068,2023-04-30,14580700,12801400,14825900,23.5,28455500,608300,2024-08-20,3,0,315400
PERF-001558,PRJ-068,2023-05-31,17915300,15786600,18423500,29.0,30692300,945700,2024-08-24,2,0,1398400
PERF-001559,PRJ-068,2023-06-30,21283900,18826500,21903200,34.6,33832200,1091600,2024-08-28,3,79800,1425200
PERF-001560,PRJ-068,2023-07-31,24855900,22079800,25512100,40.6,38144800,1205400,2024-09-01,4,79800,1607500
PERF-001561,PRJ-068,2023-08-31,28464400,25402300,29859000,46.7,47744100,1368800,2024-09-05,2,79800,1607500
PERF-001562,PRJ-068,2023-09-30,31938000,28640900,34177300,52.7,47744100,1493500,2024-09-09,4,79800,1607500
PERF-001563,PRJ-068,2023-10-31,35453000,31967700,38577400,58.8,48725700,1646400,2024-09-13,2,478500,1607500
PERF-001564,PRJ-068,2023-11-30,38729900,35125900,41616100,64.6,56356500,1745000,2024-09-17,2,478500,1607500
PERF-001565,PRJ-068,2023-12-31,41932100,38282100,45855600,70.4,60401400,1846400,2024-09-21,2,478500,1607500
PERF-001566,PRJ-068,2024-01-31,44891100,41284600,50707600,75.9,68778900,1986500,2024-09-25,2,478500,1607500
PERF-001567,PRJ-068,2024-02-29,47388900,43914300,53641100,80.8,68778900,2045900,2024-09-28,2,478500,1607500
PERF-001568,PRJ-068,2024-03-31,49716400,46491000,55736100,85.5,68778900,2158900,2024-09-28,3,478500,1707100
PERF-001569,PRJ-068,2024-04-30,51579600,48712600,59662900,89.6,68778900,2241600,2024-09-28,3,478500,1707100
PERF-001570,PRJ-068,2024-05-31,53047400,50683000,62395300,93.2,68938100,2401000,2024-09-28,2,478500,1707100
PERF-001571,PRJ-068,2024-06-30,53972500,52233200,63681200,96.1,68938100,2482500,2024-09-28,4,478500,1707100
PERF-001572,PRJ-068,2024-07-31,54361400,53422600,66253100,98.3,69446700,2482500,2024-09-28,3,478500,1837200
PERF-001573,PRJ-068,2024-08-31,54366700,54147900,67758700,99.6,70073500,2491300,2024-09-28,3,478500,1837200
PERF-001574,PRJ-068,2024-09-30,54366700,54366700,68449800,100.0,70503300,2594800,2024-09-28,5,478500,1837200
PERF-001575,PRJ-069,2024-08-31,259400,199100,221900,0.1,33481800,415600,2026-08-19,0,0,0
PERF-001576,PRJ-069,2024-09-30,1927700,1485200,1643400,0.9,33481800,959600,2026-08-19,0,0,0
PERF-001577,PRJ-069,2024-10-31,5152200,3985100,4325100,2.5,34996800,1336400,2026-08-19,1,0,0
PERF-001578,PRJ-069,2024-11-30,9586200,7444700,8170900,4.6,34996800,1336400,2026-08-20,3,0,0
PERF-001579,PRJ-069,2024-12-31,15380400,11997300,13337200,7.4,49230600,1336400,2026-08-24,2,0,489400
PERF-001580,PRJ-069,2025-01-31,22259700,17445100,19393700,10.8,65323200,2086900,2026-08-28,2,0,925200
PERF-001581,PRJ-069,2025-02-28,29282200,23052000,26019400,14.2,65323200,2387800,2026-09-02,2,0,925200
PERF-001582,PRJ-069,2025-03-31,37815400,29927600,33861200,18.5,74308900,2937100,2026-09-07,1,0,925200
PERF-001583,PRJ-069,2025-04-30,46696700,37158800,41559400,22.9,74308900,3345500,2026-09-13,2,0,925200
PERF-001584,PRJ-069,2025-05-31,56373100,45130500,53004200,27.9,105971100,4274500,2026-09-19,1,0,925200
PERF-001585,PRJ-069,2025-06-30,66081800,53235400,60064100,32.9,108171500,4274500,2026-09-26,3,0,1189700
PERF-001586,PRJ-069,2025-07-31,76325100,61916600,72175000,38.2,112288700,5249700,2026-10-03,1,0,2218900
PERF-001587,PRJ-069,2025-08-31,86635600,70810400,83457600,43.7,127010800,5742600,2026-10-10,1,0,3146000
PERF-001588,PRJ-069,2025-09-30,96537300,79525600,94291900,49.1,127010800,6510100,2026-10-17,3,0,3313500
PERF-001589,PRJ-069,2025-10-31,106545500,88546100,104424100,54.7,154761100,6510100,2026-10-24,2,0,3313500
PERF-001590,PRJ-069,2025-11-30,115875800,97196900,114419800,60.0,154761100,7705500,2026-10-31,3,0,5404700
PERF-001591,PRJ-069,2025-12-31,125005400,105957600,124778800,65.4,166916000,8089000,2026-11-07,5,0,5404700
PERF-001592,PRJ-070,2023-07-31,256100,229300,250800,0.1,73154700,928200,2026-06-14,1,0,0
PERF-001593,PRJ-070,2023-08-31,1632600,1463300,1561400,0.6,73154700,1585200,2026-06-14,1,0,0
PERF-001594,PRJ-070,2023-09-30,4038400,3623500,3960500,1.5,73154700,1585200,2026-06-14,1,0,0
PERF-001595,PRJ-070,2023-10-31,7563400,6794400,7283800,2.8,73154700,1585200,2026-06-14,0,0,0
PERF-001596,PRJ-070,2023-11-30,11912700,10714200,11892200,4.4,82183400,2456000,2026-06-14,0,0,0
PERF-001597,PRJ-070,2023-12-31,17305500,15584500,16974000,6.3,82183400,2456000,2026-06-16,0,0,0
PERF-001598,PRJ-070,2024-01-31,23540000,21227400,23131900,8.6,82183400,2456000,2026-06-18,0,0,0
PERF-001599,PRJ-070,2024-02-29,30070100,27151400,29828300,11.1,93530100,2907900,2026-06-19,1,0,0
PERF-001600,PRJ-070,2024-03-31,37727800,34115500,37812200,13.9,93530100,3521000,2026-06-22,0,0,604600
PERF-001601,PRJ-070,2024-04-30,45738000,41419800,45500000,16.9,114698700,3669000,2026-06-24,1,0,604600
PERF-001602,PRJ-070,2024-05-31,54564300,49491500,53654600,20.2,114698700,3669000,2026-06-26,1,0,604600
PERF-001603,PRJ-070,2024-06-30,63569600,57752800,63156400,23.5,116611800,3943000,2026-06-29,2,0,604600
PERF-001604,PRJ-070,2024-07-31,73283700,66694600,73902100,27.2,143956900,5010800,2026-07-02,2,0,604600
PERF-001605,PRJ-070,2024-08-31,83341600,75987700,83557700,30.9,156994600,5010800,2026-07-05,3,0,604600
PERF-001606,PRJ-070,2024-09-30,93334000,85257600,93809300,34.7,156994600,6332100,2026-07-07,2,897300,604600
PERF-001607,PRJ-070,2024-10-31,103856500,95062600,106848900,38.7,171169200,7456000,2026-07-11,5,897300,604600
PERF-001608,PRJ-070,2024-11-30,114162700,104713000,117781300,42.6,189389500,8316000,2026-07-14,4,897300,1947100
PERF-001609,PRJ-070,2024-12-31,124869300,114792500,129092800,46.7,197466500,8559900,2026-07-17,4,897300,1947100
PERF-001610,PRJ-070,2025-01-31,135561800,124920500,141572200,50.9,197466500,8849700,2026-07-20,3,897300,1947100
PERF-001611,PRJ-070,2025-02-28,145147200,134059000,149356200,54.6,216470000,9068800,2026-07-23,4,897300,1947100
PERF-001612,PRJ-070,2025-03-31,155612800,144109800,159455300,58.7,216470000,9267700,2026-07-26,3,1629300,1947100
PERF-001613,PRJ-070,2025-04-30,165527800,153713600,177620200,62.6,225728600,10966100,2026-07-29,4,1629300,1947100
PERF-001614,PRJ-070,2025-05-31,175482700,163450900,187510900,66.6,253735900,11327900,2026-08-01,4,1629300,1947100
PERF-001615,PRJ-070,2025-06-30,184767700,172636500,198193300,70.3,253735900,11327900,2026-08-04,4,1629300,1947100
PERF-001616,PRJ-070,2025-07-31,193931300,181823000,212463600,74.0,269927100,12401400,2026-08-06,5,1629300,2072000
PERF-001617,PRJ-070,2025-08-31,202585200,190638500,220585200,77.6,269927100,12893400,2026-08-09,5,1629300,2072000
PERF-001618,PRJ-070,2025-09-30,210406400,198758600,226916800,80.9,288796400,13097000,2026-08-11,5,1629300,2072000
PERF-001619,PRJ-070,2025-10-31,217845800,206665000,238819400,84.1,288796400,14673700,2026-08-11,5,1629300,2072000
PERF-001620,PRJ-070,2025-11-30,224355800,213790500,253044100,87.1,299404900,14673700,2026-08-11,6,1629300,2072000
PERF-001621,PRJ-070,2025-12-31,230300000,220550300,256495600,89.8,299404900,14832300,2026-08-11,6,1629300,2072000
PERF-001622,PRJ-071,2024-05-31,121900,101400,105400,0.1,25368400,486400,2026-05-22,0,0,0
PERF-001623,PRJ-071,2024-06-30,1297000,1081200,1143100,0.8,25368400,486400,2026-05-22,0,0,231400
PERF-001624,PRJ-071,2024-07-31,3728100,3116300,3254700,2.4,36241600,486400,2026-05-22,2,0,231400
PERF-001625,PRJ-071,2024-08-31,7277900,6101700,6565700,4.7,43759700,486400,2026-05-22,2,0,231400
PERF-001626,PRJ-071,2024-09-30,11666300,9810600,10475500,7.6,48197800,633900,2026-05-25,2,0,231400
PERF-001627,PRJ-071,2024-10-31,17069700,14402300,15085800,11.1,48197800,674700,2026-05-28,1,0,231400
PERF-001628,PRJ-071,2024-11-30,23028500,19496600,20741400,15.0,53030000,1024700,2026-05-31,3,0,231400
PERF-001629,PRJ-071,2024-12-31,29824000,25345400,26598300,19.5,59713700,1024700,2026-06-04,4,0,231400
PERF-001630,PRJ-071,2025-01-31,37150000,31699100,33165900,24.4,68447300,1072500,2026-06-09,3,0,231400
PERF-001631,PRJ-071,2025-02-28,44124000,37796800,39798800,29.1,70628500,1324500,2026-06-13,4,0,689400
PERF-001632,PRJ-071,2025-03-31,52130500,44862300,47371200,34.6,74878100,1485900,2026-06-18,4,0,689400
PERF-001633,PRJ-071,2025-04-30,60055700,51932100,56047300,40.0,92054000,1700400,2026-06-23,4,0,689400
PERF-001634,PRJ-071,2025-05-31,68312000,59389900,64469500,45.8,97968300,2063400,2026-06-28,4,0,1264700
PERF-001635,PRJ-071,2025-06-30,76255500,66670300,71321000,51.4,110099900,2063400,2026-07-03,4,0,1264700
PERF-001636,PRJ-071,2025-07-31,84299900,74171000,80197200,57.2,114344200,2495800,2026-07-08,5,0,1264700
PERF-001637,PRJ-071,2025-08-31,92059700,81559600,86945700,62.9,114344200,2806200,2026-07-13,5,0,3026900
PERF-001638,PRJ-071,2025-09-30,99186100,88518200,94812400,68.2,119224400,2806200,2026-07-18,4,0,3026900
PERF-001639,PRJ-071,2025-10-31,106038200,95423000,105099400,73.6,132070400,2913700,2026-07-22,5,0,4120300
PERF-001640,PRJ-071,2025-11-30,112062700,101744300,109527400,78.4,139348200,3453400,2026-07-27,6,0,4458400
PERF-001641,PRJ-071,2025-12-31,117545300,107815700,116074200,83.1,143821300,3453400,2026-07-28,9,0,4458400
PERF-001642,PRJ-072,2022-08-31,88400,77500,81500,0.2,13827500,111100,2024-08-15,0,0,0
PERF-001643,PRJ-072,2022-09-30,611300,537100,559300,1.1,13827500,180100,2024-08-15,0,0,0
PERF-001644,PRJ-072,2022-10-31,1607000,1414800,1498800,2.9,13827500,283900,2024-08-15,0,0,0
PERF-001645,PRJ-072,2022-11-30,2969000,2619400,2837400,5.3,13827500,283900,2024-08-16,0,0,154400
PERF-001646,PRJ-072,2022-12-31,4744200,4195100,4370500,8.5,14509700,307500,2024-08-18,0,0,154400
PERF-001647,PRJ-072,2023-01-31,6848400,6070600,6522600,12.3,18668000,425100,2024-08-21,0,0,154400
PERF-001648,PRJ-072,2023-02-28,8994200,7991300,8594800,16.2,19032500,504400,2024-08-23,1,0,154400
PERF-001649,PRJ-072,2023-03-31,11599600,10334600,10974300,20.9,22401200,550000,2024-08-26,0,0,154400
PERF-001650,PRJ-072,2023-04-30,14309800,12785600,13746600,25.9,22401200,637900,2024-08-29,0,0,154400
PERF-001651,PRJ-072,2023-05-31,17261200,15471600,16430300,31.3,27922600,637900,2024-09-02,0,0,154400
PERF-001652,PRJ-072,2023-06-30,20221400,18184600,19224100,36.8,27922600,859200,2024-09-05,0,0,306100
PERF-001653,PRJ-072,2023-07-31,23343700,21069500,22441300,42.6,32332100,1048100,2024-09-09,0,0,419300
PERF-001654,PRJ-072,2023-08-31,26485700,24000400,26252400,48.6,33395600,1200400,2024-09-12,0,125300,419300
PERF-001655,PRJ-072,2023-09-30,29502500,26845700,29036900,54.3,39614400,1334000,2024-09-16,1,125300,419300
PERF-001656,PRJ-072,2023-10-31,32551200,29759000,32398800,60.2,39857600,1366100,2024-09-20,0,125300,613000
PERF-001657,PRJ-072,2023-11-30,35392900,32517700,35400800,65.8,49416100,1366100,2024-09-23,1,125300,613000
PERF-001658,PRJ-072,2023-12-31,38173100,35269700,39212000,71.4,53310000,1601400,2024-09-27,1,125300,613000
PERF-001659,PRJ-072,2024-01-31,40749800,37884700,41788100,76.7,54257200,1601400,2024-09-30,1,125300,613000
PERF-001660,PRJ-072,2024-02-29,42935900,40174200,44191300,81.3,54674100,1734700,2024-10-02,1,125300,613000
PERF-001661,PRJ-072,2024-03-31,44990100,42418700,46294100,85.8,55558200,1878600,2024-10-02,0,306800,613000
PERF-001662,PRJ-072,2024-04-30,46658200,44357000,48963700,89.7,56194200,1878600,2024-10-02,1,306800,613000
PERF-001663,PRJ-072,2024-05-31,48007600,46082400,50962100,93.2,56297800,2062200,2024-10-02,1,306800,613000
PERF-001664,PRJ-072,2024-06-30,48908900,47448900,52752300,96.0,56597200,2167900,2024-10-02,0,306800,613000
PERF-001665,PRJ-072,2024-07-31,49378200,48511600,53897300,98.2,56597200,2167900,2024-10-02,0,306800,613000
PERF-001666,PRJ-072,2024-08-31,49424500,49182400,53900800,99.5,56597200,2167900,2024-10-02,0,306800,613000
PERF-001667,PRJ-072,2024-09-30,49424500,49423500,55077200,100.0,56730600,2167900,2024-10-02,0,306800,613000
PERF-001668,PRJ-072,2024-10-31,49424500,49424500,55077200,100.0,56730600,2167900,2024-10-02,1,306800,908900
PERF-001669,PRJ-073,2023-12-31,209800,236200,239300,0.3,16352600,274300,2025-05-13,0,0,0
PERF-001670,PRJ-073,2024-01-31,1736800,1949600,1996200,2.6,17790000,475100,2025-05-13,2,0,0
PERF-001671,PRJ-073,2024-02-29,4360600,4881500,5066500,6.5,24323800,482600,2025-05-13,3,0,0
PERF-001672,PRJ-073,2024-03-31,8260400,9217700,9623400,12.4,24323800,947800,2025-05-10,2,0,0
PERF-001673,PRJ-073,2024-04-30,12934100,14384000,14686500,19.3,25781100,947800,2025-05-08,1,0,218400
PERF-001674,PRJ-073,2024-05-31,18505400,20500300,21572400,27.5,40611500,1185300,2025-05-05,2,0,218400
PERF-001675,PRJ-073,2024-06-30,24435200,26956800,28679600,36.1,47857500,1279500,2025-05-01,1,0,218400
PERF-001676,PRJ-073,2024-07-31,30931100,33959500,35242200,45.5,47857500,1561900,2025-04-28,1,0,218400
PERF-001677,PRJ-073,2024-08-31,37610500,41076200,43645600,55.1,61516100,2203200,2025-04-24,2,0,512400
PERF-001678,PRJ-073,2024-09-30,44067600,48594700,50847500,65.2,61516100,2418600,2025-04-21,1,0,512400
PERF-001679,PRJ-073,2024-10-31,50545000,55982500,57331400,75.1,75659800,2639000,2025-04-17,2,0,512400
PERF-001680,PRJ-073,2024-11-30,56445100,62524300,65123600,83.8,80002300,2957300,2025-04-15,1,0,512400
PERF-001681,PRJ-073,2024-12-31,61973400,68406400,70521400,91.7,80002300,3176900,2025-04-15,1,0,798600
PERF-001682,PRJ-073,2025-01-31,66733200,73142700,76210100,98.1,80030300,3273600,2025-04-15,3,0,798600
PERF-001683,PRJ-073,2025-02-28,70211400,74572000,77377500,100.0,80030300,3292300,2025-04-15,1,0,798600
PERF-001684,PRJ-073,2025-03-31,72975500,74572000,77377500,100.0,80030300,3486900,2025-04-15,2,0,798600
PERF-001685,PRJ-073,2025-04-30,74387300,74572000,77377500,100.0,80030300,3493200,2025-04-15,1,0,798600
PERF-001686,PRJ-074,2022-03-31,155400,132100,141400,0.2,14645100,313200,2024-09-09,0,0,0
PERF-001687,PRJ-074,2022-04-30,704700,600300,638100,0.9,15308700,358300,2024-09-09,1,0,0
PERF-001688,PRJ-074,2022-05-31,1660700,1417600,1524200,2.2,17056300,358300,2024-09-09,0,0,0
PERF-001689,PRJ-074,2022-06-30,2933400,2508900,2700700,3.8,18115900,358300,2024-09-09,0,0,0
PERF-001690,PRJ-074,2022-07-31,4577900,3923900,4213000,6.0,18115900,522000,2024-09-11,0,0,0
PERF-001691,PRJ-074,2022-08-31,6527000,5607200,5967500,8.6,21018600,522000,2024-09-13,3,0,0
PERF-001692,PRJ-074,2022-09-30,8674500,7469200,8066200,11.4,21811500,639400,2024-09-16,3,0,0
PERF-001693,PRJ-074,2022-10-31,11133900,9610900,10452700,14.7,28659200,882400,2024-09-19,3,0,0
PERF-001694,PRJ-074,2022-11-30,13718100,11871700,12976800,18.2,29591600,964100,2024-09-23,3,0,0
PERF-001695,PRJ-074,2022-12-31,16569600,14379200,15371500,22.0,31563000,964100,2024-09-26,4,0,0
PERF-001696,PRJ-074,2023-01-31,19575200,17037300,18417800,26.1,31563000,964100,2024-09-30,3,0,0
PERF-001697,PRJ-074,2023-02-28,22396900,19547600,21929300,29.9,38144500,1079000,2024-10-04,4,0,0
PERF-001698,PRJ-074,2023-03-31,25611300,22426300,24467900,34.3,43011100,1502200,2024-10-08,3,88000,0
PERF-001699,PRJ-074,2023-04-30,28784600,25289600,28073000,38.7,43011100,1615100,2024-10-13,4,88000,0
PERF-001700,PRJ-074,2023-05-31,32098800,28305300,30921200,43.3,43011100,1928500,2024-10-17,5,88000,107400
PERF-001701,PRJ-074,2023-06-30,35311500,31256600,34047400,47.8,45634300,1928500,2024-10-22,4,88000,107400
PERF-001702,PRJ-074,2023-07-31,38607200,34317100,38471600,52.5,55608500,2051100,2024-10-26,5,88000,107400
PERF-001703,PRJ-074,2023-08-31,41848300,37364800,41118800,57.2,59517500,2051100,2024-10-31,4,88000,553100
PERF-001704,PRJ-074,2023-09-30,44904100,40279600,45651600,61.6,63414300,2157600,2024-11-04,4,88000,553100
PERF-001705,PRJ-074,2023-10-31,47948700,43232600,48815000,66.1,63414300,2431100,2024-11-08,4,88000,553100
PERF-001706,PRJ-074,2023-11-30,50757100,46011100,53515100,70.4,66131300,2529400,2024-11-13,4,88000,553100
PERF-001707,PRJ-074,2023-12-31,53487000,48777000,54984900,74.6,70997100,2921900,2024-11-17,4,88000,553100
PERF-001708,PRJ-074,2024-01-31,56011700,51412400,59598800,78.6,76113700,2921900,2024-11-21,4,88000,1006900
PERF-001709,PRJ-074,2024-02-29,58160700,53738500,61220100,82.2,76712600,3174900,2024-11-22,4,88000,1006900
PERF-001710,PRJ-074,2024-03-31,60201500,56053500,65497700,85.7,77870000,3242000,2024-11-22,4,88000,1006900
PERF-001711,PRJ-074,2024-04-30,61896200,58103100,66211700,88.9,77870000,3242000,2024-11-22,4,88000,1006900
PERF-001712,PRJ-074,2024-05-31,63328000,60000600,69351000,91.8,77870000,3242000,2024-11-22,4,88000,1006900
PERF-001713,PRJ-074,2024-06-30,64376100,61601500,69646500,94.2,77870000,3518100,2024-11-22,4,88000,1006900
PERF-001714,PRJ-074,2024-07-31,65080800,62989300,73112500,96.3,78159700,3591900,2024-11-22,4,88000,1006900
PERF-001715,PRJ-074,2024-08-31,65370600,64082500,75416000,98.0,79246800,3591900,2024-11-22,4,88000,1006900
PERF-001716,PRJ-074,2024-09-30,65376400,64837600,75416000,99.2,79246800,3787500,2024-11-22,5,88000,1006900
PERF-001717,PRJ-074,2024-10-31,65376400,65281600,75939400,99.9,79246800,3787500,2024-11-22,5,88000,1006900
PERF-001718,PRJ-074,2024-11-30,65376400,65376400,77449800,100.0,79773300,3787500,2024-11-22,4,88000,1006900
PERF-001719,PRJ-075,2023-12-31,227100,186600,217600,0.2,18909800,214100,2025-11-16,2,0,0
PERF-001720,PRJ-075,2024-01-31,1525200,1256900,1480700,1.2,32119400,415300,2025-11-16,2,0,0
PERF-001721,PRJ-075,2024-02-29,3697200,3055900,3594900,2.9,32119400,441900,2025-11-16,2,0,0
PERF-001722,PRJ-075,2024-03-31,6939700,5755100,6682500,5.5,35600900,763800,2025-11-17,4,0,416600
PERF-001723,PRJ-075,2024-04-30,10882900,9056200,10767800,8.6,40572300,1373400,2025-11-20,3,376200,416600
PERF-001724,PRJ-075,2024-05-31,15683900,13100600,15496600,12.5,40771000,1373400,2025-11-23,3,376200,738600
PERF-001725,PRJ-075,2024-06-30,20931400,17552000,20776500,16.7,48729900,1373400,2025-11-27,3,376200,738600
PERF-001726,PRJ-075,2024-07-31,26869400,22628500,27498900,21.6,54016800,1958900,2025-12-02,5,376200,738600
PERF-001727,PRJ-075,2024-08-31,33223500,28109400,33555200,26.8,60688200,2266600,2025-12-06,3,376200,738600
PERF-001728,PRJ-075,2024-09-30,39666500,33722400,41038500,32.1,67773600,2537300,2025-12-11,6,856600,738600
PERF-001729,PRJ-075,2024-10-31,46521700,39763000,48165300,37.9,67773600,3082600,2025-12-17,5,856600,738600
PERF-001730,PRJ-075,2024-11-30,53245500,45766100,55990800,43.6,86575100,3137000,2025-12-22,5,856600,738600
PERF-001731,PRJ-075,2024-12-31,60180300,52053100,64914000,49.6,95015600,3374600,2025-12-27,4,856600,738600
PERF-001732,PRJ-075,2025-01-31,66993800,58345400,74796500,55.6,111295200,3842300,2026-01-02,7,856600,969000
PERF-001733,PRJ-075,2025-02-28,72953300,63965900,79183500,61.0,111295200,4301700,2026-01-07,5,856600,969000
PERF-001734,PRJ-075,2025-03-31,79235400,70044700,92517200,66.8,122134900,4695600,2026-01-12,6,856600,969000
PERF-001735,PRJ-075,2025-04-30,84899600,75709500,97804800,72.2,132472900,5060600,2026-01-17,7,856600,969000
PERF-001736,PRJ-075,2025-05-31,90217500,81259300,103446700,77.4,132472900,5588000,2026-01-22,6,856600,969000
PERF-001737,PRJ-075,2025-06-30,94744600,86260800,110321600,82.2,132472900,5960500,2026-01-24,6,856600,969000
PERF-001738,PRJ-075,2025-07-31,98676800,90968600,118461900,86.7,140728200,6424700,2026-01-24,6,856600,969000
PERF-001739,PRJ-075,2025-08-31,101743200,95128400,123434000,90.7,140728200,6725300,2026-01-24,6,856600,2468400
PERF-001740,PRJ-075,2025-09-30,103783700,98556100,132902100,93.9,145727700,6814200,2026-01-24,6,856600,2468400
PERF-001741,PRJ-075,2025-10-31,104828400,101401500,135419900,96.6,145727700,7382000,2026-01-24,7,856600,3537400
PERF-001742,PRJ-075,2025-11-30,104919600,103405500,138086600,98.6,145727700,7382000,2026-01-24,7,856600,3537400
PERF-001743,PRJ-075,2025-12-31,104919600,104623200,139014400,99.7,145727700,7382000,2026-01-24,8,856600,3537400
