RFI_ID,Project_ID,RFI_Title,Discipline,Submitted_Date,Required_Response_Date,Response_Date,RFI_Status,Response_Days,Responsible_Party,Cost_Impact,Schedule_Impact_Days,Priority
RFI-00001,PRJ-001,Mechanical clarification item 1,Mechanical,2025-12-26,2026-01-05,2026-01-09,Answered,14,Designer,0,0,Normal
RFI-00002,PRJ-001,Architectural clarification item 2,Architectural,2025-04-10,2025-04-24,2025-05-01,Answered,21,Designer,0,0,Low
RFI-00003,PRJ-001,Architectural clarification item 3,Architectural,2024-11-05,2024-11-15,2024-11-16,Closed,11,Designer,0,0,Normal
RFI-00004,PRJ-001,Structural clarification item 4,Structural,2025-06-02,2025-06-12,2025-06-23,Answered,21,Designer,0,0,Normal
RFI-00005,PRJ-001,Plumbing clarification item 5,Plumbing,2024-10-22,2024-11-05,2024-11-02,Closed,11,Designer,0,0,Low
RFI-00006,PRJ-001,Electrical clarification item 6,Electrical,2025-02-06,2025-02-13,2025-02-27,Closed,21,Designer,26800,3,High
RFI-00007,PRJ-001,Civil clarification item 7,Civil,2025-04-25,2025-05-05,2025-05-20,Closed,25,Designer,0,0,Normal
RFI-00008,PRJ-001,Civil clarification item 8,Civil,2025-04-26,2025-05-03,,Open,,Contractor,10800,5,High
RFI-00009,PRJ-001,Electrical clarification item 9,Electrical,2025-11-22,2025-11-29,,Open,,Designer,0,0,High
RFI-00010,PRJ-001,Architectural clarification item 10,Architectural,2025-07-09,2025-07-16,2025-07-21,Closed,12,Contractor,0,0,High
RFI-00011,PRJ-001,Civil clarification item 11,Civil,2024-12-02,2024-12-12,2024-12-27,Closed,25,Owner,0,0,Normal
RFI-00012,PRJ-001,Architectural clarification item 12,Architectural,2025-02-22,2025-03-04,2025-02-27,Closed,5,Contractor,0,0,Normal
RFI-00013,PRJ-001,Mechanical clarification item 13,Mechanical,2025-08-21,2025-08-31,2025-09-02,Answered,12,Designer,0,0,Normal
RFI-00014,PRJ-001,General clarification item 14,General,2024-09-05,2024-09-12,2024-09-17,Answered,12,Designer,13100,5,High
RFI-00015,PRJ-001,Fire Protection clarification item 15,Fire Protection,2025-01-21,2025-01-31,2025-02-09,Answered,19,Designer,0,0,Normal
RFI-00016,PRJ-001,Structural clarification item 16,Structural,2024-08-06,2024-08-09,2024-08-23,Answered,17,Designer,0,0,Critical
RFI-00017,PRJ-001,Civil clarification item 17,Civil,2025-08-13,2025-08-27,,Open,,Designer,0,0,Low
RFI-00018,PRJ-002,Mechanical clarification item 18,Mechanical,2024-05-04,2024-05-14,2024-06-01,Answered,28,Contractor,0,0,Normal
RFI-00019,PRJ-002,Fire Protection clarification item 19,Fire Protection,2024-08-29,2024-09-08,2024-09-09,Closed,11,Owner,0,0,Normal
RFI-00020,PRJ-002,Fire Protection clarification item 20,Fire Protection,2024-08-19,2024-08-29,2024-09-03,Answered,15,Designer,0,0,Normal
RFI-00021,PRJ-002,Mechanical clarification item 21,Mechanical,2022-10-21,2022-10-31,2022-11-15,Closed,25,Designer,0,0,Normal
RFI-00022,PRJ-002,General clarification item 22,General,2024-03-01,2024-03-11,,Open,,Designer,17700,8,Normal
RFI-00023,PRJ-002,Fire Protection clarification item 23,Fire Protection,2024-03-21,2024-03-31,2024-04-07,Answered,17,Owner,0,0,Normal
RFI-00024,PRJ-002,Architectural clarification item 24,Architectural,2024-07-07,2024-07-17,2024-07-25,Answered,18,Designer,0,0,Normal
RFI-00025,PRJ-002,Electrical clarification item 25,Electrical,2022-10-06,2022-10-16,2022-10-29,Closed,23,Designer,0,0,Normal
RFI-00026,PRJ-002,Fire Protection clarification item 26,Fire Protection,2023-03-10,2023-03-17,2023-03-29,Closed,19,Contractor,0,0,High
RFI-00027,PRJ-002,Plumbing clarification item 27,Plumbing,2023-10-18,2023-10-28,2023-11-06,Answered,19,Designer,0,0,Normal
RFI-00028,PRJ-002,Architectural clarification item 28,Architectural,2023-05-17,2023-05-20,2023-05-25,Answered,8,Designer,0,0,Critical
RFI-00029,PRJ-002,Mechanical clarification item 29,Mechanical,2023-05-15,2023-05-25,2023-05-26,Closed,11,Designer,31500,3,Normal
RFI-00030,PRJ-002,Mechanical clarification item 30,Mechanical,2024-08-02,2024-08-12,2024-08-15,Closed,13,Owner,6200,2,Normal
RFI-00031,PRJ-002,Architectural clarification item 31,Architectural,2023-11-13,2023-11-23,2023-12-06,Answered,23,Designer,26000,3,Normal
RFI-00032,PRJ-002,Civil clarification item 32,Civil,2022-10-20,2022-10-30,,Answered,13,Contractor,0,0,Normal
RFI-00033,PRJ-002,Mechanical clarification item 33,Mechanical,2023-03-19,2023-03-29,2023-04-07,Answered,19,Contractor,0,0,Normal
RFI-00034,PRJ-002,Electrical clarification item 34,Electrical,2022-11-30,2022-12-07,2022-12-11,Answered,11,Owner,0,0,High
RFI-00035,PRJ-002,Architectural clarification item 35,Architectural,2022-06-28,2022-07-05,,Open,,External,0,0,High
RFI-00036,PRJ-003,Architectural clarification item 36,Architectural,2024-10-10,2024-10-17,,Open,,Designer,0,0,High
RFI-00037,PRJ-003,Civil clarification item 37,Civil,2024-05-29,2024-06-08,2024-06-13,Closed,15,Designer,0,0,Normal
RFI-00038,PRJ-003,Mechanical clarification item 38,Mechanical,2025-09-22,2025-10-02,2025-10-13,Answered,21,Owner,10200,0,Normal
RFI-00039,PRJ-003 ,Architectural clarification item 39,Architectural,2025-10-10,2025-10-20,2025-10-25,Answered,15,Owner,0,0,Normal
RFI-00040,PRJ-003,Civil clarification item 40,Civil,2023-09-03,2023-09-13,2023-09-21,Closed,18,Owner,5700,3,Normal
RFI-00041,PRJ-003,Mechanical clarification item 41,Mechanical,2024-12-24,2025-01-03,,Open,,Contractor,152300,10,Normal
RFI-00042,PRJ-003,Plumbing clarification item 42,Plumbing,2025-03-24,2025-04-03,2025-04-02,Answered,9,Contractor,31000,3,Normal
RFI-00043,PRJ-003,Structural clarification item 43,Structural,2024-02-21,2024-02-24,2024-03-07,Answered,15,Designer,0,0,Critical
RFI-00044,PRJ-003,Electrical clarification item 44,Electrical,2025-10-24,2025-11-03,2025-11-07,Answered,14,Designer,0,0,Normal
RFI-00045,PRJ-003,Plumbing clarification item 45,Plumbing,2024-07-29,2024-08-08,2024-08-17,Closed,19,Contractor,23800,5,Normal
RFI-00046,PRJ-003,Structural clarification item 46,Structural,2023-03-11,2023-03-21,2023-03-29,Answered,18,Owner,0,0,Normal
RFI-00047,PRJ-003,Architectural clarification item 47,Architectural,2024-09-12,2024-09-22,2024-10-03,Answered,21,Owner,0,0,Normal
RFI-00048,PRJ-003,Structural clarification item 48,Structural,2024-05-26,2024-06-05,2024-06-11,Closed,16,Contractor,0,0,Normal
RFI-00049,PRJ-003,General clarification item 49,General,2024-12-28,2025-01-04,2025-01-09,Answered,12,Designer,0,0,High
RFI-00050,PRJ-003,Civil clarification item 50,Civil,2025-01-03,2025-01-17,2025-01-28,Answered,25,External,0,0,Low
RFI-00051,PRJ-003,General clarification item 51,General,2025-04-24,2025-05-01,2025-05-11,Closed,17,Owner,0,0,High
RFI-00052,PRJ-003,Fire Protection clarification item 52,Fire Protection,2024-08-21,2024-08-31,2024-09-18,Answered,28,Contractor,0,0,Normal
RFI-00053,PRJ-004,Fire Protection clarification item 53,Fire Protection,2024-09-03,2024-09-13,,Open,,Contractor,0,0,Normal
RFI-00054,PRJ-004,Plumbing clarification item 54,Plumbing,2025-03-09,2025-03-19,,Open,,Contractor,0,0,Normal
RFI-00055,PRJ-004,General clarification item 55,General,2023-08-16,2023-08-26,2023-08-31,Answered,15,Designer,63800,4,Normal
RFI-00056,PRJ-004,Architectural clarification item 56,Architectural,2023-01-08,2023-01-18,2023-01-28,Answered,20,Designer,0,0,Normal
RFI-00057,PRJ-004,Architectural clarification item 57,Architectural,2023-04-28,2023-05-08,2023-05-13,Closed,15,External,0,0,Normal
RFI-00058,PRJ-004,Civil clarification item 58,Civil,2024-04-12,2024-04-22,2024-05-12,Closed,30,Contractor,12000,4,Normal
RFI-00059,PRJ-004,Plumbing clarification item 59,Plumbing,2023-08-15,2023-08-25,2023-09-06,Closed,22,Designer,0,0,Normal
RFI-00060,PRJ-004,Architectural clarification item 60,Architectural,2025-06-10,2025-06-20,,Open,,Designer,0,0,Normal
RFI-00061,PRJ-004,Electrical clarification item 61,Electrical,2023-07-23,2023-07-26,2023-08-09,Answered,17,Designer,0,0,Critical
RFI-00062,PRJ-004,Civil clarification item 62,Civil,2024-01-07,2024-01-14,,Open,,Owner,0,0,High
RFI-00063,PRJ-004,Structural clarification item 63,Structural,2022-06-20,2022-06-30,7/18/22,Answered,28,Designer,0,0,Normal
RFI-00064,PRJ-004,Mechanical clarification item 64,Mechanical,2023-11-01,2023-11-08,2023-11-19,Answered,18,Contractor,0,0,High
RFI-00065,PRJ-004,Structural clarification item 65,Structural,2022-08-26,2022-09-05,2022-09-10,closed,15,Designer,0,0,Normal
RFI-00066,PRJ-004,Mechanical clarification item 66,Mechanical,2022-11-03,2022-11-13,2022-11-26,Answered,23,Designer,0,0,Normal
RFI-00067,PRJ-004,Architectural clarification item 67,Architectural,2024-02-15,2024-02-29,2024-03-03,Answered,17,Designer,0,0,Low
RFI-00068,PRJ-004,Plumbing clarification item 68,Plumbing,2023-01-21,2023-01-24,2023-01-31,Answered,10,Designer,0,0,Critical
RFI-00069,PRJ-004,Civil clarification item 69,Civil,2023-09-05,2023-09-08,2023-09-21,Answered,16,Designer,0,0,Critical
RFI-00070,PRJ-004,Plumbing clarification item 70,Plumbing,2024-02-17,2024-02-27,,Open,,Designer,7600,0,Normal
RFI-00071,PRJ-004,Mechanical clarification item 71,Mechanical,2025-08-20,2025-08-30,,Open,,Designer,0,0,Normal
RFI-00072,PRJ-004,Structural clarification item 72,Structural,2023-10-09,2023-10-16,2023-10-20,Closed,11,Owner,0,0,High
RFI-00073,PRJ-004,Structural clarification item 73,Structural,2024-04-22,2024-04-29,2024-05-09,Answered,17,Designer,19600,4,High
RFI-00074,PRJ-004,Electrical clarification item 74,Electrical,2024-03-05,2024-03-15,2024-04-03,Closed,29,Designer,0,0,Normal
RFI-00075,PRJ-005,Architectural clarification item 75,Architectural,2023-05-19,2023-05-26,2023-06-05,Closed,17,External,0,0,High
RFI-00076,PRJ-005,Fire Protection clarification item 76,Fire Protection,2023-09-05,2023-09-19,,Open,,Contractor,3400,4,Low
RFI-00077,PRJ-005,Structural clarification item 77,Structural,2024-06-02,2024-06-12,2024-06-28,Answered,26,Owner,0,0,Normal
RFI-00078,PRJ-005,Architectural clarification item 78,Architectural,2022-10-22,2022-11-01,2022-11-05,Closed,14,Contractor,0,0,Normal
RFI-00079,PRJ-005,Plumbing clarification item 79,Plumbing,2023-07-01,2023-07-08,2023-07-10,Closed,9,Contractor,5300,6,High
RFI-00080,PRJ-005,General clarification item 80,General,2023-04-01,2023-04-11,2023-04-13,Answered,12,Owner,0,0,Normal
RFI-00081,PRJ-005,Plumbing clarification item 81,Plumbing,2023-08-06,2023-08-20,2023-08-18,Answered,12,Contractor,0,0,Low
RFI-00082,PRJ-005,Mechanical clarification item 82,Mechanical,2024-01-14,2024-01-21,2024-01-29,Closed,15,Designer,0,0,High
RFI-00083,PRJ-005,Architectural clarification item 83,Architectural,2025-04-23,2025-04-30,,Open,,Owner,0,0,High
RFI-00084,PRJ-005,Mechanical clarification item 84,Mechanical,2023-04-29,2023-05-06,2023-05-12,Answered,13,Designer,0,0,High
RFI-00085,PRJ-005,Civil clarification item 85,Civil,2024-03-21,2024-03-28,2024-03-31,Closed,10,Contractor,0,0,High
RFI-00086,PRJ-005,Architectural clarification item 86,Architectural,2024-01-23,2024-02-02,2024-02-12,Closed,20,Contractor,0,0,Normal
RFI-00087,PRJ-005,General clarification item 87,General,2024-05-02,2024-05-12,2024-05-19,Closed,17,Owner,0,0,Normal
RFI-00088,PRJ-006,Structural clarification item 88,Structural,2023-06-08,2023-06-15,2023-06-24,Answered,16,Designer,5500,2,High
RFI-00089,PRJ-006,Electrical clarification item 89,Electrical,2024-02-20,2024-03-05,2024-03-19,Answered,28,Owner,0,0,Low
RFI-00090,PRJ-006,Architectural clarification item 90,Architectural,2022-04-22,2022-05-02,2022-05-06,Answered,14,Contractor,0,0,Normal
RFI-00091,PRJ-006,Civil clarification item 91,Civil,2024-10-31,2024-11-03,2024-11-02,Answered,2,Contractor,22500,4,Critical
RFI-00092,PRJ-006,General clarification item 92,General,2024-02-15,2024-02-29,2024-03-05,Closed,19,Owner,4900,4,Low
RFI-00093,PRJ-006,Fire Protection clarification item 93,Fire Protection,2024-03-10,2024-03-20,2024-03-27,Answered,17,Contractor,0,0,Normal
RFI-00094,PRJ-006,Fire Protection clarification item 94,Fire Protection,2023-04-28,2023-05-08,2023-05-10,Answered,12,Designer,0,0,Normal
RFI-00095,PRJ-006,Electrical clarification item 95,Electrical,2024-05-24,2024-06-07,2024-06-05,Answered,12,Designer,0,0,Low
RFI-00096,PRJ-006,Electrical clarification item 96,Electrical,2021-08-01,2021-08-08,2021-08-12,Answered,11,Designer,32300,6,High
RFI-00097,PRJ-006,Plumbing clarification item 97,Plumbing,2023-08-03,2023-08-10,2023-08-15,Closed,12,Designer,40900,2,High
RFI-00098,PRJ-006,Civil clarification item 98,Civil,2024-07-17,2024-07-24,2024-08-04,Answered,18,Designer,0,0,High
RFI-00099,PRJ-006,Architectural clarification item 99,Architectural,2024-10-23,2024-11-02,2024-11-11,Answered,19,Designer,0,0,Normal
RFI-00100,PRJ-006,Electrical clarification item 100,Electrical,2023-05-13,2023-05-20,2023-05-25,Answered,12,Designer,0,0,High
RFI-00101,PRJ-006,Structural clarification item 101,Structural,2023-01-04,2023-01-11,2023-01-17,Closed,13,Designer,0,0,High
RFI-00102,PRJ-006,Plumbing clarification item 102,Plumbing,2022-10-21,2022-10-28,2022-11-08,Answered,18,Designer,0,0,High
RFI-00103,PRJ-006,Plumbing clarification item 103,Plumbing,2024-08-11,2024-08-21,2024-08-18,Closed,7,Contractor,76100,2,Normal
RFI-00104,PRJ-006,Electrical clarification item 104,Electrical,2022-06-11,2022-06-14,2022-07-04,Closed,23,Designer,20300,6,Critical
RFI-00105,PRJ-006,Architectural clarification item 105,Architectural,2024-08-05,2024-08-15,2024-08-19,Closed,14,Contractor,0,0,Normal
RFI-00106,PRJ-006,Civil clarification item 106,Civil,2022-08-12,2022-08-19,2022-08-24,Answered,12,Contractor,67300,0,High
RFI-00107,PRJ-007,General clarification item 107,General,2024-06-21,2024-07-05,2024-07-16,Answered,25,External,0,0,Low
RFI-00108,PRJ-007,Mechanical clarification item 108,Mechanical,2025-01-11,2025-01-18,2025-02-06,Closed,26,Designer,0,0,High
RFI-00109,PRJ-007,Structural clarification item 109,Structural,2023-12-16,2023-12-23,2024-01-02,Answered,17,Owner,17900,4,High
RFI-00110,PRJ-007,Civil clarification item 110,Civil,2024-04-03,2024-04-10,2024-04-11,Answered,8 days,Owner,38100,5,High
RFI-00111,PRJ-007,Civil clarification item 111,Civil,2024-05-18,2024-05-28,,Open,,Owner,0,0,Normal
RFI-00112,PRJ-007,Electrical clarification item 112,Electrical,2024-01-29,2024-02-05,2024-01-31,Answered,2,Designer,11400,2,High
RFI-00113,PRJ-007,Electrical clarification item 113,Electrical,2024-02-13,2024-02-23,2024-03-03,Answered,19,Designer,0,0,Normal
RFI-00114,PRJ-007,Architectural clarification item 114,Architectural,2025-06-05,2025-06-15,2025-06-19,Answered,14,Designer,0,0,Normal
RFI-00115,PRJ-007,Architectural clarification item 115,Architectural,2023-11-16,2023-11-26,2023-11-19,Answered,3,Owner,0,0,Normal
RFI-00116,PRJ-007,Structural clarification item 116,Structural,2025-11-11,2025-11-21,2025-12-06,Answered,25,Contractor,0,0,Normal
RFI-00117,PRJ-007,Architectural clarification item 117,Architectural,2023-12-18,2023-12-25,2024-01-01,Closed,14,Designer,0,0,High
RFI-00118,PRJ-007,Mechanical clarification item 118,Mechanical,2023-11-16,2023-11-26,2023-12-06,Closed,20,Designer,0,0,Normal
RFI-00119,PRJ-007,Electrical clarification item 119,Electrical,2025-07-27,2025-08-03,2025-08-13,Answered,17,Designer,0,0,High
RFI-00120,PRJ-007,Structural clarification item 120,Structural,2024-03-26,2024-04-05,2024-04-03,Closed,8,Designer,0,0,Normal
RFI-00121,PRJ-007,Mechanical clarification item 121,Mechanical,2025-07-07,2025-07-14,2025-07-26,Answered,19,Contractor,0,0,High
RFI-00122,PRJ-007,Architectural clarification item 122,Architectural,2024-04-26,2024-05-10,2024-05-06,Answered,10,Designer,15300,5,Low
RFI-00123,PRJ-007,Plumbing clarification item 123,Plumbing,2024-05-07,2024-05-17,2024-06-02,Answered,26,Owner,17300,4,Normal
RFI-00124,PRJ-007,Plumbing clarification item 124,Plumbing,2024-01-29,2024-02-01,2024-02-16,Answered,18,Designer,0,0,Critical
RFI-00125,PRJ-007,Mechanical clarification item 125,Mechanical,2024-03-27,2024-04-06,2024-04-13,Answered,17,Owner,2800,5,Normal
RFI-00126,PRJ-007,Electrical clarification item 126,Electrical,2024-03-23,2024-03-30,2024-04-05,Answered,13,Designer,16400,0,High
RFI-00127,PRJ-008,Civil clarification item 127,Civil,2024-06-28,2024-07-08,2024-07-12,Answered,14,Owner,0,0,Normal
RFI-00128,PRJ-008,Electrical clarification item 128,Electrical,2023-11-19,2023-11-26,2023-12-11,Answered,22,Designer,0,0,High
RFI-00129,PRJ-008,Electrical clarification item 129,Electrical,2024-04-20,2024-04-27,,Open,,Owner,25900,1,High
RFI-00130,PRJ-008,Plumbing clarification item 130,Plumbing,2024-10-31,2024-11-07,,Open,,Designer,21600,3,High
RFI-00131,PRJ-008,Mechanical clarification item 131,Mechanical,2025-04-19,2025-04-26,2025-05-06,Answered,17,Designer,0,0,High
RFI-00132,PRJ-008,Electrical clarification item 132,Electrical,2025-01-06,2025-01-16,2025-01-18,Closed,12,Designer,0,0,Normal
RFI-00133,PRJ-008,Fire Protection clarification item 133,Fire Protection,2025-11-13,2025-11-23,,Open,,Designer,26300,3,Normal
RFI-00134,PRJ-008,Civil clarification item 134,Civil,2024-12-12,2024-12-19,2025-01-03,Answered,22,Designer,35200,4,High
RFI-00135,PRJ-008,Civil clarification item 135,Civil,2024-07-05,2024-07-15,,Open,,Designer,30600,5,Normal
RFI-00136,PRJ-008,Mechanical clarification item 136,Mechanical,2024-11-27,2024-12-07,2024-12-18,Answered,21,Designer,0,0,Normal
RFI-00137,PRJ-008,Electrical clarification item 137,Electrical,2023-10-09,2023-10-19,2023-11-12,Answered,34,Designer,0,0,Normal
RFI-00138,PRJ-008,Civil clarification item 138,Civil,2025-04-10,2025-04-20,2025-04-26,Closed,16,Designer,0,0,Normal
RFI-00139,PRJ-008,Structural clarification item 139,Structural,2023-12-13,2023-12-16,2023-12-30,Closed,17,Owner,0,0,Critical
RFI-00140,PRJ-008,Electrical clarification item 140,Electrical,2025-12-28,2026-01-11,2026-01-28,Answered,31,Owner,0,0,Low
RFI-00141,PRJ-008,Electrical clarification item 141,Electrical,2025-01-23,2025-01-30,2025-02-12,Answered,20,Owner,16600,5,High
RFI-00142,PRJ-008,Structural clarification item 142,Structural,2024-06-05,2024-06-15,,Open,,Owner,45200,9,Normal
RFI-00143,PRJ-008,Fire Protection clarification item 143,Fire Protection,2025-02-07,2025-02-17,2025-02-26,Closed,19,Contractor,0,0,Normal
RFI-00144,PRJ-008,Mechanical clarification item 144,Mechanical,2023-12-10,2023-12-20,2023-12-27,Closed,17,Contractor,10500,4,Normal
RFI-00145,PRJ-008,Civil clarification item 145,Civil,2024-04-05,2024-04-15,2024-04-24,Answered,19,Designer,0,0,Normal
RFI-00146,PRJ-008,Civil clarification item 146,Civil,2025-02-16,2025-02-19,2025-02-22,Answered,6,Contractor,32900,6,Critical
RFI-00147,PRJ-008,Electrical clarification item 147,Electrical,2025-06-23,2025-06-30,2025-07-03,Closed,10,Designer,0,0,High
RFI-00148,PRJ-008,Mechanical clarification item 148,Mechanical,2024-07-30,2024-08-13,,Open,,Owner,66800,4,Low
RFI-00149,PRJ-008,Architectural clarification item 149,Architectural,2024-02-16,2024-02-26,2024-03-09,Closed,22,External,0,0,Normal
RFI-00150,PRJ-008,Architectural clarification item 150,Architectural,2025-10-13,2025-10-20,2025-10-30,Closed,17,Designer,9100,10,High
RFI-00151,PRJ-009,Structural clarification item 151,Structural,2022-02-13,2022-02-23,2022-03-10,Answered,25,Owner,0,0,Normal
RFI-00152,PRJ-009,Plumbing clarification item 152,Plumbing,2023-06-17,2023-06-27,2023-07-11,Closed,24,Contractor,0,0,Normal
RFI-00153,PRJ-009,Electrical clarification item 153,Electrical,2022-05-01,2022-05-04,2022-05-23,Closed,22 days,External,25400,5,Critical
RFI-00154,PRJ-009,Structural clarification item 154,Structural,2022-10-01,2022-10-11,2022-11-01,Answered,31,External,0,0,Normal
RFI-00155,PRJ-009,Structural clarification item 155,Structural,2022-12-02,2022-12-12,,Open,,Designer,0,0,Normal
RFI-00156,PRJ-009,Plumbing clarification item 156,Plumbing,2023-02-12,2023-02-19,2023-02-23,Answered,11,Designer,3300,6,High
RFI-00157,PRJ-009,Architectural clarification item 157,Architectural,2023-02-04,2023-02-14,2023-02-19,Closed,15,Contractor,0,0,Normal
RFI-00158,PRJ-009,Structural clarification item 158,Structural,2023-05-26,2023-06-05,2023-06-15,Closed,20,Contractor,0,0,Normal
RFI-00159,PRJ-009,Architectural clarification item 159,Architectural,2022-07-26,2022-07-29,2022-08-15,Closed,20,Owner,11100,8,Critical
RFI-00160,PRJ-009,Mechanical clarification item 160,Mechanical,2023-09-03,2023-09-13,2023-09-21,Answered,18,Designer,49700,6,Normal
RFI-00161,PRJ-009,Plumbing clarification item 161,Plumbing,2023-05-20,2023-05-27,,Open,,Owner,0,0,High
RFI-00162,PRJ-009,Architectural clarification item 162,Architectural,2022-03-23,2022-04-02,,Open,,Designer,0,0,Normal
RFI-00163,PRJ-009,Mechanical clarification item 163,Mechanical,2023-03-19,2023-03-29,2023-04-15,Answered,27,Designer,0,0,Normal
RFI-00164,PRJ-009,Electrical clarification item 164,Electrical,2023-07-21,2023-07-31,2023-08-19,Answered,29,Owner,0,0,Normal
RFI-00165,PRJ-009,Civil clarification item 165,Civil,2022-01-27,2022-02-06,2022-02-17,Closed,21,Designer,88200,0,Normal
RFI-00166,PRJ-009,Plumbing clarification item 166,Plumbing,2022-11-11,2022-11-21,2022-12-08,Answered,27,Contractor,0,0,Normal
RFI-00167,PRJ-009,Architectural clarification item 167,Architectural,2022-03-23,2022-03-30,,Open,,Contractor,17200,4,High
RFI-00168,PRJ-009,Civil clarification item 168,Civil,2023-10-18,2023-10-28,2023-11-10,Answered,23,Designer,0,0,Normal
RFI-00169,PRJ-009,Electrical clarification item 169,Electrical,2023-02-22,2023-03-04,,Answered,19,External,0,0,Normal
RFI-00170,PRJ-009,Architectural clarification item 170,Architectural,2023-04-12,2023-04-22,2023-05-07,Answered,25,Designer,0,0,Normal
RFI-00171,PRJ-009,Electrical clarification item 171,Electrical,2023-03-01,2023-03-11,2023-03-30,Answered,29,Designer,0,0,Normal
RFI-00172,PRJ-009,Electrical clarification item 172,Electrical,2023-09-26,2023-10-06,2023-10-28,Closed,32,Owner,7500,2,Normal
RFI-00173,PRJ-009,Mechanical clarification item 173,Mechanical,2022-07-28,2022-08-07,2022-08-03,Closed,6,Contractor,0,0,Normal
RFI-00174,PRJ-009,Structural clarification item 174,Structural,2023-10-14,2023-10-21,2023-11-02,Answered,19,Designer,53400,6,High
RFI-00175,PRJ-009,Mechanical clarification item 175,Mechanical,2023-01-09,2023-01-19,2023-01-23,Closed,14,Owner,7300,5,Normal
RFI-00176,PRJ-009,Mechanical clarification item 176,Mechanical,2022-02-08,2022-02-18,2022-03-05,Closed,25,External,4400,9,Normal
RFI-00177,PRJ-009,Structural clarification item 177,Structural,2022-11-30,2022-12-10,2022-12-26,Closed,26,Designer,101100,8,Normal
RFI-00178,PRJ-009,Structural clarification item 178,Structural,2022-02-04,2022-02-11,2022-02-21,Answered,17,Contractor,0,0,High
RFI-00179,PRJ-010,Architectural clarification item 179,Architectural,2023-12-01,2023-12-08,2023-12-10,Closed,9,Designer,30400,4,High
RFI-00180,PRJ-010,Plumbing clarification item 180,Plumbing,2024-06-24,2024-07-04,2024-07-14,Answered,20,Owner,0,0,Normal
RFI-00181,PRJ-010,Plumbing clarification item 181,Plumbing,2024-09-09,2024-09-16,2024-09-10,Answered,1,Designer,0,0,High
RFI-00182,PRJ-010,Structural clarification item 182,Structural,2024-07-06,2024-07-16,,Open,,Designer,0,0,Normal
RFI-00183,PRJ-010,Electrical clarification item 183,Electrical,2023-08-12,2023-08-19,2023-08-20,Ans,8,Contractor,0,0,High
RFI-00184,PRJ-010,Civil clarification item 184,Civil,2023-07-30,2023-08-06,2023-08-16,Answered,17,Designer,0,0,High
RFI-00185,PRJ-010,Mechanical clarification item 185,Mechanical,2022-05-30,2022-06-09,2022-06-09,Answered,10,Designer,0,0,Normal
RFI-00186,PRJ-010,Architectural clarification item 186,Architectural,2024-08-23,2024-09-02,2024-09-11,Answered,19,Owner,0,0,Normal
RFI-00187,PRJ-010,Mechanical clarification item 187,Mechanical,2023-04-24,2023-05-04,2023-05-05,Closed,11,Designer,0,0,Normal
RFI-00188,PRJ-010 ,Architectural clarification item 188,Architectural,2022-11-07,2022-11-17,2022-11-16,Answered,9,Designer,0,0,Normal
RFI-00189,PRJ-010,Plumbing clarification item 189,Plumbing,2023-09-07,2023-09-14,2023-09-25,Answered,18,Contractor,0,0,High
RFI-00190,PRJ-010,Plumbing clarification item 190,Plumbing,2022-09-13,2022-09-16,2022-09-14,Closed,1,Designer,18400,0,Critical
RFI-00191,PRJ-010,Civil clarification item 191,Civil,2022-04-19,2022-05-03,2022-05-03,CLOSED,14,Designer,0,0,Low
RFI-00192,PRJ-010,Structural clarification item 192,Structural,2024-06-14,2024-06-24,2024-06-26,Answered,12,Owner,0,0,Normal
RFI-00193,PRJ-010,Civil clarification item 193,Civil,2024-01-30,2024-02-09,2024-02-22,Closed,23,Contractor,13100,0,Normal
RFI-00194,PRJ-010,General clarification item 194,General,2022-06-21,2022-06-28,2022-06-24,Answered,3,Owner,0,0,High
RFI-00195,PRJ-010,Mechanical clarification item 195,Mechanical,2023-07-11,2023-07-21,2023-07-21,Answered,10,Designer,0,0,Normal
RFI-00196,PRJ-010,Mechanical clarification item 196,Mechanical,2022-04-23,2022-05-03,2022-05-12,Answered,19,Designer,0,0,Normal
RFI-00197,PRJ-010,Mechanical clarification item 197,Mechanical,2024-06-09,2024-06-19,2024-06-25,Answered,16,Owner,0,0,Normal
RFI-00198,PRJ-011,Architectural clarification item 198,Architectural,2023-04-23,2023-05-03,2023-04-28,Closed,5,Designer,0,0,Normal
RFI-00199,PRJ-011,General clarification item 199,General,2024-02-12,2024-02-22,2024-03-01,Answered,18,Designer,0,0,Normal
RFI-00200,PRJ-011,Architectural clarification item 200,Architectural,2024-01-06,2024-01-16,2024-01-19,Answered,13,Designer,0,0,Normal
RFI-00201,PRJ-011,Electrical clarification item 201,Electrical,2023-06-09,2023-06-19,,Open,,Contractor,18300,1,Normal
RFI-00202,PRJ-011,Plumbing clarification item 202,Plumbing,2023-02-04,2023-02-11,2023-02-13,Closed,9,Contractor,0,0,High
RFI-00203,PRJ-011,Mechanical clarification item 203,Mechanical,2023-04-08,2023-04-15,2023-04-17,Closed,9,Contractor,0,0,High
RFI-00204,PRJ-011,Architectural clarification item 204,Architectural,2023-12-03,2023-12-13,2023-12-25,Closed,22,Owner,0,0,Normal
RFI-00205,PRJ-011,Plumbing clarification item 205,Plumbing,2024-04-06,2024-04-16,2024-04-29,Closed,23,Designer,0,0,Normal
RFI-00206,PRJ-011,Civil clarification item 206,Civil,2024-02-18,2024-02-21,2024-03-08,Answered,19,Owner,3100,3,Critical
RFI-00207,PRJ-011,Mechanical clarification item 207,Mechanical,2023-08-29,2023-09-08,2023-09-26,Answered,28,Designer,0,0,Normal
RFI-00208,PRJ-011,Electrical clarification item 208,Electrical,2024-04-10,2024-04-20,2024-04-23,Closed,13,Designer,0,0,Normal
RFI-00209,PRJ-011,Structural clarification item 209,Structural,2023-12-11,2023-12-18,2023-12-31,Answered,20,Designer,0,0,High
RFI-00210,PRJ-011,Architectural clarification item 210,Architectural,2023-09-27,2023-10-07,2023-10-12,Answered,15,Owner,0,0,Normal
RFI-00211,PRJ-011,Plumbing clarification item 211,Plumbing,2024-05-16,2024-05-26,2024-06-01,Answered,16,External,0,0,Normal
RFI-00212,PRJ-011,Plumbing clarification item 212,Plumbing,2023-05-11,2023-05-14,2023-05-27,Answered,16,Designer,0,0,Critical
RFI-00213,PRJ-011,Civil clarification item 213,Civil,2023-04-05,2023-04-15,2023-04-21,Closed,16,Owner,0,0,Normal
RFI-00214,PRJ-011,Architectural clarification item 214,Architectural,2022-12-18,2022-12-28,2023-01-02,Closed,15,Designer,0,0,Normal
RFI-00215,PRJ-011,Electrical clarification item 215,Electrical,2022-11-30,2022-12-10,,Open,,Designer,0,0,Normal
RFI-00216,PRJ-011,Electrical clarification item 216,Electrical,2024-07-24,2024-07-27,,Open,,Owner,0,0,Critical
RFI-00217,PRJ-011,Civil clarification item 217,Civil,2022-10-14,2022-10-21,2022-10-29,Answered,15,Contractor,0,0,High
RFI-00218,PRJ-011,Plumbing clarification item 218,Plumbing,2023-12-29,2024-01-08,2024-01-21,Answered,23,Designer,0,0,Normal
RFI-00219,PRJ-011,Civil clarification item 219,Civil,2023-06-03,2023-06-13,2023-06-17,Closed,14,Contractor,0,0,Normal
RFI-00220,PRJ-012,Architectural clarification item 220,Architectural,2024-05-26,2024-06-05,2024-06-16,Answered,21,External,0,0,Normal
RFI-00221,PRJ-012,General clarification item 221,General,2024-02-19,2024-02-29,2024-03-10,Closed,20,Designer,233600,0,Normal
RFI-00222,PRJ-012,Electrical clarification item 222,Electrical,2024-12-02,2024-12-12,2024-12-23,Closed,21,Owner,0,0,Normal
RFI-00223,PRJ-012,Mechanical clarification item 223,Mechanical,2023-05-10,2023-05-20,2023-05-18,Closed,8,Designer,0,0,Normal
RFI-00224,PRJ-012,Structural clarification item 224,Structural,2025-10-13,2025-10-23,2025-10-26,Closed,13,Owner,0,0,Normal
RFI-00225,PRJ-012,Mechanical clarification item 225,Mechanical,2025-09-29,2025-10-13,,Open,,Designer,0,0,Low
RFI-00226,PRJ-012,Mechanical clarification item 226,Mechanical,2024-02-07,2024-02-17,2024-03-01,Answered,23,External,2600,0,Normal
RFI-00227,PRJ-012,Mechanical clarification item 227,Mechanical,2023-05-04,2023-05-14,2023-05-25,Answered,21,Designer,0,0,Normal
RFI-00228,PRJ-012,Structural clarification item 228,Structural,2025-01-12,2025-01-22,2025-01-22,Closed,10,Owner,0,0,Normal
RFI-00229,PRJ-012,Mechanical clarification item 229,Mechanical,2023-11-07,2023-11-17,2023-12-02,Answered,25,Owner,0,0,Normal
RFI-00230,PRJ-012,Structural clarification item 230,Structural,2024-07-17,2024-07-27,2024-07-28,Answered,11,Owner,0,0,Normal
RFI-00231,PRJ-012,Plumbing clarification item 231,Plumbing,2023-06-01,2023-06-15,2023-06-29,Closed,28,Designer,0,0,Low
RFI-00232,PRJ-012,Mechanical clarification item 232,Mechanical,2025-07-03,2025-07-13,2025-07-15,Closed,12,External,0,0,Normal
RFI-00233,PRJ-012,Electrical clarification item 233,Electrical,2024-06-06,2024-06-13,2024-06-24,Closed,18,Owner,16600,0,High
RFI-00234,PRJ-012,Mechanical clarification item 234,Mechanical,2023-08-08,2023-08-15,2023-08-23,Closed,15,Contractor,0,0,High
RFI-00235,PRJ-012,Architectural clarification item 235,Architectural,2024-01-07,2024-01-17,2024-01-20,Answered,13,Owner,0,0,Normal
RFI-00236,PRJ-012,Architectural clarification item 236,Architectural,2024-11-04,2024-11-14,,Open,,Designer,4900,3,Normal
RFI-00237,PRJ-013,Structural clarification item 237,Structural,2023-11-20,2023-11-30,2023-12-03,Answered,13,External,0,0,Normal
RFI-00238,PRJ-013,Architectural clarification item 238,Architectural,2024-03-07,2024-03-17,2024-04-05,Closed,29,Contractor,0,0,Normal
RFI-00239,PRJ-013,General clarification item 239,General,2024-02-24,2024-03-02,2024-03-15,Answered,20,Designer,23200,10,High
RFI-00240,PRJ-013,Plumbing clarification item 240,Plumbing,2023-01-13,2023-01-23,2023-02-12,Answered,30,Contractor,0,0,Normal
RFI-00241,PRJ-013,Electrical clarification item 241,Electrical,2024-10-25,2024-10-28,2024-11-07,Answered,13,Designer,0,0,Critical
RFI-00242,PRJ-013,General clarification item 242,General,2023-11-29,2023-12-09,2023-12-07,Closed,8,Owner,0,0,Normal
RFI-00243,PRJ-013,Civil clarification item 243,Civil,2023-11-29,2023-12-09,2023-12-16,Answered,17,Designer,0,0,Normal
RFI-00244,PRJ-013,Architectural clarification item 244,Architectural,2024-05-13,2024-05-16,2024-05-27,Answered,14,Designer,0,0,Critical
RFI-00245,PRJ-013,Civil clarification item 245,Civil,2023-10-28,2023-11-11,2023-11-16,Answered,19,Designer,0,0,Low
RFI-00246,PRJ-013,Fire Protection clarification item 246,Fire Protection,2022-10-29,2022-11-01,2022-11-09,Closed,11,Designer,0,0,Critical
RFI-00247,PRJ-013,Civil clarification item 247,Civil,2024-05-03,2024-05-17,2024-05-31,Answered,28,Designer,12200,5,Low
RFI-00248,PRJ-013,Civil clarification item 248,Civil,2023-08-16,2023-08-26,2023-09-16,Answered,31,Owner,0,0,Normal
RFI-00249,PRJ-013,Architectural clarification item 249,Architectural,2024-06-27,2024-07-04,2024-07-20,Answered,23,Owner,7500,6,High
RFI-00250,PRJ-013,Electrical clarification item 250,Electrical,2024-11-10,2024-11-20,2024-11-27,Closed,17,Owner,0,0,Normal
RFI-00251,PRJ-013,Structural clarification item 251,Structural,2024-07-01,2024-07-11,2024-07-13,Answered,12,Designer,15900,6,Normal
RFI-00252,PRJ-013,Electrical clarification item 252,Electrical,2022-09-09,2022-09-16,2022-09-25,Answered,16,Contractor,220900,5,High
RFI-00253,PRJ-013,Architectural clarification item 253,Architectural,2023-02-03,2023-02-10,2023-02-17,Closed,14,Contractor,51300,15,High
RFI-00254,PRJ-013,General clarification item 254,General,2023-12-25,2024-01-04,2024-01-22,Answered,28,Contractor,0,0,Normal
RFI-00255,PRJ-013,Fire Protection clarification item 255,Fire Protection,2023-04-23,2023-04-26,2023-05-02,Answered,9,Contractor,0,0,Critical
RFI-00256,PRJ-013,Architectural clarification item 256,ARCH,2023-05-12,2023-05-26,2023-05-30,Answered,18,External,0,0,Low
RFI-00257,PRJ-014,Architectural clarification item 257,Architectural,2024-07-15,2024-07-25,2024-08-06,Answered,22,Owner,0,0,Normal
RFI-00258,PRJ-014,Mechanical clarification item 258,Mechanical,2025-06-25,2025-07-02,2025-07-20,Answered,25,External,0,0,High
RFI-00259,PRJ-014,Plumbing clarification item 259,Plumbing,2024-05-17,2024-05-31,,Open,,Contractor,0,0,Low
RFI-00260,PRJ-014,Electrical clarification item 260,Electrical,2024-06-24,2024-06-27,2024-07-07,Answered,13,Designer,0,0,Critical
RFI-00261,PRJ-014,Mechanical clarification item 261,Mechanical,2025-12-26,2026-01-05,2026-01-21,Closed,26,External,0,0,Normal
RFI-00262,PRJ-014,Electrical clarification item 262,Electrical,2024-11-13,2024-11-20,2024-12-01,Closed,18,Designer,9500,3,High
RFI-00263,PRJ-014,Structural clarification item 263,Structural,2024-10-31,2024-11-10,2024-11-06,Closed,6,Designer,0,0,Normal
RFI-00264,PRJ-014,Architectural clarification item 264,Architectural,2024-03-01,2024-03-15,2024-03-29,Answered,28,Contractor,0,0,Low
RFI-00265,PRJ-014,Structural clarification item 265,Structural,2024-10-11,2024-10-21,2024-11-02,Answered,22,Designer,0,0,Normal
RFI-00266,PRJ-014,Structural clarification item 266,Structural,2024-03-16,2024-03-26,2024-04-09,Answered,24,Contractor,0,0,Normal
RFI-00267,PRJ-014,Plumbing clarification item 267,Plumbing,2024-02-29,2024-03-10,2024-03-15,Answered,15,Owner,0,0,Normal
RFI-00268,PRJ-014,Mechanical clarification item 268,Mechanical,2024-06-09,2024-06-19,2024-07-04,Answered,25,Contractor,0,0,Normal
RFI-00269,PRJ-014,Civil clarification item 269,Civil,2024-05-18,2024-05-28,,Open,,Contractor,0,0,Normal
RFI-00270,PRJ-014,Civil clarification item 270,Civil,2025-02-04,2025-02-11,2025-02-27,Answered,23,Designer,0,0,High
RFI-00271,PRJ-014,Structural clarification item 271,Structural,2025-11-22,2025-12-02,2025-12-23,Answered,31,Designer,0,0,Normal
RFI-00272,PRJ-014,Electrical clarification item 272,Electrical,2025-11-24,2025-12-08,2025-12-13,Closed,19,Contractor,0,0,Low
RFI-00273,PRJ-014,Architectural clarification item 273,Architectural,2024-07-28,2024-08-04,2024-08-14,Answered,17,Contractor,53200,9,High
RFI-00274,PRJ-014,Civil clarification item 274,Civil,2024-02-23,2024-03-01,2024-03-15,Closed,21,Contractor,10400,8,High
RFI-00275,PRJ-014,Electrical clarification item 275,Electrical,2024-01-27,2024-02-03,2024-02-10,Answered,14 days,Designer,95100,11,High
RFI-00276,PRJ-014,Mechanical clarification item 276,Mechanical,2024-01-29,2024-02-08,2024-02-14,Answered,16,Designer,0,0,Normal
RFI-00277,PRJ-014,Fire Protection clarification item 277,Fire Protection,2024-04-14,2024-04-21,2024-05-04,Closed,20,Owner,0,0,High
RFI-00278,PRJ-014,Civil clarification item 278,Civil,2024-03-14,2024-03-28,2024-04-06,Closed,23,Designer,0,0,Low
RFI-00279,PRJ-015,Electrical clarification item 279,Electrical,2024-03-26,2024-04-05,2024-04-17,Answered,22,External,0,0,Normal
RFI-00280,PRJ-015,Fire Protection clarification item 280,Fire Protection,2023-10-21,2023-10-28,2023-11-07,Answered,17,Designer,0,0,High
RFI-00281,PRJ-015,Structural clarification item 281,Structural,2023-02-03,2023-02-10,2023-02-15,Answered,12,Contractor,21100,1,High
RFI-00282,PRJ-015,Electrical clarification item 282,Electrical,2025-01-11,2025-01-21,2025-01-21,Closed,10,Designer,0,0,Normal
RFI-00283,PRJ-015,Civil clarification item 283,Civil,2022-05-10,2022-05-17,2022-05-23,Answered,13,External,2800,0,High
RFI-00284,PRJ-015,Structural clarification item 284,Structural,2024-04-29,2024-05-06,2024-05-14,Closed,15,Owner,0,0,High
RFI-00285,PRJ-015,Electrical clarification item 285,Electrical,2022-08-15,2022-08-22,2022-08-23,Closed,8,Contractor,0,0,High
RFI-00286,PRJ-015,Mechanical clarification item 286,Mechanical,2022-06-14,2022-06-17,,Open,,Contractor,0,0,Critical
RFI-00287,PRJ-015,Structural clarification item 287,Structural,2024-04-05,2024-04-12,2024-04-20,Answered,15,Designer,0,0,High
RFI-00288,PRJ-015,Civil clarification item 288,Civil,2022-10-25,2022-11-01,,Open,,Designer,0,0,High
RFI-00289,PRJ-015,Plumbing clarification item 289,Plumbing,2022-10-10,2022-10-20,2022-10-26,Closed,16,Designer,60800,4,Normal
RFI-00290,PRJ-015,Mechanical clarification item 290,Mechanical,2024-06-05,2024-06-19,,Open,,Designer,0,0,Low
RFI-00291,PRJ-015,Electrical clarification item 291,Electrical,2023-02-06,2023-02-16,2023-02-22,Answered,16,Designer,0,0,Normal
RFI-00292,PRJ-015,Mechanical clarification item 292,Mechanical,2023-12-02,2023-12-16,2023-12-19,Answered,17,Contractor,0,0,Low
RFI-00293,PRJ-015,Architectural clarification item 293,Architectural,2024-12-31,2025-01-10,2025-01-13,Closed,13,Designer,0,0,Normal
RFI-00294,PRJ-015,Electrical clarification item 294,Electrical,2024-04-21,2024-05-01,2024-05-04,Answered,13,External,0,0,Normal
RFI-00295,PRJ-015,Fire Protection clarification item 295,Fire Protection,2022-09-15,2022-09-25,2022-09-22,Closed,7,Designer,0,0,Normal
RFI-00296,PRJ-015,Electrical clarification item 296,Electrical,2025-01-05,2025-01-12,,Open,,Designer,0,0,High
RFI-00297,PRJ-016,Mechanical clarification item 297,Mechanical,2021-09-06,2021-09-16,2021-09-28,Answered,22,External,0,0,Normal
RFI-00298,PRJ-016,Architectural clarification item 298,Architectural,2022-07-12,2022-07-22,2022-08-01,Closed,20,Contractor,14300,9,Normal
RFI-00299,PRJ-016,Civil clarification item 299,Civil,2023-01-19,2023-01-26,2023-01-31,Answered,12,Contractor,0,0,High
RFI-00300,PRJ-016,Fire Protection clarification item 300,Fire Protection,2022-01-28,2022-02-04,2022-02-19,Answered,22,Contractor,3400,2,High
RFI-00301,PRJ-016,Civil clarification item 301,Civil,2021-12-07,2021-12-17,,Open,,Contractor,0,0,Normal
RFI-00302,PRJ-016,Civil clarification item 302,Civil,2021-11-12,2021-11-22,2021-12-04,Answered,22,Designer,0,0,Normal
RFI-00303,PRJ-016,Structural clarification item 303,Structural,2022-08-09,2022-08-19,2022-08-13,Closed,4,Designer,7000,5,Normal
RFI-00304,PRJ-016,Electrical clarification item 304,Electrical,2022-04-18,2022-05-02,2022-05-19,Answered,31,Owner,0,0,Low
RFI-00305,PRJ-016,Fire Protection clarification item 305,Fire Protection,2022-06-02,2022-06-05,2022-06-21,Answered,19,Designer,44700,4,Critical
RFI-00306,PRJ-016,General clarification item 306,General,2022-11-10,2022-11-20,2022-12-07,Answered,27,Designer,0,0,Normal
RFI-00307,PRJ-016,Structural clarification item 307,Structural,2023-10-19,2023-10-29,2023-11-05,Closed,17,Designer,0,0,Normal
RFI-00308,PRJ-016,Fire Protection clarification item 308,Fire Protection,2022-07-14,2022-07-24,,Open,,Contractor,0,0,Normal
RFI-00309,PRJ-016,Architectural clarification item 309,Architectural,2021-11-27,2021-12-04,2021-12-20,Answered,23,Designer,0,0,High
RFI-00310,PRJ-016,Architectural clarification item 310,Architectural,2022-01-21,2022-01-31,2022-01-31,Closed,10,Owner,0,0,Normal
RFI-00311,PRJ-016,Architectural clarification item 311,Architectural,2023-06-22,2023-06-29,2023-07-08,Closed,16,Contractor,0,0,High
RFI-00312,PRJ-016,Architectural clarification item 312,Architectural,2023-03-19,2023-03-29,,Open,,Contractor,0,0,Normal
RFI-00313,PRJ-016,Architectural clarification item 313,Architectural,2023-11-05,2023-11-12,2023-11-20,Closed,15,Designer,23600,6,High
RFI-00314,PRJ-016,Electrical clarification item 314,Electrical,2022-12-18,2022-12-25,2022-12-30,Closed,12,Designer,0,0,High
RFI-00315,PRJ-016,Architectural clarification item 315,Architectural,2022-07-02,2022-07-12,2022-07-26,Answered,24,Designer,11600,4,Normal
RFI-00316,PRJ-016,Structural clarification item 316,Structural,2023-08-07,2023-08-14,2023-08-27,Answered,20,Contractor,0,0,High
RFI-00317,PRJ-016,Plumbing clarification item 317,Plumbing,2022-06-10,2022-06-24,2022-06-30,Closed,20,Owner,0,0,Low
RFI-00318,PRJ-016,Electrical clarification item 318,Electrical,2023-01-09,2023-01-19,2023-01-25,Answered,16,Designer,0,0,Normal
RFI-00319,PRJ-017,Structural clarification item 319,Structural,2025-09-13,2025-09-23,,Open,,Owner,0,0,Normal
RFI-00320,PRJ-017,Structural clarification item 320,Structural,2025-06-24,2025-07-08,2025-07-16,Closed,22,Owner,323900,4,Low
RFI-00321,PRJ-017,Structural clarification item 321,Structural,2024-12-10,2024-12-20,,Open,,Owner,20300,8,Normal
RFI-00322,PRJ-017,Architectural clarification item 322,Architectural,2025-12-15,2025-12-25,2026-01-06,Answered,22,Owner,0,0,Normal
RFI-00323,PRJ-017,Mechanical clarification item 323,Mechanical,2025-12-22,2025-12-29,,Open,,Designer,21500,7,High
RFI-00324,PRJ-017,Plumbing clarification item 324,Plumbing,2024-12-04,2024-12-14,2024-12-25,Closed,21,External,0,0,Normal
RFI-00325,PRJ-017,Plumbing clarification item 325,Plumbing,2023-11-28,2023-12-08,2023-12-21,Answered,23,Designer,0,0,Normal
RFI-00326,PRJ-017,Civil clarification item 326,Civil,2025-05-10,2025-05-24,2025-06-02,Answered,23,Owner,0,0,Low
RFI-00327,PRJ-017,Plumbing clarification item 327,Plumbing,2025-01-07,2025-01-17,,Open,,Owner,33000,2,Normal
RFI-00328,PRJ-017,Fire Protection clarification item 328,Fire Protection,2024-04-14,2024-04-24,2024-05-03,Answered,19,Owner,0,0,Normal
RFI-00329,PRJ-017,Mechanical clarification item 329,Mechanical,2025-03-10,2025-03-20,2025-04-02,Closed,23,Contractor,0,0,Normal
RFI-00330,PRJ-017,Fire Protection clarification item 330,Fire Protection,2025-08-20,2025-08-30,2025-09-06,Answered,17,Designer,0,0,Normal
RFI-00331,PRJ-017,Architectural clarification item 331,Architectural,2023-11-07,2023-11-14,2023-11-26,Answered,19,External,0,0,High
RFI-00332,PRJ-017,Mechanical clarification item 332,Mechanical,2025-10-07,2025-10-17,2025-10-24,Closed,17,Owner,36800,9,Normal
RFI-00333,PRJ-017,Architectural clarification item 333,Architectural,2023-12-01,2023-12-08,2023-12-16,Answered,15,Designer,0,0,High
RFI-00334,PRJ-017,Plumbing clarification item 334,Plumbing,2025-07-15,2025-07-22,2025-08-01,Closed,17,Designer,0,0,High
RFI-00335,PRJ-017,Structural clarification item 335,Structural,2024-04-09,2024-04-19,,Open,,Designer,8600,4,Normal
RFI-00336,PRJ-017,General clarification item 336,General,2025-01-08,2025-01-18,2025-01-25,Closed,17,Contractor,60000,3,Normal
RFI-00337,PRJ-017,General clarification item 337,General,2025-10-11,2025-10-14,2025-10-22,Closed,11,Owner,0,0,Critical
RFI-00338,PRJ-017,Plumbing clarification item 338,Plumbing,2024-06-08,2024-06-11,2024-07-02,Answered,24,Designer,0,0,Critical
RFI-00339,PRJ-017,Fire Protection clarification item 339,Fire Protection,2024-01-09,2024-01-19,,Open,,Owner,0,0,Normal
RFI-00340,PRJ-018,General clarification item 340,General,2024-02-11,2024-02-21,2024-03-04,Answered,22,Owner,0,0,Normal
RFI-00341,PRJ-018,Structural clarification item 341,Structural,2024-08-25,2024-09-04,,Open,,Designer,0,0,Normal
RFI-00342,PRJ-018,Mechanical clarification item 342,Mechanical,2024-08-09,2024-08-16,2024-09-03,Answered,25,Owner,0,0,High
RFI-00343,PRJ-018,Civil clarification item 343,Civil,2024-08-18,2024-08-28,2024-09-12,Answered,25,Designer,31500,2,Normal
RFI-00344,PRJ-018,Civil clarification item 344,Civil,2024-02-10,2024-02-20,2024-02-25,Answered,15,Owner,0,0,Normal
RFI-00345,PRJ-018,Architectural clarification item 345,Architectural,2024-05-20,2024-05-27,2024-06-06,Closed,17,Designer,48200,4,High
RFI-00346,PRJ-018,Architectural clarification item 346,Architectural,2024-10-07,2024-10-17,2024-10-21,Answered,14,Owner,10300,6,Normal
RFI-00347,PRJ-018,Electrical clarification item 347,Electrical,2024-06-08,2024-06-18,2024-07-06,Closed,28,Designer,0,0,Normal
RFI-00348,PRJ-018,General clarification item 348,General,2024-02-10,2024-02-17,2024-03-13,Answered,32,Designer,0,0,High
RFI-00349,PRJ-018,General clarification item 349,General,2025-08-28,2025-09-07,2025-09-08,Closed,11,Contractor,12800,2,Normal
RFI-00350,PRJ-018,Architectural clarification item 350,Architectural,2025-01-16,2025-01-30,2025-02-05,Closed,20,External,0,0,Low
RFI-00351,PRJ-018,Architectural clarification item 351,Architectural,2024-10-13,2024-10-27,2024-11-08,Closed,26,Contractor,0,0,Low
RFI-00352,PRJ-018,Electrical clarification item 352,Electrical,2025-03-27,2025-04-03,,Open,,Owner,18300,7,High
RFI-00353,PRJ-018,Mechanical clarification item 353,Mechanical,2024-12-09,2024-12-23,2024-12-25,Answered,16,Owner,46500,6,Low
RFI-00354,PRJ-018,Civil clarification item 354,Civil,2024-02-16,2024-02-26,2024-03-05,Closed,18,Designer,0,0,Normal
RFI-00355,PRJ-018,Electrical clarification item 355,Electrical,2025-05-23,2025-05-30,,Open,,External,0,0,High
RFI-00356,PRJ-018,Electrical clarification item 356,Electrical,2024-08-28,2024-09-04,2024-09-22,Closed,25,Owner,136300,2,High
RFI-00357,PRJ-018,Structural clarification item 357,Structural,2024-03-12,2024-03-22,2024-04-03,Answered,22,Designer,3600,2,Normal
RFI-00358,PRJ-018,Electrical clarification item 358,Electrical,2024-07-24,2024-08-03,2024-08-14,Answered,21,Designer,11800,5,Normal
RFI-00359,PRJ-018,Civil clarification item 359,Civil,2024-08-08,2024-08-11,2024-08-22,Answered,14,Owner,0,0,Critical
RFI-00360,PRJ-018,Civil clarification item 360,Civil,2025-03-03,2025-03-13,2025-03-23,Closed,20,Designer,0,0,Normal
RFI-00361,PRJ-018,Plumbing clarification item 361,Plumbing,2024-06-25,2024-07-05,2024-07-08,Answered,13,Designer,24200,2,Normal
RFI-00362,PRJ-018,General clarification item 362,General,2025-09-13,2025-09-23,2025-10-05,Closed,22,Designer,0,0,Normal
RFI-00363,PRJ-018,Electrical clarification item 363,Electrical,2025-03-08,2025-03-15,2025-03-20,Answered,12,Contractor,0,0,High
RFI-00364,PRJ-018,Architectural clarification item 364,Architectural,2024-07-25,2024-08-01,,Open,,Designer,0,0,High
RFI-00365,PRJ-018,Mechanical clarification item 365,Mechanical,2025-01-12,2025-01-22,2025-02-02,Answered,21,Designer,0,0,Normal
RFI-00366,PRJ-019,Mechanical clarification item 366,Mechanical,2025-09-25,2025-10-05,2025-10-14,Closed,19,Owner,0,0,Normal
RFI-00367,PRJ-019,Mechanical clarification item 367,Mechanical,2025-09-18,2025-09-25,9/26/25,Answered,8,Owner,0,0,High
RFI-00368,PRJ-019,Structural clarification item 368,Structural,2025-03-17,2025-03-27,,Open,,Contractor,4100,0,Normal
RFI-00369,PRJ-019,General clarification item 369,General,2025-10-31,2025-11-07,2025-11-11,Answered,11,Designer,0,0,High
RFI-00370,PRJ-019,Electrical clarification item 370,Electrical,2025-01-15,2025-01-25,2025-01-28,Answered,13,External,0,0,Normal
RFI-00371,PRJ-019,Structural clarification item 371,Structural,2025-08-31,2025-09-07,2025-09-11,Answered,11,Designer,0,0,High
RFI-00372,PRJ-019,Plumbing clarification item 372,Plumbing,2025-08-02,2025-08-12,2025-08-17,Closed,15,Designer,0,0,Normal
RFI-00373,PRJ-019,Electrical clarification item 373,Electrical,2024-12-29,2025-01-12,2025-01-18,Answered,20,Designer,0,0,Low
RFI-00374,PRJ-019,General clarification item 374,General,2025-03-02,2025-03-09,2025-03-03,Answered,1,Designer,20400,4,High
RFI-00375,PRJ-019,Electrical clarification item 375,Electrical,2025-06-30,07/07/2025,2025-07-21,Answered,21,External,0,0,High
RFI-00376,PRJ-019,General clarification item 376,General,2025-10-29,2025-11-08,2025-11-13,Closed,15,Designer,0,0,Normal
RFI-00377,PRJ-019,Structural clarification item 377,Structural,2025-03-21,2025-03-31,2025-03-30,Closed,9,Designer,12400,0,Normal
RFI-00378,PRJ-019,Structural clarification item 378,Structural,2025-01-18,2025-01-28,2025-01-30,Answered,12,Owner,0,0,Normal
RFI-00379,PRJ-019,Electrical clarification item 379,Electrical,2025-08-01,2025-08-11,2025-08-23,Closed,22,Owner,10000,2,Normal
RFI-00380,PRJ-019,Mechanical clarification item 380,Mechanical,2025-10-25,2025-11-04,,Open,,Contractor,0,0,Normal
RFI-00381,PRJ-019,Architectural clarification item 381,Architectural,2025-05-29,2025-06-08,2025-06-01,Answered,3,Contractor,28100,1,Normal
RFI-00382,PRJ-019,Plumbing clarification item 382,Plumbing,2025-02-02,2025-02-12,2025-02-16,Answered,14,External,0,0,Normal
RFI-00383,PRJ-020,Structural clarification item 383,Structural ,2025-01-28,2025-02-07,2025-02-20,Closed,23,Owner,0,0,Normal
RFI-00384,PRJ-020,Mechanical clarification item 384,Mechanical,2024-11-17,2024-11-24,,Open,,Designer,0,0,High
RFI-00385,PRJ-020,Plumbing clarification item 385,Plumbing,2025-09-16,2025-09-19,2025-09-17,Answered,1,Designer,142800,0,Critical
RFI-00386,PRJ-020,Architectural clarification item 386,Architectural,2025-10-18,2025-10-28,2025-11-07,Answered,20,Owner,0,0,Normal
RFI-00387,PRJ-020,General clarification item 387,General,2025-06-01,06/11/2025,2025-06-16,Answered,15,Designer,0,0,Normal
RFI-00388,PRJ-020,Civil clarification item 388,Civil,2024-07-23,2024-08-02,2024-08-17,Closed,25,Owner,0,0,Normal
RFI-00389,PRJ-020,Fire Protection clarification item 389,Fire Protection,2024-12-28,2024-12-31,2025-01-02,Answered,5,Designer,0,0,Critical
RFI-00390,PRJ-020,Architectural clarification item 390,Architectural,2024-02-15,2024-02-22,2024-03-01,Closed,15,Owner,0,0,High
RFI-00391,PRJ-020,Mechanical clarification item 391,Mechanical,2024-02-14,2024-02-21,2024-03-10,Closed,25,Contractor,0,0,High
RFI-00392,PRJ-020,Structural clarification item 392,Structural,2025-07-11,2025-07-18,,Open,,Designer,0,0,High
RFI-00393,PRJ-020,Electrical clarification item 393,Electrical,2025-08-30,2025-09-06,2025-09-13,Answered,14,Owner,17700,2,High
RFI-00394,PRJ-020,Electrical clarification item 394,Electrical,2024-01-02,2024-01-12,2024-01-14,Answered,12,Owner,0,0,Normal
RFI-00395,PRJ-020,General clarification item 395,General,2025-10-10,2025-10-20,2025-10-24,Answered,14,Contractor,33600,2,Normal
RFI-00396,PRJ-020,General clarification item 396,General,2024-11-21,2024-12-01,,Open,,Contractor,0,0,Normal
RFI-00397,PRJ-020,Electrical clarification item 397,Electrical,2025-04-08,2025-04-18,2025-04-29,Closed,21,External,0,0,Normal
RFI-00398,PRJ-020,Mechanical clarification item 398,Mechanical,2024-10-27,2024-11-06,2024-11-19,Answered,23,Owner,0,0,Normal
RFI-00399,PRJ-020,Mechanical clarification item 399,Mechanical,2024-02-17,2024-02-24,,Open,,Designer,45300,3,High
RFI-00400,PRJ-020,Electrical clarification item 400,Electrical,2025-08-29,2025-09-05,2025-09-04,Answered,6,Designer,0,0,High
RFI-00401,PRJ-020,Architectural clarification item 401,Architectural,2024-08-05,2024-08-15,,Open,,Owner,0,0,Normal
RFI-00402,PRJ-020,Structural clarification item 402,Structural,2024-03-04,2024-03-14,2024-03-24,Answered,20,Designer,26400,4,Normal
RFI-00403,PRJ-020,Plumbing clarification item 403,Plumbing,2024-11-11,2024-11-21,2024-12-05,Answered,24,Contractor,0,0,Normal
RFI-00404,PRJ-020,Civil clarification item 404,Civil,2024-04-29,2024-05-09,2024-05-14,Closed,15,Owner,0,0,Normal
RFI-00405,PRJ-020 ,Architectural clarification item 405,Architectural,2024-04-09,2024-04-19,2024-05-09,Closed,30,Contractor,0,0,Normal
RFI-00406,PRJ-020,Architectural clarification item 406,Architectural,2025-09-24,2025-10-01,2025-10-16,Answered,22,Designer,79800,4,High
RFI-00407,PRJ-021,General clarification item 407,General,2024-11-12,2024-11-22,2024-11-20,Answered,8,Designer,0,0,Normal
RFI-00408,PRJ-021,Electrical clarification item 408,Electrical,2022-11-30,2022-12-10,2022-12-09,Closed,9,Owner,5600,2,Normal
RFI-00409,PRJ-021,Structural clarification item 409,Structural,2023-12-22,2024-01-01,2024-01-04,Answered,13,Designer,0,0,Normal
RFI-00410,PRJ-021,Architectural clarification item 410,Architectural,2022-08-15,2022-08-25,2022-09-03,Answered,19,Designer,15100,8,Normal
RFI-00411,PRJ-021,Architectural clarification item 411,Architectural,2022-11-06,2022-11-13,2022-11-12,Closed,6,Contractor,0,0,High
RFI-00412,PRJ-021,Plumbing clarification item 412,Plumbing,2024-06-04,2024-06-11,2024-06-10,Answered,6,External,0,0,High
RFI-00413,PRJ-021,Electrical clarification item 413,Electrical,2023-06-22,2023-07-02,2023-07-11,Answered,19,Designer,0,0,Normal
RFI-00414,PRJ-021,Fire Protection clarification item 414,Fire Protection,2023-05-07,2023-05-17,2023-05-18,Closed,11,Designer,0,0,Normal
RFI-00415,PRJ-021,Mechanical clarification item 415,Mechanical,2022-10-23,2022-10-30,2022-11-09,Answered,17,Designer,0,0,High
RFI-00416,PRJ-021,Fire Protection clarification item 416,Fire Protection,2023-09-05,2023-09-15,2023-09-21,Answered,16,Designer,0,0,Normal
RFI-00417,PRJ-021,Plumbing clarification item 417,Plumbing,2024-02-09,2024-02-19,2024-02-13,Closed,4,Contractor,0,0,Normal
RFI-00418,PRJ-021,Civil clarification item 418,Civil,2023-01-02,2023-01-12,2023-01-28,Closed,26,Owner,0,0,Normal
RFI-00419,PRJ-021,Fire Protection clarification item 419,Fire Protection,2023-12-01,2023-12-11,2023-12-12,Answered,11,Contractor,0,0,Normal
RFI-00420,PRJ-021,Fire Protection clarification item 420,Fire Protection,2024-04-13,2024-04-27,2024-05-09,Answered,26,Designer,0,0,Low
RFI-00421,PRJ-021,Structural clarification item 421,Structural,2023-12-27,2024-01-03,2024-01-08,Answered,12,Owner,0,0,High
RFI-00422,PRJ-021,Structural clarification item 422,Structural,2023-11-12,2023-11-22,2023-12-01,Ans,19,Contractor,0,0,Normal
RFI-00423,PRJ-021,Structural clarification item 423,Structural,2024-02-15,2024-02-22,2024-02-22,Closed,7,Designer,0,0,High
RFI-00424,PRJ-021,Structural clarification item 424,Structural,2024-01-20,2024-01-30,,Open,,Designer,2600,7,Normal
RFI-00425,PRJ-021,Structural clarification item 425,Structural,2023-12-17,2023-12-27,2024-01-03,Answered,17,Designer,0,0,Normal
RFI-00426,PRJ-022,Structural clarification item 426,Structural,2025-06-05,2025-06-15,2025-06-21,Answered,16,Designer,0,0,Normal
RFI-00427,PRJ-022,Civil clarification item 427,Civil,2025-10-18,2025-10-28,2025-11-03,Closed,16,Owner,0,0,Normal
RFI-00428,PRJ-022,Plumbing clarification item 428,Plumbing,2025-04-14,2025-04-21,2025-04-26,Closed,12,Owner,0,0,High
RFI-00429,PRJ-022,Architectural clarification item 429,Architectural,2025-02-23,2025-03-05,2025-03-18,Answered,23,Designer,17200,3,Normal
RFI-00430,PRJ-022,Architectural clarification item 430,Architectural,2025-08-25,2025-09-04,,Open,,Designer,0,0,Normal
RFI-00431,PRJ-022,Fire Protection clarification item 431,Fire Protection,2025-02-17,2025-02-27,2025-03-05,Answered,16,Designer,0,0,Normal
RFI-00432,PRJ-022,Civil clarification item 432,Civil,2024-12-13,2024-12-20,2025-01-02,Closed,20,Owner,13200,2,High
RFI-00433,PRJ-022,Electrical clarification item 433,Electrical,2024-11-04,2024-11-14,2024-11-22,Closed,18,Designer,17100,0,Normal
RFI-00434,PRJ-022,Mechanical clarification item 434,Mechanical,2025-11-25,2025-12-05,,Open,,Designer,0,0,Normal
RFI-00435,PRJ-022,Architectural clarification item 435,Architectural,2025-08-10,2025-08-20,2025-08-28,Answered,18,Designer,0,0,Normal
RFI-00436,PRJ-022,General clarification item 436,General,2025-05-23,2025-05-30,2025-06-06,Closed,14,External,12600,2,High
RFI-00437,PRJ-022,Electrical clarification item 437,Electrical,2025-04-05,2025-04-15,2025-04-22,Answered,17,Designer,0,0,Normal
RFI-00438,PRJ-022,Electrical clarification item 438,Electrical,2024-12-22,2025-01-05,2025-01-05,Answered,14,Owner,0,0,Low
RFI-00439,PRJ-022,Architectural clarification item 439,Architectural,2025-05-11,2025-05-21,2025-06-05,Answered,25,Owner,0,0,Normal
RFI-00440,PRJ-022,Architectural clarification item 440,Architectural,2025-06-20,2025-07-04,2025-07-21,Closed,31,Contractor,0,0,Low
RFI-00441,PRJ-022,Mechanical clarification item 441,Mechanical,2024-10-11,2024-10-18,2024-11-01,Answered,21,Owner,2100,5,High
RFI-00442,PRJ-022,Mechanical clarification item 442,Mechanical,2025-05-12,2025-05-22,2025-06-05,Answered,24,Designer,0,0,Normal
RFI-00443,PRJ-022,Civil clarification item 443,Civil,2025-11-05,2025-11-19,2025-11-26,Answered,21,Contractor,0,0,Low
RFI-00444,PRJ-022,Structural clarification item 444,Structural,2025-03-29,2025-04-08,2025-04-16,Closed,18,Contractor,0,0,Normal
RFI-00445,PRJ-022,Civil clarification item 445,Civil,2025-05-12,2025-05-26,,Open,,Contractor,4100,6,Low
RFI-00446,PRJ-022,Fire Protection clarification item 446,Fire Protection,2025-11-14,2025-11-21,,Open,,Contractor,95500,8,High
RFI-00447,PRJ-023,General clarification item 447,General,2025-06-29,2025-07-09,2025-07-23,Answered,24,Designer,21000,1,Normal
RFI-00448,PRJ-023,Structural clarification item 448,Structural,2024-10-18,2024-10-28,2024-10-27,Closed,9,External,0,0,Normal
RFI-00449,PRJ-023,Electrical clarification item 449,Electrical,2024-07-20,2024-07-27,2024-07-26,Answered,6,Designer,17300,5,High
RFI-00450,PRJ-023,Structural clarification item 450,Structural,2024-09-03,2024-09-13,2024-09-11,Closed,8,Designer,0,0,Normal
RFI-00451,PRJ-023,Architectural clarification item 451,Architectural,2024-06-22,2024-07-02,2024-06-27,Answered,5,Owner,0,0,Normal
RFI-00452,PRJ-023,Structural clarification item 452,Structural,2025-08-13,2025-08-20,2025-08-20,Answered,7,Designer,0,0,High
RFI-00453,PRJ-023,Architectural clarification item 453,Architectural,2025-09-01,2025-09-08,2025-09-17,Answered,16,Designer,0,0,High
RFI-00454,PRJ-023,Plumbing clarification item 454,Plumbing,2025-12-24,2025-12-31,,Open,,Owner,0,0,High
RFI-00455,PRJ-023,Structural clarification item 455,Structural,2025-05-31,2025-06-07,2025-06-05,Closed,5,Designer,0,0,High
RFI-00456,PRJ-023,Mechanical clarification item 456,Mechanical,2024-10-08,2024-10-15,2024-10-24,Answered,16,Owner,0,0,High
RFI-00457,PRJ-023,Plumbing clarification item 457,Plumbing,2025-04-16,2025-04-26,2025-04-25,Answered,9,Designer,0,0,Normal
RFI-00458,PRJ-023,Plumbing clarification item 458,Plumbing,2024-06-04,06/14/2024,2024-06-23,Answered,19,Designer,0,0,Normal
RFI-00459,PRJ-023,Fire Protection clarification item 459,Fire Protection,2025-01-04,2025-01-14,2025-01-21,Closed,17,Designer,0,0,Normal
RFI-00460,PRJ-023 ,Civil clarification item 460,Civil,2025-08-30,2025-09-09,2025-09-21,Closed,22,Owner,1800,0,Normal
RFI-00461,PRJ-023,Mechanical clarification item 461,Mechanical,2024-03-21,2024-03-31,2024-04-06,Answered,16,Owner,0,0,Normal
RFI-00462,PRJ-023,Plumbing clarification item 462,Plumbing,2024-10-04,2024-10-18,,Open,,Designer,0,0,Low
RFI-00463,PRJ-023,Mechanical clarification item 463,Mechanical,2025-06-27,2025-06-30,2025-06-28,Closed,1,Owner,16100,4,Critical
RFI-00464,PRJ-023,Structural clarification item 464,Structural,2024-08-27,2024-09-06,2024-09-12,Answered,16,Owner,0,0,Normal
RFI-00465,PRJ-023,Mechanical clarification item 465,Mechanical,2025-09-17,2025-09-24,2025-09-20,Answered,3,Designer,0,0,High
RFI-00466,PRJ-023,Plumbing clarification item 466,Plumbing,2025-11-24,2025-11-27,,Open,,Designer,34400,2,Critical
RFI-00467,PRJ-023,Civil clarification item 467,Civil,2025-11-07,2025-11-14,,Open,,Owner,0,0,High
RFI-00468,PRJ-023,Structural clarification item 468,Structural,2025-08-16,2025-08-26,2025-09-02,Answered,17,Owner,0,0,Normal
RFI-00469,PRJ-024,Electrical clarification item 469,Electrical,2025-02-05,2025-02-19,2025-02-28,Closed,23,Owner,0,0,Low
RFI-00470,PRJ-024,Structural clarification item 470,Structural,2025-07-08,2025-07-18,2025-07-29,Answered,21,Designer,0,0,Normal
RFI-00471,PRJ-024,Structural clarification item 471,Structural,2025-10-27,2025-11-06,2025-11-19,Answered,23,Owner,0,0,Normal
RFI-00472,PRJ-024,Architectural clarification item 472,Architectural,2025-12-16,2025-12-26,,open,,Designer,4600,6,Normal
RFI-00473,PRJ-024,Electrical clarification item 473,Electrical,2025-10-21,2025-10-28,2025-11-07,Answered,17,Designer,0,0,High
RFI-00474,PRJ-024,Mechanical clarification item 474,Mechanical,2025-11-04,2025-11-14,2025-11-18,Answered,14,External,0,0,Normal
RFI-00475,PRJ-024,Architectural clarification item 475,Architectural,2024-11-20,2024-11-27,2024-12-13,Closed,23,Contractor,0,0,High
RFI-00476,PRJ-024,Civil clarification item 476,Civil,2025-02-12,2025-02-22,2025-03-05,Closed,21,Owner,0,0,Normal
RFI-00477,PRJ-024,Mechanical clarification item 477,Mechanical,2025-11-24,2025-12-04,2025-12-07,Closed,13,Contractor,0,0,Normal
RFI-00478,PRJ-024,Structural clarification item 478,Structural,2025-06-19,2025-06-26,2025-07-12,Answered,23,Designer,2300,0,High
RFI-00479,PRJ-024,Structural clarification item 479,Structural,2025-08-30,2025-09-09,,Open,,Owner,0,0,Normal
RFI-00480,PRJ-024,Civil clarification item 480,Civil,2025-09-24,2025-10-04,2025-10-22,Answered,28,Owner,0,0,Normal
RFI-00481,PRJ-024,Mechanical clarification item 481,mechanical,2025-09-17,2025-09-27,2025-10-06,Answered,19,Designer,0,0,Normal
RFI-00482,PRJ-024,Mechanical clarification item 482,Mechanical,2025-08-14,2025-08-28,2025-08-30,Answered,16,Designer,0,0,Low
RFI-00483,PRJ-024,Structural clarification item 483,Structural,2025-11-07,2025-11-10,2025-11-19,Closed,12,Designer,0,0,Critical
RFI-00484,PRJ-024,Architectural clarification item 484,Architectural,2025-06-03,2025-06-10,2025-06-25,Answered,22,Designer,11700,4,High
RFI-00485,PRJ-024,Mechanical clarification item 485,Mechanical,2025-12-15,2025-12-22,2026-01-08,Answered,24,Contractor,0,0,High
RFI-00486,PRJ-024,Architectural clarification item 486,Architectural,2025-07-30,2025-08-06,2025-08-09,Closed,10,Owner,6400,10,High
RFI-00487,PRJ-024,General clarification item 487,General,2024-10-14,2024-10-24,2024-11-03,Answered,20,Contractor,0,0,Normal
RFI-00488,PRJ-024,Structural clarification item 488,Structural,2024-10-04,2024-10-11,2024-10-19,Closed,15,Designer,0,0,High
RFI-00489,PRJ-024,Plumbing clarification item 489,Plumbing,2024-11-10,2024-11-24,2024-12-20,Answered,40,Designer,0,0,Low
RFI-00490,PRJ-024,Civil clarification item 490,Civil,2025-10-28,2025-11-07,2025-11-13,Answered,16,External,0,0,Normal
RFI-00491,PRJ-024,Structural clarification item 491,Structural,2025-05-10,2025-05-24,2025-06-11,Closed,32,Contractor,0,0,Low
RFI-00492,PRJ-024,Mechanical clarification item 492,Mechanical,2025-09-22,2025-09-29,2025-10-06,Answered,14,Contractor,0,0,High
RFI-00493,PRJ-024,Architectural clarification item 493,Architectural,2025-01-16,2025-01-26,2025-02-04,Answered,19,Designer,163300,5,Normal
RFI-00494,PRJ-025,Architectural clarification item 494,Architectural,2025-08-03,2025-08-13,2025-08-21,Closed,18,Designer,0,0,Normal
RFI-00495,PRJ-025,Mechanical clarification item 495,Mechanical,2025-10-16,2025-10-23,2025-10-21,Closed,5,Contractor,0,0,High
RFI-00496,PRJ-025,Architectural clarification item 496,Architectural,2025-08-03,2025-08-13,2025-09-04,Answered,32,External,0,0,Normal
RFI-00497,PRJ-025,Structural clarification item 497,Structural,2025-09-10,2025-09-20,2025-10-04,Closed,24,Designer,0,0,Normal
RFI-00498,PRJ-025,Civil clarification item 498,Civil,2025-02-07,2025-02-17,2025-03-04,Closed,25,Designer,0,0,Normal
RFI-00499,PRJ-025,General clarification item 499,General,2025-05-28,2025-06-07,2025-06-24,Answered,27,Designer,0,0,Normal
RFI-00500,PRJ-025,Plumbing clarification item 500,Plumbing,2024-12-21,2024-12-28,2025-01-14,Answered,24,Contractor,40100,3,High
RFI-00501,PRJ-025,Electrical clarification item 501,Electrical,2024-11-19,2024-11-29,2024-12-14,Closed,25,Owner,0,0,Normal
RFI-00502,PRJ-025,Electrical clarification item 502,Electrical,2025-06-24,2025-07-04,2025-07-16,Answered,22,Contractor,0,0,Normal
RFI-00503,PRJ-025,Electrical clarification item 503,Electrical,2025-04-10,2025-04-17,,Open,,Contractor,0,0,High
RFI-00504,PRJ-025,Structural clarification item 504,Structural,2025-03-11,2025-03-21,2025-03-28,Answered,17,Contractor,21800,4,Normal
RFI-00505,PRJ-025,Mechanical clarification item 505,Mechanical,2025-02-14,2025-02-24,2025-03-08,Answered,22,Designer,0,0,Normal
RFI-00506,PRJ-025,Architectural clarification item 506,Architectural,2025-05-25,2025-06-01,,Open,,Contractor,0,0,High
RFI-00507,PRJ-025,Structural clarification item 507,Structural,2025-11-07,2025-11-14,,Open,,Designer,28000,5,High
RFI-00508,PRJ-025,Structural clarification item 508,Structural,2025-10-11,2025-10-21,2025-10-25,Answered,14,Designer,0,0,Normal
RFI-00509,PRJ-025,General clarification item 509,General,2024-10-24,2024-11-03,2024-11-05,Answered,12,Designer,0,0,Normal
RFI-00510,PRJ-025,Electrical clarification item 510,Electrical,2025-02-01,2025-02-08,2025-02-19,Answered,18,Designer,5200,5,High
RFI-00511,PRJ-025,General clarification item 511,General,2025-09-09,2025-09-12,2025-10-03,Answered,24,Designer,0,0,Critical
RFI-00512,PRJ-025,Structural clarification item 512,Structural,2025-04-10,2025-04-20,2025-05-08,Closed,28,External,0,0,Normal
RFI-00513,PRJ-025,Architectural clarification item 513,Architectural,2024-10-20,2024-11-03,2024-11-08,Closed,19,Designer,0,0,Low
RFI-00514,PRJ-025,Electrical clarification item 514,Electrical,2025-11-01,2025-11-15,,Open,,Designer,0,0,Low
RFI-00515,PRJ-025,General clarification item 515,General,2025-12-25,2026-01-04,2026-01-11,Answered,17,Owner,0,0,Normal
RFI-00516,PRJ-025,Structural clarification item 516,Structural,2025-05-08,2025-05-18,2025-05-26,Closed,18,Contractor,46700,2,Normal
RFI-00517,PRJ-026,Structural clarification item 517,Structural,2025-01-07,2025-01-10,2025-01-09,Answered,2,Designer,7600,5,Critical
RFI-00518,PRJ-026,Civil clarification item 518,Civil,2025-06-22,2025-06-29,2025-07-16,Answered,24,Contractor,118200,2,High
RFI-00519,PRJ-026,Architectural clarification item 519,Architectural,2025-01-01,2025-01-11,2025-01-17,Answered,16,Designer,0,0,Normal
RFI-00520,PRJ-026,Mechanical clarification item 520,Mechanical,2024-12-15,2024-12-22,2024-12-27,Answered,12,Designer,28500,0,High
RFI-00521,PRJ-026,Fire Protection clarification item 521,Fire Protection,2025-06-21,2025-07-01,2025-07-03,Answered,12,Owner,0,0,Normal
RFI-00522,PRJ-026,Electrical clarification item 522,Electrical,2024-11-30,2024-12-07,2024-12-18,Closed,18,Owner,0,0,High
RFI-00523,PRJ-026,Fire Protection clarification item 523,Fire Protection,2025-12-01,2025-12-11,2025-12-15,Answered,14,Contractor,0,0,Normal
RFI-00524,PRJ-026,Mechanical clarification item 524,Mechanical,2025-10-27,2025-11-10,2025-11-13,Answered,17,Contractor,23100,1,Low
RFI-00525,PRJ-026,Civil clarification item 525,Civil,2025-02-14,2025-02-28,2025-03-08,Closed,22,Owner,0,0,Low
RFI-00526,PRJ-026,Mechanical clarification item 526,Mechanical,2025-08-04,2025-08-14,,Open,,Owner,30200,2,Normal
RFI-00527,PRJ-026,Structural clarification item 527,Structural,2025-05-17,2025-05-27,2025-05-27,Answered,10,External,0,0,Normal
RFI-00528,PRJ-026,Fire Protection clarification item 528,Fire Protection,2024-08-31,2024-09-10,2024-09-10,Closed,10,External,0,0,Normal
RFI-00529,PRJ-026,Plumbing clarification item 529,Plumbing,2024-10-10,2024-10-17,2024-10-11,Answered,1,External,0,0,High
RFI-00530,PRJ-026,Civil clarification item 530,Civil,2025-04-23,2025-05-07,2025-05-12,Answered,19,Contractor,0,0,Low
RFI-00531,PRJ-026,Architectural clarification item 531,Architectural,2025-12-27,2026-01-06,,Open,,Owner,0,0,Normal
RFI-00532,PRJ-026,Civil clarification item 532,Civil,2024-10-05,2024-10-15,2024-10-20,Answered,15,Owner,4500,0,Normal
RFI-00533,PRJ-026,Mechanical clarification item 533,Mechanical,2025-10-06,2025-10-16,2025-10-26,Closed,20,Designer,0,0,Normal
RFI-00534,PRJ-026,Architectural clarification item 534,Architectural,2025-11-16,2025-11-23,2025-11-30,Closed,14,External,0,0,High
RFI-00535,PRJ-026,Structural clarification item 535,Structural,2025-01-07,2025-01-10,2025-01-18,Answered,11,Designer,0,0,Critical
RFI-00536,PRJ-026,Fire Protection clarification item 536,Fire Protection,2025-09-22,2025-09-29,2025-10-07,Answered,15,Designer,0,0,High
RFI-00537,PRJ-027,Structural clarification item 537,Structural,2025-07-22,2025-08-01,2025-08-16,Answered,25,Designer,0,0,Normal
RFI-00538,PRJ-027,Structural clarification item 538,Structural,2025-02-18,2025-02-21,2025-03-05,Answered,15,Contractor,8800,5,Critical
RFI-00539,PRJ-027,Electrical clarification item 539,Electrical,2025-08-23,2025-09-02,2025-09-07,Answered,15,Designer,0,0,Normal
RFI-00540,PRJ-027,General clarification item 540,General,2025-11-24,2025-12-04,2025-12-07,Answered,13,Designer,0,0,Normal
RFI-00541,PRJ-027,Electrical clarification item 541,Electrical,2025-08-12,2025-08-19,2025-09-01,Closed,20,Designer,0,0,High
RFI-00542,PRJ-027,Electrical clarification item 542,Electrical,2025-10-16,2025-10-26,2025-11-04,Answered,19,Designer,42900,5,Normal
RFI-00543,PRJ-027,Structural clarification item 543,structure,2025-03-28,2025-04-04,2025-04-12,Answered,15,Contractor,0,0,High
RFI-00544,PRJ-027,Architectural clarification item 544,Architectural,2024-06-14,2024-06-21,2024-07-01,Answered,17,Designer,0,0,High
RFI-00545,PRJ-027,Architectural clarification item 545,Architectural,2025-11-14,2025-11-24,2025-12-13,Answered,29,Owner,0,0,Normal
RFI-00546,PRJ-027,Plumbing clarification item 546,Plumbing,2025-04-21,2025-05-01,,Open,,Designer,0,0,Normal
RFI-00547,PRJ-027,Mechanical clarification item 547,Mechanical,2024-08-22,2024-09-01,2024-09-04,Answered,13,Contractor,0,0,Normal
RFI-00548,PRJ-027,Structural clarification item 548,Structural,2024-12-06,2024-12-16,2024-12-26,Closed,20,Designer,6800,6,Normal
RFI-00549,PRJ-027,Architectural clarification item 549,Architectural,2025-11-03,2025-11-13,2025-11-23,Answered,20,Owner,0,0,Normal
RFI-00550,PRJ-027,Civil clarification item 550,Civil,2024-07-11,2024-07-25,2024-07-24,Answered,13,Owner,0,0,Low
RFI-00551,PRJ-027,Mechanical clarification item 551,Mechanical,2025-05-25,2025-06-01,2025-06-05,Closed,11,Designer,0,0,High
RFI-00552,PRJ-027,Architectural clarification item 552,Architectural,2024-07-02,2024-07-09,2024-07-11,Answered,9,Designer,35100,5,High
RFI-00553,PRJ-028,Plumbing clarification item 553,Plumbing,2023-09-16,2023-09-26,2023-10-01,Answered,15,Designer,0,0,Normal
RFI-00554,PRJ-028,Plumbing clarification item 554,Plumbing,2024-01-30,02/06/2024,2024-02-08,Answered,9,Designer,45900,4,High
RFI-00555,PRJ-028,Architectural clarification item 555,Architectural,2023-05-23,2023-06-02,2023-06-04,Answered,12,Contractor,0,0,Normal
RFI-00556,PRJ-028,Electrical clarification item 556,Electrical,2022-02-26,2022-03-05,,Open,,External,0,0,High
RFI-00557,PRJ-028,Structural clarification item 557,Structural,2021-10-17,2021-10-27,2021-11-06,Answered,20,Designer,0,0,Normal
RFI-00558,PRJ-028,General clarification item 558,General,2022-04-11,2022-04-21,2022-04-28,Answered,17,Designer,0,0,Normal
RFI-00559,PRJ-028,Architectural clarification item 559,Architectural,2024-04-18,2024-04-25,2024-04-24,Closed,6,Designer,27700,1,High
RFI-00560,PRJ-028,General clarification item 560,General,2022-02-03,2022-02-13,2022-02-18,Answered,15,Owner,0,0,Normal
RFI-00561,PRJ-028,Fire Protection clarification item 561,Fire Protection,2024-05-19,2024-05-26,2024-06-01,Answered,13,Contractor,74100,3,High
RFI-00562,PRJ-028,Fire Protection clarification item 562,Fire Protection,2021-12-06,2021-12-16,2021-12-18,Closed,12,Designer,0,0,Normal
RFI-00563,PRJ-028,Mechanical clarification item 563,Mechanical,2024-07-20,2024-07-27,2024-08-04,Answered,15,Designer,0,0,High
RFI-00564,PRJ-028,Mechanical clarification item 564,Mechanical,2021-11-11,2021-11-21,2021-12-03,Answered,22,External,0,0,Normal
RFI-00565,PRJ-028,Plumbing clarification item 565,Plumbing,2023-10-10,2023-10-20,2023-10-31,Answered,21,External,0,0,Normal
RFI-00566,PRJ-028,Architectural clarification item 566,Architectural,2023-02-21,2023-02-28,2023-03-06,Closed,13,Designer,38100,8,High
RFI-00567,PRJ-028,Civil clarification item 567,Civil,2024-04-30,2024-05-07,2024-05-17,Answered,17,Designer,0,0,High
RFI-00568,PRJ-028,Civil clarification item 568,Civil,2022-04-28,2022-05-08,2022-05-13,Closed,15,Owner,0,0,Normal
RFI-00569,PRJ-028,Architectural clarification item 569,Architectural,2022-06-05,2022-06-12,,Open,,Owner,0,0,High
RFI-00570,PRJ-028,Architectural clarification item 570,Architectural,2023-08-21,2023-08-31,2023-09-11,Answered,21,Designer,0,0,Normal
RFI-00571,PRJ-029,Civil clarification item 571,Civil,2024-03-20,2024-03-27,2024-03-21,Answered,1,Designer,12600,3,High
RFI-00572,PRJ-029,Structural clarification item 572,Structural,2024-12-12,2024-12-22,2024-12-25,Answered,13,Designer,0,0,Normal
RFI-00573,PRJ-029,Electrical clarification item 573,Electrical,2024-07-27,2024-08-06,2024-08-04,Closed,8,Designer,0,0,Normal
RFI-00574,PRJ-029,Electrical clarification item 574,Electrical,2025-02-15,2025-02-25,2025-03-03,Closed,16,Contractor,0,0,Normal
RFI-00575,PRJ-029,Electrical clarification item 575,Electrical,2025-08-21,2025-08-31,2025-09-16,Answered,26,Designer,0,0,Normal
RFI-00576,PRJ-029,Civil clarification item 576,Civil,2024-09-27,2024-10-07,2024-10-20,Answered,23,Designer,0,0,Normal
RFI-00577,PRJ-029,Civil clarification item 577,Civil,2024-10-05,2024-10-15,2024-10-14,Answered,9,Designer,165000,5,Normal
RFI-00578,PRJ-029,Electrical clarification item 578,Electrical,2025-10-05,2025-10-19,2025-10-24,Closed,19,Owner,188800,2,Low
RFI-00579,PRJ-029,Architectural clarification item 579,Architectural,2024-12-31,2025-01-14,2025-01-20,Closed,20,Owner,0,0,Low
RFI-00580,PRJ-029,Structural clarification item 580,Structural,2025-09-09,2025-09-19,2025-09-15,Answered,6,Designer,0,0,Normal
RFI-00581,PRJ-029,Fire Protection clarification item 581,Fire Protection,2025-06-20,2025-06-30,2025-07-13,Answered,23,Owner,0,0,Normal
RFI-00582,PRJ-029,Mechanical clarification item 582,Mechanical,2025-05-15,2025-05-25,2025-05-27,Closed,12,Designer,0,0,Normal
RFI-00583,PRJ-029,Electrical clarification item 583,Electrical,2024-06-03,2024-06-06,2024-06-04,Answered,1,Designer,0,0,Critical
RFI-00584,PRJ-029,Architectural clarification item 584,Architectural,2024-10-10,2024-10-24,2024-10-23,Closed,13,Contractor,0,0,Low
RFI-00585,PRJ-029,Mechanical clarification item 585,Mechanical,2025-09-21,2025-09-28,2025-10-06,Answered,15,Designer,0,0,High
RFI-00586,PRJ-029,Structural clarification item 586,Structural,2025-04-06,2025-04-16,2025-04-19,Closed,13,Owner,0,0,Normal
RFI-00587,PRJ-029,Electrical clarification item 587,Electrical,2025-08-21,2025-08-28,2025-08-26,Closed,5,Designer,22400,0,High
RFI-00588,PRJ-029,Civil clarification item 588,Civil,2024-09-19,2024-09-29,2024-10-18,Answered,29,Owner,0,0,Normal
RFI-00589,PRJ-029,General clarification item 589,General,2025-11-25,2025-11-28,,Open,,Designer,0,0,Critical
RFI-00590,PRJ-030,Structural clarification item 590,Structural,2025-07-07,2025-07-17,2025-08-06,Closed,30,Contractor,14100,3,Normal
RFI-00591,PRJ-030,Mechanical clarification item 591,Mechanical,2025-11-15,2025-11-22,2025-12-02,Answered,17,Designer,0,0,High
RFI-00592,PRJ-030,Structural clarification item 592,Structural,2024-05-26,2024-06-02,2024-06-13,Answered,18,Designer,0,0,High
RFI-00593,PRJ-030,Plumbing clarification item 593,Plumbing,2023-08-02,2023-08-12,2023-08-09,Answered,7,Designer,0,0,Normal
RFI-00594,PRJ-030,Civil clarification item 594,Civil,2024-07-05,2024-07-15,2024-07-26,Answered,21,Designer,0,0,Normal
RFI-00595,PRJ-030,Architectural clarification item 595,Architectural,2023-09-29,2023-10-13,,Open,,Owner,0,0,Low
RFI-00596,PRJ-030,Civil clarification item 596,Civil,2024-09-03,2024-09-06,2024-09-20,Answered,17,Designer,0,0,Critical
RFI-00597,PRJ-030,Electrical clarification item 597,Electrical,2025-02-26,2025-03-05,2025-03-21,Closed,23,Contractor,0,0,High
RFI-00598,PRJ-030,Electrical clarification item 598,Electrical,2024-09-09,2024-09-19,2024-09-30,Answered,21,Contractor,0,0,Normal
RFI-00599,PRJ-030,Fire Protection clarification item 599,Fire Protection,2024-05-23,2024-05-30,2024-06-11,Answered,19,Contractor,18700,6,High
RFI-00600,PRJ-030,Architectural clarification item 600,Architectural,2025-06-09,2025-06-23,2025-07-08,Closed,29,Designer,0,0,Low
RFI-00601,PRJ-030,Mechanical clarification item 601,Mechanical,2025-02-22,2025-03-01,2025-03-05,Answered,11,Designer,8000,4,High
RFI-00602,PRJ-030,Plumbing clarification item 602,Plumbing,2025-10-14,2025-10-21,2025-10-29,Answered,15,Designer,32300,2,High
RFI-00603,PRJ-030,Mechanical clarification item 603,Mechanical,2023-07-01,2023-07-08,2023-07-15,Closed,14,Designer,100800,2,High
RFI-00604,PRJ-030,Electrical clarification item 604,Electrical,2025-04-28,2025-05-08,2025-05-14,Answered,16,Contractor,0,0,Normal
RFI-00605,PRJ-030,Structural clarification item 605,Structural,2025-07-02,2025-07-12,2025-07-22,Closed,20,Designer,0,0,Normal
RFI-00606,PRJ-030,Civil clarification item 606,Civil,2024-07-08,2024-07-18,2024-08-05,Closed,28,Contractor,0,0,Normal
RFI-00607,PRJ-030,Structural clarification item 607,Structural,2024-11-06,2024-11-16,2024-11-28,Answered,22,Designer,18000,0,Normal
RFI-00608,PRJ-030,Plumbing clarification item 608,Plumbing,2023-05-01,2023-05-11,2023-05-15,Closed,14,Designer,0,0,Normal
RFI-00609,PRJ-030,Electrical clarification item 609,Electrical,2023-11-16,2023-11-26,2023-11-29,Answered,13,Owner,0,0,Normal
RFI-00610,PRJ-030,Architectural clarification item 610,Architectural,2024-08-18,2024-08-28,,Open,,Owner,0,0,Normal
RFI-00611,PRJ-030,Civil clarification item 611,Civil,2024-12-22,2024-12-25,2024-12-27,Answered,5,Designer,0,0,Critical
RFI-00612,PRJ-030,Electrical clarification item 612,Electrical,2024-09-23,2024-10-03,2024-10-08,Answered,15,Designer,29400,6,Normal
RFI-00613,PRJ-030,Plumbing clarification item 613,Plumbing,2024-07-03,2024-07-13,,Open,,External,0,0,Normal
RFI-00614,PRJ-031,Electrical clarification item 614,Electrical,2021-08-28,2021-09-11,2021-09-16,Answered,19,Owner,0,0,Low
RFI-00615,PRJ-031,Plumbing clarification item 615,Plumbing,2022-07-31,2022-08-10,2022-08-16,Answered,16,Designer,0,0,Normal
RFI-00616,PRJ-031,Structural clarification item 616,Structural,2023-01-28,2023-02-07,2023-02-18,Closed,21,Designer,11000,8,Normal
RFI-00617,PRJ-031,Plumbing clarification item 617,Plumbing,2024-08-24,2024-09-03,,Open,,Designer,0,0,Normal
RFI-00618,PRJ-031,Architectural clarification item 618,Architectural,2022-09-24,2022-10-04,2022-10-17,Closed,23,Owner,0,0,Normal
RFI-00619,PRJ-031,Civil clarification item 619,Civil,2021-08-07,2021-08-17,2021-08-29,Answered,22,Designer,0,0,Normal
RFI-00620,PRJ-031,Architectural clarification item 620,Architectural,2023-02-26,2023-03-08,2023-03-19,Answered,21,Contractor,0,0,Normal
RFI-00621,PRJ-031,Plumbing clarification item 621,Plumbing,2022-10-26,2022-11-05,,Open,,Owner,449600,7,Normal
RFI-00622,PRJ-031,Architectural clarification item 622,Architectural,2021-12-30,2022-01-06,2022-01-16,Answered,17,Owner,0,0,High
RFI-00623,PRJ-031,Plumbing clarification item 623,Plumbing,2024-07-26,2024-08-02,2024-08-12,Answered,17,Designer,0,0,High
RFI-00624,PRJ-031,Electrical clarification item 624,Electrical,2023-01-22,2023-01-29,2023-02-11,Answered,20,Contractor,0,0,High
RFI-00625,PRJ-031,Mechanical clarification item 625,Mechanical,2023-07-11,2023-07-18,2023-07-31,Closed,20,Designer,0,0,High
RFI-00626,PRJ-031,Architectural clarification item 626,Architectural,2023-09-25,2023-10-02,2023-10-16,Closed,21,Designer,0,0,High
RFI-00627,PRJ-031,Mechanical clarification item 627,Mechanical,2024-12-08,2024-12-22,,Open,,Designer,0,0,Low
RFI-00628,PRJ-031,Fire Protection clarification item 628,Fire Protection,2021-09-24,2021-10-01,2021-10-15,Closed,21,Contractor,0,0,High
RFI-00629,PRJ-031,Civil clarification item 629,Civil,2024-07-02,2024-07-09,2024-07-11,Answered,9,Contractor,0,0,High
RFI-00630,PRJ-031,Mechanical clarification item 630,Mechanical,2022-05-19,2022-05-29,2022-06-08,Answered,20,Contractor,216400,4,Normal
RFI-00631,PRJ-031,Mechanical clarification item 631,Mechanical,2023-07-06,2023-07-16,,Open,,External,3200,9,Normal
RFI-00632,PRJ-031,Civil clarification item 632,Civil,2024-08-15,2024-08-18,2024-08-25,Closed,10,Designer,9300,4,Critical
RFI-00633,PRJ-031,Electrical clarification item 633,Electrical,2021-11-03,2021-11-10,2021-11-26,Answered,23,Owner,0,0,High
RFI-00634,PRJ-031,Electrical clarification item 634,Electrical,2023-04-29,2023-05-13,,Open,,External,0,0,Low
RFI-00635,PRJ-031,General clarification item 635,General,2024-06-18,2024-06-28,2024-07-11,Answered,23,Owner,3300,3,Normal
RFI-00636,PRJ-031,Architectural clarification item 636,Architectural,2023-11-11,2023-11-18,2023-11-27,Answered,16,Designer,8100,4,High
RFI-00637,PRJ-031,Architectural clarification item 637,Architectural,2021-08-26,2021-09-09,2021-09-27,Answered,32,Contractor,25500,4,Low
RFI-00638,PRJ-031,Structural clarification item 638,Structural,2021-12-19,2021-12-29,2022-01-14,Answered,26,Designer,11600,5,Normal
RFI-00639,PRJ-031,Architectural clarification item 639,Architectural,2024-12-17,2024-12-20,,Open,,Designer,0,0,Critical
RFI-00640,PRJ-031,Architectural clarification item 640,Architectural,2024-09-22,2024-10-02,2024-10-10,Closed,18,Designer,14100,6,Normal
RFI-00641,PRJ-032,Electrical clarification item 641,Electrical,2025-02-16,2025-02-23,2025-03-02,Answered,14,Designer,0,0,High
RFI-00642,PRJ-032,Structural clarification item 642,Structural,2024-06-18,2024-06-28,2024-07-12,Answered,24,Designer,0,0,Normal
RFI-00643,PRJ-032,Structural clarification item 643,Structural,2023-08-10,2023-08-24,2023-09-02,Answered,23,Contractor,0,0,Low
RFI-00644,PRJ-032,Fire Protection clarification item 644,Fire Protection,2023-07-01,2023-07-08,2023-07-18,Answered,17,Designer,53500,3,High
RFI-00645,PRJ-032,Fire Protection clarification item 645,Fire Protection,2023-06-24,2023-07-01,2023-07-07,Closed,13,Designer,0,0,High
RFI-00646,PRJ-032,Electrical clarification item 646,Electrical,2024-11-23,2024-11-30,2024-12-05,Closed,12,Designer,0,0,High
RFI-00647,PRJ-032,Mechanical clarification item 647,Mechanical,2023-09-11,2023-09-25,,Open,,Designer,15500,8,Low
RFI-00648,PRJ-032,Civil clarification item 648,Civil,2023-04-03,2023-04-10,2023-04-20,Answered,17,Designer,0,0,High
RFI-00649,PRJ-032,Electrical clarification item 649,Electrical,2023-12-02,2023-12-09,2023-12-16,Answered,14,Owner,0,0,High
RFI-00650,PRJ-032,Electrical clarification item 650,Electrical,2025-02-23,2025-03-05,2025-03-22,Closed,27,External,0,0,Normal
RFI-00651,PRJ-032,Plumbing clarification item 651,Plumbing,2024-06-14,2024-06-21,2024-07-02,Closed,18,Designer,0,0,High
RFI-00652,PRJ-032,Architectural clarification item 652,Architectural,2023-03-22,2023-03-29,2023-03-27,Closed,5,Designer,5700,9,High
RFI-00653,PRJ-032,Civil clarification item 653,Civil,2023-10-28,2023-11-04,,Open,,External,0,0,High
RFI-00654,PRJ-032,Electrical clarification item 654,Electrical,2023-08-02,2023-08-12,,Open,,Designer,0,0,Normal
RFI-00655,PRJ-032,Civil clarification item 655,Civil,2024-10-21,2024-10-31,2024-11-01,Closed,11,Owner,0,0,Normal
RFI-00656,PRJ-032,Electrical clarification item 656,Electrical,2023-08-30,2023-09-09,2023-09-13,Answered,14,Designer,0,0,Normal
RFI-00657,PRJ-032,Electrical clarification item 657,Electrical,2025-06-21,2025-07-01,2025-07-11,Closed,20,External,0,0,Normal
RFI-00658,PRJ-033,Structural clarification item 658,Structural,2023-07-06,2023-07-16,2023-07-24,Answered,18,Owner,0,0,Normal
RFI-00659,PRJ-033,Structural clarification item 659,Structural,2025-08-07,2025-08-17,2025-08-27,Closed,20,External,0,0,Normal
RFI-00660,PRJ-033,Architectural clarification item 660,Architectural,2024-02-29,2024-03-10,2024-03-18,Answered,18,Designer,49500,0,Normal
RFI-00661,PRJ-033,Structural clarification item 661,Structural,2024-02-06,2024-02-16,2024-02-23,Answered,17,Contractor,0,0,Normal
RFI-00662,PRJ-033,Structural clarification item 662,Structural,2024-08-19,2024-08-26,2024-09-06,Answered,18,Designer,0,0,High
RFI-00663,PRJ-033,Civil clarification item 663,Civil,2024-06-08,2024-06-15,2024-06-22,Answered,14,Owner,14500,2,High
RFI-00664,PRJ-033,Mechanical clarification item 664,Mechanical,2025-11-18,2025-11-28,2025-11-26,Answered,8,Contractor,0,0,Normal
RFI-00665,PRJ-033,Plumbing clarification item 665,Plumbing,2023-09-10,2023-09-20,2023-09-28,Answered,18,Designer,70700,7,Normal
RFI-00666,PRJ-033,Fire Protection clarification item 666,Fire Protection,2025-08-19,2025-08-29,2025-09-09,Closed,21,Designer,0,0,Normal
RFI-00667,PRJ-033,Plumbing clarification item 667,Plumbing,2024-12-27,2025-01-03,2025-01-14,Closed,18,Designer,15400,0,High
RFI-00668,PRJ-033,Mechanical clarification item 668,Mechanical,2023-11-13,2023-11-23,2023-11-19,Answered,6,Designer,2800,2,Normal
RFI-00669,PRJ-033,Civil clarification item 669,Civil,2023-11-17,2023-11-20,2023-11-26,Answered,9,Owner,0,0,Critical
RFI-00670,PRJ-033,Mechanical clarification item 670,Mechanical,2024-08-13,2024-08-23,2024-09-06,Answered,24,Owner,0,0,Normal
RFI-00671,PRJ-033,General clarification item 671,General,2025-12-08,2025-12-11,2026-01-01,Closed,24,Owner,32400,10,Critical
RFI-00672,PRJ-033,Civil clarification item 672,Civil,2025-01-07,2025-01-17,2025-01-25,Answered,18,Contractor,0,0,Normal
RFI-00673,PRJ-033,Architectural clarification item 673,Architectural,2024-11-29,2024-12-09,2024-12-15,Closed,16,Designer,0,0,Normal
RFI-00674,PRJ-033,Fire Protection clarification item 674,Fire Protection,2024-05-03,2024-05-13,2024-05-07,Answered,4,Owner,0,0,Normal
RFI-00675,PRJ-033,Electrical clarification item 675,Electrical,2025-03-31,2025-04-10,2025-04-10,Closed,10,Owner,0,0,Normal
RFI-00676,PRJ-033,Plumbing clarification item 676,Plumbing,2024-03-25,2024-04-01,2024-04-12,Closed,18,Designer,0,0,High
RFI-00677,PRJ-033,General clarification item 677,General,2025-05-19,2025-05-29,2025-06-11,Answered,23,External,0,0,Normal
RFI-00678,PRJ-034,Structural clarification item 678,Structural,2022-06-03,2022-06-17,,Open,,Designer,0,0,Low
RFI-00679,PRJ-034,Architectural clarification item 679,Architectural,2022-10-12,2022-10-22,,Open,,External,0,0,Normal
RFI-00680,PRJ-034,Electrical clarification item 680,Electrical,2021-11-10,2021-11-13,2021-11-16,Answered,6,Designer,127800,6,Critical
RFI-00681,PRJ-034,Fire Protection clarification item 681,Fire Protection,2024-07-12,2024-07-26,2024-08-09,Closed,28,Designer,0,0,Low
RFI-00682,PRJ-034,Architectural clarification item 682,Architectural,2022-05-20,2022-05-30,2022-06-03,Answered,14,External,0,0,Normal
RFI-00683,PRJ-034,Structural clarification item 683,Structural,2022-10-03,2022-10-06,2022-10-22,Closed,19,Contractor,20900,2,Critical
RFI-00684,PRJ-034,Electrical clarification item 684,Electrical,2023-04-04,2023-04-18,2023-04-16,Answered,12,Owner,0,0,Low
RFI-00685,PRJ-034,Electrical clarification item 685,Electrical,2021-11-06,2021-11-20,2021-11-23,Answered,17,Designer,6600,8,Low
RFI-00686,PRJ-034,Architectural clarification item 686,Architectural,2023-05-03,2023-05-13,2023-05-17,Closed,14,Designer,51300,1,Normal
RFI-00687,PRJ-034,Electrical clarification item 687,Electrical,2022-04-06,2022-04-09,2022-04-16,Closed,10,Contractor,11600,6,Critical
RFI-00688,PRJ-034,General clarification item 688,General,2024-08-20,2024-08-30,2024-09-21,Answered,32,Contractor,0,0,Normal
RFI-00689,PRJ-034,Electrical clarification item 689,Electrical,2022-08-03,8/13/22,2022-08-23,Answered,20,Designer,27600,6,Normal
RFI-00690,PRJ-034,General clarification item 690,General,2022-10-19,2022-10-29,2022-10-31,Answered,12,Designer,0,0,Normal
RFI-00691,PRJ-034,Architectural clarification item 691,Architectural,2024-11-23,2024-11-30,2024-12-09,Answered,16,Designer,0,0,High
RFI-00692,PRJ-034,Mechanical clarification item 692,Mechanical,2024-05-23,2024-05-26,2024-06-09,Closed,17,Designer,0,0,Critical
RFI-00693,PRJ-034,Civil clarification item 693,Civil,2021-09-11,2021-09-21,2021-09-30,Closed,19,Owner,0,0,Normal
RFI-00694,PRJ-034,Electrical clarification item 694,Electrical,2024-07-10,2024-07-20,2024-08-01,Closed,22,Designer,12800,0,Normal
RFI-00695,PRJ-034,Structural clarification item 695,Structural,2024-07-14,2024-07-24,2024-08-01,Closed,18,Contractor,5000,4,Normal
RFI-00696,PRJ-034,Architectural clarification item 696,Architectural,2023-11-04,2023-11-07,2023-11-21,Answered,17,Contractor,0,0,Critical
RFI-00697,PRJ-034,Mechanical clarification item 697,Mechanical,2023-10-27,2023-11-10,2023-11-27,Answered,31,Owner,0,0,Low
RFI-00698,PRJ-034,Architectural clarification item 698,Architectural,2022-10-01,2022-10-08,2022-10-12,Answered,11,Designer,1900,4,High
RFI-00699,PRJ-034,Electrical clarification item 699,Electrical,2023-05-11,2023-05-18,2023-05-21,Answered,10,External,0,0,High
RFI-00700,PRJ-034,Fire Protection clarification item 700,Fire Protection,2024-10-12,2024-10-22,2024-10-19,Closed,7,Owner,0,0,Normal
RFI-00701,PRJ-034,Plumbing clarification item 701,Plumbing,2024-01-08,2024-01-18,2024-01-28,Closed,20,Owner,19200,7,Normal
RFI-00702,PRJ-034,Structural clarification item 702,Structural,2024-12-17,2024-12-27,2024-12-31,Answered,14,Designer,0,0,Normal
RFI-00703,PRJ-035,Electrical clarification item 703,Electrical,2024-09-14,2024-09-28,2024-10-09,Closed,25,Contractor,0,0,Low
RFI-00704,PRJ-035,Structural clarification item 704,Structural,2023-03-18,2023-03-28,2023-04-12,Answered,25,Designer,4800,4,Normal
RFI-00705,PRJ-035,Mechanical clarification item 705,Mechanical,2023-03-25,2023-04-04,2023-04-05,Answered,11,Owner,0,0,Normal
RFI-00706,PRJ-035,Plumbing clarification item 706,Plumbing,2023-05-11,2023-05-18,2023-05-29,Answered,18,Designer,0,0,High
RFI-00707,PRJ-035,Architectural clarification item 707,Architectural,2024-04-02,2024-04-12,2024-04-03,Answered,1,Designer,0,0,Normal
RFI-00708,PRJ-035,Electrical clarification item 708,Electrical,2023-06-21,2023-06-28,2023-07-05,Closed,14,Owner,18400,1,High
RFI-00709,PRJ-035,Civil clarification item 709,civil,2024-05-10,2024-05-17,2024-06-01,Answered,22,Owner,0,0,High
RFI-00710,PRJ-035,Electrical clarification item 710,Electrical,2024-03-04,2024-03-11,2024-03-09,Closed,5,Designer,0,0,High
RFI-00711,PRJ-035,Electrical clarification item 711,Electrical,2024-07-17,2024-07-24,2024-08-08,Answered,22,Designer,26900,3,High
RFI-00712,PRJ-035,Fire Protection clarification item 712,Fire Protection,2023-01-31,2023-02-10,2023-02-14,Answered,14,External,185000,5,Normal
RFI-00713,PRJ-035,Plumbing clarification item 713,Plumbing,2024-07-05,2024-07-19,2024-07-30,Closed,25,Designer,0,0,Low
RFI-00714,PRJ-035,Mechanical clarification item 714,MECH,2025-05-06,2025-05-13,2025-05-22,Answered,16,Designer,109700,1,High
RFI-00715,PRJ-035,Architectural clarification item 715,Architectural,2023-11-25,2023-12-05,2023-12-22,Answered,27,Designer,0,0,Normal
RFI-00716,PRJ-035,Civil clarification item 716,Civil,2024-04-14,2024-04-24,2024-04-30,Answered,16,External,0,0,Normal
RFI-00717,PRJ-035,Structural clarification item 717,Structural,2023-08-25,2023-09-01,2023-09-03,Answered,9,Designer,10300,0,High
RFI-00718,PRJ-035,Electrical clarification item 718,Electrical,2022-12-14,2022-12-24,2023-01-15,Answered,32,Owner,6300,5,Normal
RFI-00719,PRJ-035,Architectural clarification item 719,Architectural,2023-02-18,2023-02-25,2023-03-08,Answered,18,Owner,0,0,High
RFI-00720,PRJ-035,General clarification item 720,General,2022-10-17,2022-10-20,2022-10-20,Answered,3,Owner,30900,1,Critical
RFI-00721,PRJ-035,Architectural clarification item 721,Architectural,2023-09-19,2023-09-29,2023-10-01,Answered,12,Contractor,8200,8,Normal
RFI-00722,PRJ-035,General clarification item 722,General,2024-12-09,2024-12-19,2025-01-01,Closed,23,Designer,0,0,Normal
RFI-00723,PRJ-035,Architectural clarification item 723,Architectural,2024-04-06,2024-04-09,2024-04-16,Answered,10,Designer,0,0,Critical
RFI-00724,PRJ-035,Mechanical clarification item 724,Mechanical,2022-11-01,2022-11-08,,Open,,Contractor,0,0,High
RFI-00725,PRJ-035,Architectural clarification item 725,Architectural,2023-03-29,2023-04-08,2023-04-23,Answered,25,Designer,0,0,Normal
RFI-00726,PRJ-035,Architectural clarification item 726,Architectural,2024-07-24,2024-07-31,2024-08-06,Answered,13,Owner,0,0,High
RFI-00727,PRJ-035,General clarification item 727,General,2023-12-28,2024-01-07,2024-01-20,Closed,23,Owner,0,0,Normal
RFI-00728,PRJ-036,Electrical clarification item 728,Electrical,2024-10-31,2024-11-10,,Open,,Contractor,0,0,Normal
RFI-00729,PRJ-036,Plumbing clarification item 729,Plumbing,2024-08-27,2024-09-06,2024-09-05,Answered,9,Designer,15300,10,Normal
RFI-00730,PRJ-036,Mechanical clarification item 730,Mechanical,2025-10-03,2025-10-13,2025-10-29,Answered,26,Designer,29600,6,Normal
RFI-00731,PRJ-036,General clarification item 731,General,2025-06-29,2025-07-09,2025-07-16,Answered,17,Designer,0,0,Normal
RFI-00732,PRJ-036,Mechanical clarification item 732,Mechanical,2024-11-29,2024-12-09,2024-11-30,Answered,1,Contractor,18300,5,Normal
RFI-00733,PRJ-036,Mechanical clarification item 733,Mechanical,2024-09-28,2024-10-08,2024-10-13,Answered,15,Designer,58300,0,Normal
RFI-00734,PRJ-036,Structural clarification item 734,Structural,2025-03-08,2025-03-11,2025-03-18,Answered,10,Contractor,35100,8,Critical
RFI-00735,PRJ-036,Electrical clarification item 735,Electrical,2025-03-20,2025-03-27,2025-04-09,Answered,20,Designer,0,0,High
RFI-00736,PRJ-036,Mechanical clarification item 736,Mechanical,2024-08-12,2024-08-22,2024-08-25,Closed,13,Designer,0,0,Normal
RFI-00737,PRJ-036,Electrical clarification item 737,Electrical,2025-03-02,2025-03-09,2025-03-17,Answered,15,Designer,0,0,High
RFI-00738,PRJ-036,Plumbing clarification item 738,Plumbing,2025-02-14,2025-02-24,2025-03-09,Answered,23,Owner,0,0,Normal
RFI-00739,PRJ-036,General clarification item 739,General,2025-10-08,2025-10-18,2025-11-03,Answered,26,Designer,0,0,Normal
RFI-00740,PRJ-036,Electrical clarification item 740,Electrical,2025-09-13,2025-09-23,2025-10-08,Closed,25,External,0,0,Normal
RFI-00741,PRJ-036,Architectural clarification item 741,Architectural,2025-07-15,2025-07-25,2025-08-06,Closed,22,Contractor,0,0,Normal
RFI-00742,PRJ-036,Mechanical clarification item 742,Mechanical,2024-09-25,2024-10-02,2024-10-12,Answered,17,Designer,9300,2,High
RFI-00743,PRJ-036,Civil clarification item 743,Civil,2025-08-01,2025-08-11,2025-08-06,Closed,5,Owner,0,0,Normal
RFI-00744,PRJ-036,Electrical clarification item 744,Electrical,2025-03-08,2025-03-18,2025-03-31,Answered,23,Designer,0,0,Normal
RFI-00745,PRJ-036,Civil clarification item 745,Civil,2025-12-07,2025-12-14,,Open,,External,0,0,High
RFI-00746,PRJ-036,Fire Protection clarification item 746,Fire Protection,2024-12-04,2024-12-14,2024-12-21,Answered,17,Contractor,0,0,Normal
RFI-00747,PRJ-036,Mechanical clarification item 747,Mechanical,2024-07-18,2024-07-28,2024-08-07,Closed,20,Designer,14800,0,Normal
RFI-00748,PRJ-037,Structural clarification item 748,Structural,2024-11-07,2024-11-17,,Open,,Designer,0,0,Normal
RFI-00749,PRJ-037,Electrical clarification item 749,Electrical,2024-03-18,2024-03-28,2024-04-07,Closed,20,Owner,0,0,Normal
RFI-00750,PRJ-037,Structural clarification item 750,Structural,2023-08-06,2023-08-16,2023-08-22,Answered,16,Contractor,0,0,Normal
RFI-00751,PRJ-037,Structural clarification item 751,Structural,2023-04-15,2023-04-25,2023-05-07,Closed,22,Designer,0,0,Normal
RFI-00752,PRJ-037,Architectural clarification item 752,Architectural,2024-02-07,2024-02-17,2024-02-20,Closed,13,Contractor,0,0,Normal
RFI-00753,PRJ-037,Fire Protection clarification item 753,Fire Protection,2022-12-25,2023-01-04,,Open,,Designer,31700,4,Normal
RFI-00754,PRJ-037,Structural clarification item 754,Structural,2022-11-21,2022-11-28,2022-12-06,Closed,15,External,0,0,High
RFI-00755,PRJ-037,Mechanical clarification item 755,Mechanical,2023-10-24,2023-11-03,2023-11-10,Answered,17,Contractor,0,0,Normal
RFI-00756,PRJ-037,Structural clarification item 756,Structural,2024-08-07,2024-08-17,2024-08-26,Answered,19,Contractor,0,0,Normal
RFI-00757,PRJ-037,Electrical clarification item 757,Electrical,2024-10-07,2024-10-17,2024-10-19,Closed,12,External,15900,8,Normal
RFI-00758,PRJ-037,Electrical clarification item 758,Electrical,2023-06-23,2023-06-30,2023-07-08,Answered,15,Designer,0,0,High
RFI-00759,PRJ-037,Architectural clarification item 759,Architectural,2023-04-29,2023-05-09,2023-05-18,Answered,19,Designer,0,0,Normal
RFI-00760,PRJ-037,Architectural clarification item 760,Architectural,2023-10-14,2023-10-28,2023-11-08,Closed,25,External,0,0,Low
RFI-00761,PRJ-037,Mechanical clarification item 761,Mechanical,2024-01-02,2024-01-12,,Open,,Contractor,0,0,Normal
RFI-00762,PRJ-037,Mechanical clarification item 762,Mechanical,2023-04-12,2023-04-22,2023-04-28,Answered,16,Designer,0,0,Normal
RFI-00763,PRJ-037,Mechanical clarification item 763,Mechanical,2024-05-18,2024-05-28,2024-05-22,Closed,4,Designer,7100,2,Normal
RFI-00764,PRJ-038,Mechanical clarification item 764,Mechanical,2024-02-09,2024-02-19,2024-02-20,Closed,11,Owner,0,0,Normal
RFI-00765,PRJ-038,Fire Protection clarification item 765,Fire Protection,2024-08-05,2024-08-15,2024-09-01,Closed,27,Designer,0,0,Normal
RFI-00766,PRJ-038,Plumbing clarification item 766,Plumbing,2022-09-21,2022-09-28,2022-09-30,Closed,9,Contractor,0,0,High
RFI-00767,PRJ-038,Mechanical clarification item 767,Mechanical,2022-07-18,2022-07-28,2022-08-07,Answered,20,Contractor,0,0,Normal
RFI-00768,PRJ-038,Structural clarification item 768,Structural,2022-10-19,2022-10-26,,Open,,Designer,0,0,High
RFI-00769,PRJ-038,Architectural clarification item 769,Architectural,2023-03-28,2023-04-04,2023-04-09,Closed,12,Contractor,0,0,High
RFI-00770,PRJ-038,Structural clarification item 770,Structural,2022-12-06,2022-12-16,2022-12-22,Answered,16,Designer,0,0,Normal
RFI-00771,PRJ-038,Architectural clarification item 771,Architectural,2024-04-29,2024-05-06,2024-05-12,Answered,13,Contractor,0,0,High
RFI-00772,PRJ-038,Structural clarification item 772,Structural,2022-12-17,2022-12-27,2023-01-04,Closed,18,Contractor,0,0,Normal
RFI-00773,PRJ-038,Mechanical clarification item 773,Mechanical,2024-05-15,2024-05-22,,Open,,Designer,4900,0,High
RFI-00774,PRJ-038,Architectural clarification item 774,Architectural,2024-06-19,2024-06-26,,Open,,Contractor,0,0,High
RFI-00775,PRJ-038,Structural clarification item 775,Structural,2024-06-25,2024-07-02,2024-07-07,Answered,12,External,85500,7,High
RFI-00776,PRJ-038,Electrical clarification item 776,Electrical,2024-04-20,2024-04-27,2024-05-24,Answered,34,Owner,0,0,High
RFI-00777,PRJ-038,Fire Protection clarification item 777,Fire Protection,2023-05-04,2023-05-14,2023-06-09,Answered,36,Owner,36200,4,Normal
RFI-00778,PRJ-038,Mechanical clarification item 778,Mechanical,2024-03-29,2024-04-08,2024-04-13,Answered,15,External,0,0,Normal
RFI-00779,PRJ-038,General clarification item 779,General,2022-06-27,2022-07-11,2022-07-25,Closed,28,Designer,0,0,Low
RFI-00780,PRJ-038,Plumbing clarification item 780,Plumbing,2022-08-24,2022-09-03,2022-09-10,Answered,17,Contractor,0,0,Normal
RFI-00781,PRJ-038,Plumbing clarification item 781,Plumbing,2024-01-24,2024-02-03,,Open,,Owner,0,0,Normal
RFI-00782,PRJ-038,Plumbing clarification item 782,Plumbing,2023-07-21,2023-08-04,2023-08-11,Closed,21,Designer,0,0,Low
RFI-00783,PRJ-038,Architectural clarification item 783,Architectural,2023-08-04,2023-08-07,2023-08-15,Answered,11,Designer,38400,6,Critical
RFI-00784,PRJ-039,Civil clarification item 784,Civil,2022-07-12,2022-07-22,2022-07-23,Closed,11,Designer,0,0,Normal
RFI-00785,PRJ-039,Civil clarification item 785,Civil,2024-01-20,2024-02-03,2024-02-11,Answered,22,Designer,0,0,Low
RFI-00786,PRJ-039,Structural clarification item 786,Structural,2022-08-31,2022-09-10,2022-09-23,Closed,23,External,0,0,Normal
RFI-00787,PRJ-039,Mechanical clarification item 787,Mechanical,2023-06-25,2023-07-05,2023-07-12,Answered,17,Designer,0,0,Normal
RFI-00788,PRJ-039,Electrical clarification item 788,Electrical,2024-08-03,2024-08-10,2024-08-13,Closed,10,Contractor,0,0,High
RFI-00789,PRJ-039,Structural clarification item 789,Structural,2024-09-12,2024-09-22,2024-09-30,Answered,18,Contractor,0,0,Normal
RFI-00790,PRJ-039,Structural clarification item 790,Structural,2023-07-27,2023-08-10,2023-08-22,Answered,26,External,0,0,Low
RFI-00791,PRJ-039,Electrical clarification item 791,Electrical,2022-09-24,2022-10-04,2022-09-28,Closed,4,Designer,0,0,Normal
RFI-00792,PRJ-039,Structural clarification item 792,Structural,2023-07-22,2023-07-29,2023-08-14,Answered,23,Contractor,0,0,High
RFI-00793,PRJ-039,Mechanical clarification item 793,Mechanical,2023-01-17,2023-01-27,,Open,,Designer,0,0,Normal
RFI-00794,PRJ-039,General clarification item 794,General,2024-09-06,2024-09-16,2024-09-28,Answered,22,Designer,0,0,Normal
RFI-00795,PRJ-039,Architectural clarification item 795,Architectural,2023-12-22,2023-12-25,2023-12-26,Answered,4,Contractor,0,0,Critical
RFI-00796,PRJ-039,Structural clarification item 796,Structural,2022-05-29,2022-06-01,2022-06-02,Answered,4,Contractor,0,0,Critical
RFI-00797,PRJ-039,Fire Protection clarification item 797,Fire Protection,2023-11-22,2023-12-02,2023-12-02,Answered,10,Designer,63900,3,Normal
RFI-00798,PRJ-039,Electrical clarification item 798,Electrical,2023-03-20,2023-03-30,2023-04-01,Closed,12,Owner,34200,2,Normal
RFI-00799,PRJ-039,Architectural clarification item 799,Architectural,2023-12-08,2023-12-18,2023-12-27,Answered,19,Designer,0,0,Normal
RFI-00800,PRJ-039,Fire Protection clarification item 800,Fire Protection,2023-07-22,2023-08-01,,Open,,Designer,0,0,Normal
RFI-00801,PRJ-039,Mechanical clarification item 801,Mechanical,2023-11-07,2023-11-17,2023-11-29,Answered,22,External,0,0,Normal
RFI-00802,PRJ-039,Electrical clarification item 802,Electrical,2022-05-20,2022-05-30,2022-06-07,Closed,18,Designer,0,0,Normal
RFI-00803,PRJ-039,Plumbing clarification item 803,Plumbing,2024-05-12,2024-05-19,2024-05-24,Answered,12,Designer,0,0,High
RFI-00804,PRJ-039,Electrical clarification item 804,Electrical,2023-02-01,2023-02-08,2023-02-23,Answered,22,Designer,2200,4,High
RFI-00805,PRJ-039,Mechanical clarification item 805,Mechanical,2023-11-13,2023-11-20,2023-11-19,Closed,6,Designer,0,0,High
RFI-00806,PRJ-039,Architectural clarification item 806,Architectural,2024-03-31,2024-04-10,2024-04-13,Closed,13,External,0,0,Normal
RFI-00807,PRJ-039,Architectural clarification item 807,Architectural,2023-12-12,2023-12-22,2024-01-02,Closed,21,Contractor,0,0,Normal
RFI-00808,PRJ-039,Architectural clarification item 808,Architectural,2024-07-08,2024-07-18,,Open,,Designer,0,0,Normal
RFI-00809,PRJ-039,Fire Protection clarification item 809,Fire Protection,2023-07-02,2023-07-12,2023-07-10,Answered,8,External,0,0,Normal
RFI-00810,PRJ-040,Electrical clarification item 810,Electrical,2025-01-20,2025-01-23,,Open,,Designer,15100,4,Critical
RFI-00811,PRJ-040,Mechanical clarification item 811,Mechanical,2025-05-22,2025-05-25,,Open,,Owner,0,0,Critical
RFI-00812,PRJ-040,General clarification item 812,General,2023-01-10,2023-01-17,2023-01-31,Answered,21,External,0,0,High
RFI-00813,PRJ-040,General clarification item 813,General,2024-03-27,2024-04-10,2024-04-12,Closed,16,Designer,0,0,Low
RFI-00814,PRJ-040,Structural clarification item 814,Structural,2024-08-26,2024-09-09,2024-09-24,Answered,29,Contractor,0,0,Low
RFI-00815,PRJ-040,General clarification item 815,General,2024-02-05,2024-02-19,2024-03-01,Answered,25,Designer,14500,2,Low
RFI-00816,PRJ-040,Architectural clarification item 816,Architectural,2023-07-13,2023-07-23,,Open,,External,0,0,Normal
RFI-00817,PRJ-040,Plumbing clarification item 817,Plumbing,2024-04-09,2024-04-16,2024-04-30,Closed,21,Contractor,0,0,High
RFI-00818,PRJ-040,Plumbing clarification item 818,Plumbing,2024-06-12,2024-06-22,,Open,,Designer,0,0,Normal
RFI-00819,PRJ-040,Electrical clarification item 819,Electrical,2025-07-11,2025-07-21,2025-07-30,Closed,19,External,0,0,Normal
RFI-00820,PRJ-040,Structural clarification item 820,Structural,2024-12-05,2024-12-12,2024-12-26,Closed,21,Contractor,8500,1,High
RFI-00821,PRJ-040,Architectural clarification item 821,Architectural,2023-09-09,2023-09-16,2023-09-14,Answered,5,Contractor,10500,2,High
RFI-00822,PRJ-040,Architectural clarification item 822,Architectural,2025-12-05,2025-12-15,,Open,,Contractor,0,0,Normal
RFI-00823,PRJ-040,Plumbing clarification item 823,Plumbing,2023-06-10,2023-06-20,2023-06-30,Closed,20,External,36000,1,Normal
RFI-00824,PRJ-040,Fire Protection clarification item 824,Fire Protection,2024-05-05,2024-05-15,,Open,,Owner,0,0,Normal
RFI-00825,PRJ-040,Architectural clarification item 825,Architectural,2025-11-22,2025-12-06,,Open,,Contractor,0,0,Low
RFI-00826,PRJ-040,Architectural clarification item 826,Architectural,2025-09-13,2025-09-20,2025-10-06,Answered,23,Designer,0,0,High
RFI-00827,PRJ-040,Mechanical clarification item 827,Mechanical,2023-03-17,2023-03-27,,Open,,Designer,0,0,Normal
RFI-00828,PRJ-040,Structural clarification item 828,Structural,2025-10-27,2025-11-03,2025-11-20,Answered,24,Contractor,0,0,High
RFI-00829,PRJ-040,Structural clarification item 829,Structural,2025-10-21,2025-10-31,2025-11-14,CLOSED,24,Owner,0,0,Normal
RFI-00830,PRJ-040,General clarification item 830,General,2023-07-14,2023-07-28,2023-08-08,Answered,25,Designer,5600,3,Low
RFI-00831,PRJ-040,Civil clarification item 831,Civil,2023-12-07,2023-12-14,2023-12-26,Answered,19,Designer,32000,4,High
RFI-00832,PRJ-041,Architectural clarification item 832,Architectural,2024-05-27,2024-06-03,2024-06-11,Closed,15,Contractor,25100,10,High
RFI-00833,PRJ-041,Electrical clarification item 833,Electrical,2024-10-13,2024-10-23,2024-10-22,Answered,9,Designer,0,0,Normal
RFI-00834,PRJ-041,Mechanical clarification item 834,Mechanical,2024-10-13,2024-10-20,2024-10-30,Closed,17,Contractor,0,0,High
RFI-00835,PRJ-041,Electrical clarification item 835,Electrical,2023-10-07,2023-10-17,2023-10-17,Closed,10,Designer,0,0,Normal
RFI-00836,PRJ-041,Mechanical clarification item 836,Mechanical,2024-07-14,2024-07-24,2024-07-30,Answered,16,Designer,0,0,Normal
RFI-00837,PRJ-041,Mechanical clarification item 837,Mechanical,2023-11-25,2023-12-05,2023-12-19,Closed,24,Owner,0,0,Normal
RFI-00838,PRJ-041,Mechanical clarification item 838,Mechanical,2023-06-10,2023-06-20,2023-06-17,Answered,7,Contractor,0,0,Normal
RFI-00839,PRJ-041,Plumbing clarification item 839,Plumbing,2024-08-08,2024-08-18,2024-08-11,ANSWERED,3,Contractor,0,0,Normal
RFI-00840,PRJ-041,Electrical clarification item 840,Electrical,2024-08-29,2024-09-05,2024-08-30,Closed,1,Contractor,0,0,High
RFI-00841,PRJ-041,Structural clarification item 841,Structural,2025-02-27,2025-03-09,2025-03-06,Answered,7,Designer,0,0,Normal
RFI-00842,PRJ-041,Architectural clarification item 842,Architectural,2024-02-08,2024-02-18,2024-02-26,Answered,18,Designer,0,0,Normal
RFI-00843,PRJ-041,Mechanical clarification item 843,Mechanical,2024-03-09,2024-03-16,2024-03-26,Closed,17,Designer,0,0,High
RFI-00844,PRJ-000,Electrical clarification item 844,Electrical,2023-11-27,2023-12-04,2023-12-06,Answered,9,Designer,0,0,High
RFI-00845,PRJ-041,Mechanical clarification item 845,Mechanical,2025-06-17,2025-06-24,2025-07-06,Answered,19,Designer,0,0,High
RFI-00846,PRJ-041,Architectural clarification item 846,Architectural,2025-04-15,2025-04-22,2025-04-22,Answered,7,Designer,0,0,High
RFI-00847,PRJ-041,Architectural clarification item 847,Architectural,2023-10-20,2023-10-30,2023-11-07,Answered,18,Contractor,23100,6,Normal
RFI-00848,PRJ-041,Civil clarification item 848,Civil,2024-02-13,2024-02-23,2024-02-28,Answered,15,Designer,49400,3,Normal
RFI-00849,PRJ-042,Structural clarification item 849,Structural,2023-11-30,2023-12-10,2023-12-09,Closed,9,Designer,0,0,Normal
RFI-00850,PRJ-042,Fire Protection clarification item 850,Fire Protection,2021-11-22,2021-11-29,2021-11-29,Answered,7,Designer,0,0,High
RFI-00851,PRJ-042,Fire Protection clarification item 851,Fire Protection,2022-12-19,2022-12-26,2023-01-01,Answered,13,Designer,0,0,High
RFI-00852,PRJ-042,Electrical clarification item 852,Electrical,2021-08-14,2021-08-28,2021-09-02,Answered,19,Designer,0,0,Low
RFI-00853,PRJ-042,Architectural clarification item 853,Architectural,2021-12-29,2022-01-12,2022-01-17,Closed,19,Contractor,0,0,Low
RFI-00854,PRJ-042,Structural clarification item 854,Structural,2022-08-04,2022-08-11,2022-08-14,Answered,10,Designer,0,0,High
RFI-00855,PRJ-042,General clarification item 855,General,2022-01-20,2022-01-30,2022-01-22,Answered,2,External,0,0,Normal
RFI-00856,PRJ-042,Structural clarification item 856,Structural,2023-08-26,2023-09-05,2023-09-15,Answered,20,Contractor,0,0,Normal
RFI-00857,PRJ-042,Electrical clarification item 857,Electrical,2023-03-31,2023-04-10,,Open,,Contractor,0,0,Normal
RFI-00858,PRJ-042,Electrical clarification item 858,Electrical,2023-04-27,2023-05-07,2023-05-12,Closed,15,Owner,0,0,Normal
RFI-00859,PRJ-042,Electrical clarification item 859,Electrical,2023-05-15,2023-05-29,,Open,,Contractor,12800,4,Low
RFI-00860,PRJ-042,Structural clarification item 860,Structural,2022-09-30,2022-10-07,2022-10-02,Answered,2,Owner,0,0,High
RFI-00861,PRJ-042,Architectural clarification item 861,Architectural,2023-12-08,2023-12-18,2023-12-22,Answered,14,Contractor,0,0,Normal
RFI-00862,PRJ-042,Electrical clarification item 862,Electrical,2024-01-04,2024-01-11,2024-01-24,Answered,20,Contractor,58700,5,High
RFI-00863,PRJ-042,Mechanical clarification item 863,Mechanical,2023-12-11,2023-12-25,2023-12-24,Answered,13,Contractor,0,0,Low
RFI-00864,PRJ-042,Mechanical clarification item 864,Mechanical,2023-12-01,2023-12-11,2023-12-24,Answered,23,Designer,6100,4,Normal
RFI-00865,PRJ-042,Electrical clarification item 865,Electrical,2023-05-14,2023-05-21,2023-05-27,Answered,13,Designer,3700,2,High
RFI-00866,PRJ-042,Electrical clarification item 866,Electrical,2024-01-16,2024-01-26,2024-02-08,Closed,23,Contractor,0,0,Normal
RFI-00867,PRJ-042,Architectural clarification item 867,Architectural,2021-08-31,2021-09-10,2021-09-15,Answered,15,Designer,0,0,Normal
RFI-00868,PRJ-042,Architectural clarification item 868,Architectural,2021-08-31,2021-09-07,2021-09-09,Answered,9,Designer,0,0,High
RFI-00869,PRJ-042,Architectural clarification item 869,Architectural,2023-05-29,2023-06-08,2023-06-09,Answered,11,Contractor,0,0,Normal
RFI-00870,PRJ-043,Electrical clarification item 870,Electrical,2025-06-03,2025-06-06,2025-06-13,Answered,10,Owner,0,0,Critical
RFI-00871,PRJ-043,Civil clarification item 871,Civil,2023-02-26,2023-03-05,,Open,,Designer,0,0,High
RFI-00872,PRJ-043,Mechanical clarification item 872,Mechanical,2025-10-04,2025-10-11,2025-10-21,Closed,17,Designer,11800,9,High
RFI-00873,PRJ-043,Mechanical clarification item 873,Mechanical,2024-07-20,2024-07-27,2024-08-07,Answered,18,Designer,31000,6,High
RFI-00874,PRJ-043,Civil clarification item 874,Civil,2024-08-03,2024-08-17,2024-08-26,Answered,23,Contractor,89500,8,Low
RFI-00875,PRJ-043,Structural clarification item 875,Structural,2024-09-08,2024-09-15,2024-09-28,Answered,20,Contractor,0,0,High
RFI-00876,PRJ-043,Architectural clarification item 876,Architectural,2025-07-04,2025-07-14,2025-07-18,Answered,14,Contractor,0,0,Normal
RFI-00877,PRJ-043,General clarification item 877,General,2024-10-06,2024-10-16,,Open,,Contractor,0,0,Normal
RFI-00878,PRJ-043,Plumbing clarification item 878,Plumbing,2024-05-04,2024-05-14,2024-05-31,Closed,27,Owner,0,0,Normal
RFI-00879,PRJ-043,Plumbing clarification item 879,Plumbing,2025-10-20,2025-11-03,2025-11-04,Answered,15,External,0,0,Low
RFI-00880,PRJ-043,Civil clarification item 880,Civil,2025-12-17,2025-12-24,,Open,,Owner,0,0,High
RFI-00881,PRJ-043,Architectural clarification item 881,Architectural,2024-02-24,2024-03-09,2024-03-25,Answered,30,Owner,0,0,Low
RFI-00882,PRJ-043,Architectural clarification item 882,Architectural,2025-01-25,2025-02-04,2025-02-14,Answered,20,External,30300,10,Normal
RFI-00883,PRJ-043,Structural clarification item 883,Structural,2025-02-28,2025-03-14,2025-03-19,Closed,19,Designer,0,0,Low
RFI-00884,PRJ-043,Structural clarification item 884,Structural,2024-03-28,2024-04-07,2024-04-13,Closed,16,Owner,0,0,Normal
RFI-00885,PRJ-043,Electrical clarification item 885,Electrical,2024-03-26,2024-04-09,2024-04-20,Closed,25,Owner,0,0,Low
RFI-00886,PRJ-043,Mechanical clarification item 886,Mechanical,2023-05-06,2023-05-16,2023-05-23,Closed,17,Designer,0,0,Normal
RFI-00887,PRJ-043,Structural clarification item 887,Structural,2025-08-22,2025-08-29,2025-09-01,Answered,10,Owner,0,0,High
RFI-00888,PRJ-043,Architectural clarification item 888,Architectural,2025-12-05,2025-12-19,,Open,,Owner,0,0,Low
RFI-00889,PRJ-043,Architectural clarification item 889,Architectural,2024-04-17,2024-04-27,2024-05-13,Closed,26,Designer,7000,1,Normal
RFI-00890,PRJ-043,Architectural clarification item 890,Architectural,2025-12-23,2025-12-30,,Open,,Designer,60300,6,High
RFI-00891,PRJ-044,Architectural clarification item 891,Architectural,2025-05-29,2025-06-05,2025-06-06,Closed,8,Designer,0,0,High
RFI-00892,PRJ-044,Structural clarification item 892,Structural,2025-05-23,2025-06-02,2025-06-13,Answered,21,External,11000,0,Normal
RFI-00893,PRJ-044,Structural clarification item 893,Structural,2025-01-10,2025-01-17,2025-01-31,Closed,21,Owner,7400,0,High
RFI-00894,PRJ-044,Civil clarification item 894,Civil,2025-11-04,2025-11-14,2025-11-30,Closed,26,Owner,0,0,Normal
RFI-00895,PRJ-044,Architectural clarification item 895,Architectural,2025-03-27,2025-04-06,2025-04-15,Answered,19,Owner,0,0,Normal
RFI-00896,PRJ-044,Electrical clarification item 896,Electrical,2025-02-27,2025-03-09,2025-03-18,Answered,19,Owner,16300,0,Normal
RFI-00897,PRJ-044,Electrical clarification item 897,electrical,2025-07-06,2025-07-16,2025-07-30,Answered,24,Designer,4100,2,Normal
RFI-00898,PRJ-044,Fire Protection clarification item 898,Fire Protection,2025-11-30,2025-12-07,2025-12-02,Answered,2,Contractor,5800,6,High
RFI-00899,PRJ-044,Structural clarification item 899,Structural,2025-01-18,2025-01-25,,Open,,Designer,0,0,High
RFI-00900,PRJ-044,Civil clarification item 900,Civil,2025-08-17,2025-08-27,,Open,,Contractor,6100,5,Normal
RFI-00901,PRJ-044,Architectural clarification item 901,Architectural,2025-08-20,2025-08-27,2025-08-29,Closed,9,Designer,0,0,High
RFI-00902,PRJ-044,Plumbing clarification item 902,Plumbing,2024-12-25,2025-01-01,2025-01-02,Answered,8,Designer,0,0,High
RFI-00903,PRJ-044,Architectural clarification item 903,Architectural,2025-10-25,2025-11-04,2025-11-10,Answered,16,External,0,0,Normal
RFI-00904,PRJ-044,Electrical clarification item 904,Electrical,2024-12-30,2025-01-06,2025-01-05,Answered,6,Designer,0,0,High
RFI-00905,PRJ-044,Fire Protection clarification item 905,Fire Protection,2025-03-03,2025-03-17,2025-03-23,Closed,20,Designer,0,0,Low
RFI-00906,PRJ-045,Plumbing clarification item 906,Plumbing,2025-12-12,2025-12-22,2026-01-02,Answered,21,Contractor,0,0,Normal
RFI-00907,PRJ-045,Structural clarification item 907,Structural,2024-04-09,2024-04-19,2024-04-11,Answered,2,Designer,0,0,Normal
RFI-00908,PRJ-045,Architectural clarification item 908,Architectural,2024-04-24,2024-05-01,2024-05-09,Closed,15,Designer,91700,5,High
RFI-00909,PRJ-045,Mechanical clarification item 909,Mechanical,2024-02-22,2024-02-29,2024-03-01,Answered,8,Contractor,17900,3,High
RFI-00910,PRJ-045,Architectural clarification item 910,Architectural,2025-09-09,2025-09-19,2025-10-03,Answered,24,Designer,0,0,Normal
RFI-00911,PRJ-045,Civil clarification item 911,Civil,2024-09-04,2024-09-11,2024-09-14,Answered,10,Designer,0,0,High
RFI-00912,PRJ-045,General clarification item 912,General,2024-03-14,2024-03-21,2024-03-30,Closed,16,Designer,0,0,High
RFI-00913,PRJ-045,Mechanical clarification item 913,Mechanical,2023-11-18,2023-11-28,2023-11-27,Answered,9,Contractor,0,0,Normal
RFI-00914,PRJ-045,Electrical clarification item 914,Electrical,2025-12-02,2025-12-12,2025-12-10,Answered,8,Designer,0,0,Normal
RFI-00915,PRJ-045,Structural clarification item 915,Structural,2024-10-24,2024-11-03,2024-11-14,Answered,21,Designer,0,0,Normal
RFI-00916,PRJ-045,Architectural clarification item 916,ARCH,2023-07-19,2023-07-29,2023-08-10,Answered,22,Owner,4600,7,Normal
RFI-00917,PRJ-045,Architectural clarification item 917,Architectural,2025-07-11,2025-07-18,2025-07-31,Answered,20,Designer,0,0,High
RFI-00918,PRJ-045,Civil clarification item 918,Civil,2024-02-21,2024-03-02,2024-03-06,Answered,14,Contractor,0,0,Normal
RFI-00919,PRJ-045,Electrical clarification item 919,Electrical,2025-12-21,2025-12-28,2025-12-22,Answered,1,Designer,0,0,High
RFI-00920,PRJ-045,Architectural clarification item 920,Architectural,2025-04-22,2025-04-29,2025-05-05,Answered,13,Designer,0,0,High
RFI-00921,PRJ-045,Architectural clarification item 921,Architectural,2023-12-28,2024-01-07,2024-01-06,Answered,9,Contractor,0,0,Normal
RFI-00922,PRJ-045,Structural clarification item 922,Structural,2024-01-31,2024-02-03,2024-02-17,Answered,17,Designer,0,0,Critical
RFI-00923,PRJ-046,Civil clarification item 923,Civil,2023-03-21,2023-03-31,2023-04-04,Answered,14,Designer,0,0,Normal
RFI-00924,PRJ-046,Architectural clarification item 924,Architectural,2022-06-15,2022-06-25,2022-07-07,Answered,22,Designer,0,0,Normal
RFI-00925,PRJ-046,General clarification item 925,General,2021-08-03,2021-08-13,,Open,,Contractor,0,0,Normal
RFI-00926,PRJ-046,Electrical clarification item 926,Electrical,2021-08-12,2021-08-15,2021-09-10,Answered,29,Owner,34700,6,Critical
RFI-00927,PRJ-046,Fire Protection clarification item 927,Fire Protection,2021-12-19,2021-12-26,2022-01-03,Answered,15,Designer,0,0,High
RFI-00928,PRJ-046,Mechanical clarification item 928,Mechanical,2023-03-11,2023-03-21,2023-03-23,Answered,12,Owner,5500,7,Normal
RFI-00929,PRJ-046,General clarification item 929,General,2023-04-21,2023-05-01,,Open,,Owner,0,0,Normal
RFI-00930,PRJ-046,Structural clarification item 930,Structural,2023-07-02,2023-07-12,2023-07-26,Answered,24,Contractor,21000,9,Normal
RFI-00931,PRJ-046,Mechanical clarification item 931,Mechanical,2022-11-02,2022-11-09,2022-11-18,Answered,16,External,0,0,High
RFI-00932,PRJ-046,Electrical clarification item 932,Electrical,2021-11-04,2021-11-14,2021-12-12,closed,38,Owner,0,0,Normal
RFI-00933,PRJ-046,Mechanical clarification item 933,Mechanical,2023-09-28,2023-10-12,2023-10-15,Answered,17,Contractor,0,0,Low
RFI-00934,PRJ-046,Mechanical clarification item 934,Mechanical ,2022-08-29,2022-09-08,2022-09-16,Closed,18,Owner,0,0,Normal
RFI-00935,PRJ-046,Plumbing clarification item 935,Plumbing,2022-07-05,2022-07-08,2022-07-19,Closed,14,Owner,22600,5,Critical
RFI-00936,PRJ-046,Plumbing clarification item 936,Plumbing,2022-09-21,2022-09-28,,Open,,Designer,38800,4,High
RFI-00937,PRJ-046,General clarification item 937,General,2022-03-15,2022-03-22,,Open,,Owner,17300,3,High
RFI-00938,PRJ-046,General clarification item 938,General,2023-06-16,2023-06-26,2023-06-28,Answered,12,Contractor,0,0,Normal
RFI-00939,PRJ-046,Structural clarification item 939,Structural,2022-03-29,2022-04-01,2022-04-14,Answered,16,Owner,9200,6,Critical
RFI-00940,PRJ-046,Fire Protection clarification item 940,Fire Protection,2022-02-09,2022-02-19,2022-03-05,Answered,24,Designer,0,0,Normal
RFI-00941,PRJ-046,Structural clarification item 941,Structural,2022-06-12,2022-06-19,2022-06-30,Closed,18,Owner,0,0,High
RFI-00942,PRJ-046,Architectural clarification item 942,Architectural,2022-12-11,2022-12-21,2023-01-10,Answered,30,Designer,0,0,Normal
RFI-00943,PRJ-047,Electrical clarification item 943,Electrical,2023-08-13,2023-08-16,2023-08-23,Answered,10,Designer,0,0,Critical
RFI-00944,PRJ-047,Mechanical clarification item 944,Mechanical,2023-07-21,2023-07-31,2023-08-09,Closed,19,Owner,32300,5,Normal
RFI-00945,PRJ-047,Mechanical clarification item 945,Mechanical,2025-03-17,2025-03-27,2025-04-02,Answered,16,Designer,0,0,Normal
RFI-00946,PRJ-047,Mechanical clarification item 946,Mechanical,2025-07-03,2025-07-13,2025-07-10,Closed,7,Designer,0,0,Normal
RFI-00947,PRJ-047,Plumbing clarification item 947,Plumbing,2023-08-04,2023-08-11,2023-08-12,Closed,8,Designer,0,0,High
RFI-00948,PRJ-047,Structural clarification item 948,Structural,2024-05-15,2024-05-22,2024-05-26,Closed,11,Designer,7900,2,High
RFI-00949,PRJ-047,Structural clarification item 949,Structural,2023-07-12,2023-07-22,,Open,,Designer,0,0,Normal
RFI-00950,PRJ-047,Mechanical clarification item 950,Mechanical,2024-11-25,2024-12-05,2024-12-15,Closed,20,Designer,0,0,Normal
RFI-00951,PRJ-047,Plumbing clarification item 951,Plumbing,2023-05-30,2023-06-09,2023-06-26,Closed,27,Designer,0,0,Normal
RFI-00952,PRJ-047,Architectural clarification item 952,Architectural,2024-07-22,2024-08-01,,Open,,Owner,5300,1,Normal
RFI-00953,PRJ-047,Architectural clarification item 953,Architectural,2025-04-23,2025-04-30,2025-05-16,Answered,23,Designer,0,0,High
RFI-00954,PRJ-047,Architectural clarification item 954,Architectural,2023-04-21,2023-04-28,2023-05-08,Answered,17,Designer,7200,4,High
RFI-00955,PRJ-047,General clarification item 955,General,2024-11-30,2024-12-10,2024-12-12,Closed,12,Contractor,124100,5,Normal
RFI-00956,PRJ-047,Civil clarification item 956,Civil ,2023-01-13,2023-01-23,2023-02-05,Closed,23,Contractor,0,0,Normal
RFI-00957,PRJ-047,Plumbing clarification item 957,Plumbing,2024-03-31,2024-04-10,2024-04-19,Closed,19,Designer,0,0,Normal
RFI-00958,PRJ-047,Structural clarification item 958,Structural,2025-09-06,2025-09-20,2025-09-27,Answered,21,Designer,0,0,Low
RFI-00959,PRJ-047,Electrical clarification item 959,Electrical,2024-12-08,2024-12-15,2024-12-24,Answered,16,Designer,0,0,High
RFI-00960,PRJ-048,Architectural clarification item 960,Architectural,2024-01-07,2024-01-14,2024-01-16,Answered,9,Designer,13600,0,High
RFI-00961,PRJ-048,Mechanical clarification item 961,Mechanical,2023-05-29,2023-06-08,2023-06-14,Answered,16,External,0,0,Normal
RFI-00962,PRJ-048,Electrical clarification item 962,Electrical,2024-05-31,2024-06-07,,Open,,Designer,0,0,High
RFI-00963,PRJ-048,Mechanical clarification item 963,Mechanical,2024-03-29,2024-04-08,2024-04-10,Closed,12,Owner,0,0,Normal
RFI-00964,PRJ-048,Architectural clarification item 964,Architectural,2024-07-15,2024-07-25,2024-07-29,Answered,14,Contractor,0,0,Normal
RFI-00965,PRJ-048,Plumbing clarification item 965,Plumbing,2023-12-13,2023-12-23,2023-12-21,Answered,8,Owner,9200,5,Normal
RFI-00966,PRJ-048,Architectural clarification item 966,Architectural,2022-06-17,2022-06-27,2022-06-28,Answered,11,External,0,0,Normal
RFI-00967,PRJ-048,Electrical clarification item 967,Electrical,2024-09-18,2024-09-25,,Open,,Designer,0,0,High
RFI-00968,PRJ-048,Civil clarification item 968,Civil,2024-07-26,2024-08-05,2024-08-01,Answered,6,Designer,0,0,Normal
RFI-00969,PRJ-048,Mechanical clarification item 969,Mechanical,2024-02-17,2024-02-27,2024-02-18,Closed,1,Designer,153700,4,Normal
RFI-00970,PRJ-048,Fire Protection clarification item 970,Fire Protection,2022-03-26,2022-03-29,2022-03-28,Closed,2,Designer,0,0,Critical
RFI-00971,PRJ-048,Fire Protection clarification item 971,Fire Protection,2022-01-15,2022-01-25,2022-01-23,Closed,8,External,0,0,Normal
RFI-00972,PRJ-048,Mechanical clarification item 972,Mechanical,2021-11-23,2021-11-30,2021-12-05,Answered,12,External,0,0,High
RFI-00973,PRJ-048,Architectural clarification item 973,Architectural,2025-01-04,2025-01-11,2025-01-15,Answered,11,Contractor,0,0,High
RFI-00974,PRJ-048,Mechanical clarification item 974,Mechanical,2022-02-27,2022-03-09,2022-03-09,Closed,10,Designer,0,0,Normal
RFI-00975,PRJ-048,Plumbing clarification item 975,Plumbing,2023-07-23,2023-08-06,2023-08-09,Closed,17,External,0,0,Low
RFI-00976,PRJ-048,Civil clarification item 976,Civil,2024-10-15,2024-10-22,2024-10-28,Answered,13,Designer,0,0,High
RFI-00977,PRJ-048,Mechanical clarification item 977,Mechanical,2023-06-22,2023-06-29,,Open,,Contractor,0,0,High
RFI-00978,PRJ-048,Electrical clarification item 978,Electrical,2023-09-22,2023-09-25,2023-10-08,Answered,16,Designer,0,0,Critical
RFI-00979,PRJ-048,General clarification item 979,General,2023-03-01,2023-03-11,2023-03-16,Closed,15,Designer,0,0,Normal
RFI-00980,PRJ-048,Civil clarification item 980,Civil,2023-11-06,2023-11-13,2023-11-15,Answered,9,Contractor,32600,3,High
RFI-00981,PRJ-048,Plumbing clarification item 981,Plumbing,2024-06-22,2024-07-02,2024-07-07,Closed,15,Owner,0,0,Normal
RFI-00982,PRJ-049,General clarification item 982,General,2023-08-23,2023-08-30,2023-09-07,Closed,15,Owner,0,0,High
RFI-00983,PRJ-049,Civil clarification item 983,Civil,2023-08-21,2023-08-28,2023-08-25,Closed,4,Designer,56200,0,High
RFI-00984,PRJ-049,Architectural clarification item 984,Architectural,2024-07-14,2024-07-17,2024-07-22,Closed,8,Designer,0,0,Critical
RFI-00985,PRJ-049,General clarification item 985,General,2024-04-07,2024-04-14,2024-04-17,Answered,10,Contractor,3900,3,High
RFI-00986,PRJ-049,Civil clarification item 986,Civil,2025-01-17,2025-01-24,2025-02-08,Answered,22,External,0,0,High
RFI-00987,PRJ-049,Electrical clarification item 987,Electrical,2025-05-01,2025-05-11,2025-05-17,Closed,16,Owner,0,0,Normal
RFI-00988,PRJ-049,Electrical clarification item 988,Electrical,2023-06-22,2023-06-29,2023-07-06,Closed,14,Designer,0,0,High
RFI-00989,PRJ-049,Fire Protection clarification item 989,Fire Protection,2025-01-12,2025-01-19,2025-01-27,Closed,15,Designer,6100,4,High
RFI-00990,PRJ-049,Plumbing clarification item 990,Plumbing,2024-03-30,2024-04-13,2024-04-15,Answered,16,Owner,0,0,Low
RFI-00991,PRJ-049,Electrical clarification item 991,Electrical,2023-11-22,2023-12-02,2023-12-18,Closed,26,External,0,0,Normal
RFI-00992,PRJ-049,Architectural clarification item 992,Architectural,2024-09-18,2024-09-28,2024-10-01,Answered,13,Owner,0,0,Normal
RFI-00993,PRJ-049,Architectural clarification item 993,Architectural,2023-11-04,2023-11-14,,Open,,Designer,0,0,Normal
RFI-00994,PRJ-049,Structural clarification item 994,Structural,2025-05-26,2025-06-05,2025-06-05,Answered,10,External,0,0,Normal
RFI-00995,PRJ-049,Plumbing clarification item 995,Plumbing,2023-08-14,2023-08-21,,Open,,Designer,0,0,High
RFI-00996,PRJ-049,Mechanical clarification item 996,Mechanical,2024-11-23,2024-12-03,2024-12-04,Closed,11,Owner,0,0,Normal
RFI-00997,PRJ-050,Civil clarification item 997,Civil,2025-11-13,2025-11-23,2025-11-28,Closed,15,External,29200,3,Normal
RFI-00998,PRJ-050,General clarification item 998,General,2024-07-31,2024-08-07,2024-08-17,Answered,17,Designer,169100,0,High
RFI-00999,PRJ-050,Mechanical clarification item 999,Mechanical,2025-08-10,2025-08-17,2025-08-16,Answered,6,Contractor,0,0,High
RFI-01000,PRJ-050,Structural clarification item 1000,Structural,2024-07-03,2024-07-13,2024-07-04,Answered,1,Contractor,4200,2,Normal
RFI-01001,PRJ-050,Mechanical clarification item 1001,Mechanical,2025-01-30,2025-02-06,2025-02-05,Answered,6,Contractor,0,0,High
RFI-01002,PRJ-050,Plumbing clarification item 1002,Plumbing,2024-05-06,2024-05-13,2024-05-19,Closed,13,Designer,0,0,High
RFI-01003,PRJ-050,Structural clarification item 1003,Structural,2025-03-07,2025-03-21,2025-04-06,Answered,30,Owner,0,0,Low
RFI-01004,PRJ-050,Civil clarification item 1004,Civil,2024-01-07,2024-01-17,2024-01-29,closed,22,Owner,0,0,Normal
RFI-01005,PRJ-050,Electrical clarification item 1005,Electrical,2025-06-20,2025-07-04,2025-06-29,Closed,9,Designer,0,0,Low
RFI-01006,PRJ-050,Mechanical clarification item 1006,Mechanical,2024-06-06,2024-06-16,2024-06-19,Answered,13,Contractor,0,0,Normal
RFI-01007,PRJ-050,Architectural clarification item 1007,Architectural,2024-11-28,2024-12-08,2024-12-23,Answered,25,External,0,0,Normal
RFI-01008,PRJ-050,Electrical clarification item 1008,Electrical,2025-12-28,2026-01-07,2026-01-12,Closed,15,Contractor,44300,0,Normal
RFI-01009,PRJ-050,Mechanical clarification item 1009,Mechanical,2024-09-24,2024-10-01,2024-10-08,Answered,14,Contractor,0,0,High
RFI-01010,PRJ-050,General clarification item 1010,General,2025-05-19,2025-05-29,2025-05-28,Answered,9,Contractor,0,0,Normal
RFI-01011,PRJ-050,Architectural clarification item 1011,Architectural,2025-11-01,2025-11-11,2025-11-11,Closed,10,Contractor,0,0,Normal
RFI-01012,PRJ-050,Electrical clarification item 1012,Electrical,2025-06-29,2025-07-09,2025-07-10,Closed,11,Contractor,0,0,Normal
RFI-01013,PRJ-050,Electrical clarification item 1013,Electrical,2024-09-04,2024-09-14,2024-10-04,Answered,30,Owner,0,0,Normal
RFI-01014,PRJ-051,Electrical clarification item 1014,Electrical,2021-10-18,2021-10-28,2021-10-22,Closed,4,Owner,0,0,Normal
RFI-01015,PRJ-051,Fire Protection clarification item 1015,Fire Protection,2022-07-02,2022-07-12,2022-07-09,Answered,7,Designer,126400,6,Normal
RFI-01016,PRJ-051,Civil clarification item 1016,Civil,2021-09-11,2021-09-18,2021-09-29,Closed,18,Designer,0,0,High
RFI-01017,PRJ-051,Mechanical clarification item 1017,Mechanical,2021-11-21,2021-12-01,2021-11-23,Closed,2,Contractor,0,0,Normal
RFI-01018,PRJ-051,Architectural clarification item 1018,Architectural,2023-03-24,2023-04-07,2023-04-07,Answered,14,Designer,0,0,Low
RFI-01019,PRJ-051,Structural clarification item 1019,Structural,2022-03-16,2022-03-23,,Open,,Designer,8900,3,High
RFI-01020,PRJ-051,Structural clarification item 1020,Structural,2022-07-22,2022-08-01,2022-08-11,Closed,20,External,0,0,Normal
RFI-01021,PRJ-051,Mechanical clarification item 1021,Mechanical,2021-09-09,2021-09-16,2021-09-17,Closed,8,Contractor,0,0,High
RFI-01022,PRJ-051,General clarification item 1022,General,2023-08-28,2023-09-04,2023-09-04,Answered,7,Contractor,0,0,High
RFI-01023,PRJ-051,Architectural clarification item 1023,Architectural,2023-07-22,2023-08-05,2023-08-06,Answered,15,Designer,0,0,Low
RFI-01024,PRJ-051,Structural clarification item 1024,Structural,2022-08-20,2022-08-30,2022-09-07,Closed,18,Contractor,0,0,Normal
RFI-01025,PRJ-051,General clarification item 1025,General,2021-12-26,2022-01-02,2022-01-08,Answered,13,Owner,41400,2,High
RFI-01026,PRJ-051,Plumbing clarification item 1026,Plumbing,2024-02-08,2024-02-15,,Open,,External,0,0,High
RFI-01027,PRJ-052,Civil clarification item 1027,Civil,2024-12-01,2024-12-11,2024-12-21,Answered,20,External,0,0,Normal
RFI-01028,PRJ-052,Electrical clarification item 1028,Electrical,2024-11-26,2024-12-06,2024-12-04,Answered,8,Designer,0,0,Normal
RFI-01029,PRJ-052,Mechanical clarification item 1029,Mechanical,2025-02-10,2025-02-20,2025-03-07,Closed,25,Owner,0,0,Normal
RFI-01030,PRJ-052,Civil clarification item 1030,Civil,2025-08-20,2025-08-23,2025-08-24,Closed,4,Designer,7000,3,Critical
RFI-01031,PRJ-052,Civil clarification item 1031,Civil,2024-12-14,2024-12-24,2024-12-24,Closed,10,Owner,0,0,Normal
RFI-01032,PRJ-052,Mechanical clarification item 1032,Mechanical,2024-07-11,2024-07-25,2024-07-29,Closed,18,Designer,0,0,Low
RFI-01033,PRJ-052,Structural clarification item 1033,Structural,2023-08-09,2023-08-19,2023-08-12,Closed,3 days,Designer,0,0,Normal
RFI-01034,PRJ-052,Architectural clarification item 1034,Architectural,2023-07-14,2023-07-24,2023-08-01,Answered,18,Owner,0,0,Normal
RFI-01035,PRJ-052,Architectural clarification item 1035,Architectural,2025-11-29,2025-12-13,,Open,,Designer,0,0,Low
RFI-01036,PRJ-052,Mechanical clarification item 1036,Mechanical,2023-05-23,2023-06-02,2023-06-09,Closed,17,Designer,10200,5,Normal
RFI-01037,PRJ-052,General clarification item 1037,General,2023-07-01,2023-07-11,2023-07-09,Answered,8,Contractor,0,0,Normal
RFI-01038,PRJ-052,Structural clarification item 1038,Structural,2025-12-02,2025-12-09,2025-12-20,Closed,18,Designer,0,0,High
RFI-01039,PRJ-052,Electrical clarification item 1039,electrical,2024-02-08,2024-02-18,2024-02-19,Closed,11,Contractor,0,0,Normal
RFI-01040,PRJ-052,Mechanical clarification item 1040,Mechanical,2023-06-22,2023-07-02,,Open,,Designer,0,0,Normal
RFI-01041,PRJ-053,Architectural clarification item 1041,Architectural,2025-12-05,2025-12-12,,Open,,External,0,0,High
RFI-01042,PRJ-053,Fire Protection clarification item 1042,Fire Protection,2024-11-24,2024-12-04,2024-12-16,Answered,22,Owner,0,0,Normal
RFI-01043,PRJ-053,Mechanical clarification item 1043,Mechanical,2025-12-30,2026-01-13,,Open,,External,6100,7,Low
RFI-01044,PRJ-053,General clarification item 1044,General,2025-04-12,2025-04-19,2025-04-30,Closed,18,Designer,0,0,High
RFI-01045,PRJ-053,Civil clarification item 1045,Civil,2025-12-28,2026-01-07,,Open,,Owner,0,0,Normal
RFI-01046,PRJ-053,Civil clarification item 1046,Civil,2025-05-02,2025-05-09,2025-05-09,Closed,7,External,0,0,High
RFI-01047,PRJ-053,Mechanical clarification item 1047,Mechanical,2025-10-25,2025-11-01,2025-11-05,Answered,11,Owner,0,0,High
RFI-01048,PRJ-053,Fire Protection clarification item 1048,Fire Protection,2025-08-11,2025-08-21,2025-08-26,Closed,15,Designer,0,0,Normal
RFI-01049,PRJ-053,Electrical clarification item 1049,Electrical,2024-06-16,2024-06-26,2024-07-21,Answered,35,Designer,4600,2,Normal
RFI-01050,PRJ-053,Structural clarification item 1050,Structural,2024-12-31,2025-01-10,2025-01-20,Closed,20,Contractor,0,0,Normal
RFI-01051,PRJ-053,Fire Protection clarification item 1051,Fire Protection,2025-03-02,2025-03-09,2025-03-18,Closed,16,Contractor,0,0,High
RFI-01052,PRJ-053,Plumbing clarification item 1052,Plumbing,2024-08-29,2024-09-05,2024-10-03,Answered,35,Designer,6100,4,High
RFI-01053,PRJ-053,Mechanical clarification item 1053,Mechanical,2024-08-22,2024-08-29,2024-08-25,Answered,3,Designer,0,0,High
RFI-01054,PRJ-053,Civil clarification item 1054,Civil,2025-03-19,2025-03-22,2025-03-29,Closed,10,Designer,7900,2,Critical
RFI-01055,PRJ-053,Civil clarification item 1055,Civil,2025-08-11,2025-08-21,2025-09-03,Answered,23,Owner,0,0,Normal
RFI-01056,PRJ-053,Structural clarification item 1056,Structural,2025-04-17,2025-04-27,2025-05-05,Closed,18,Owner,44900,7,Normal
RFI-01057,PRJ-053,Structural clarification item 1057,Structural,2024-12-24,2025-01-07,2025-01-13,Answered,20,Designer,4300,6,Low
RFI-01058,PRJ-053,Mechanical clarification item 1058,Mechanical,2025-09-14,2025-09-24,,Open,,Designer,0,0,Normal
RFI-01059,PRJ-053,Electrical clarification item 1059,Electrical,2025-08-12,2025-08-22,2025-09-09,Closed,28,Designer,2000,5,Normal
RFI-01060,PRJ-053,Electrical clarification item 1060,Electrical,2025-12-31,2026-01-10,2026-01-20,Answered,20,Designer,0,0,Normal
RFI-01061,PRJ-054,Architectural clarification item 1061,Architectural,2023-03-11,2023-03-21,2023-03-15,Answered,4,Designer,0,0,Normal
RFI-01062,PRJ-054,Civil clarification item 1062,Civil,2024-07-09,2024-07-12,,Open,,Designer,0,0,Critical
RFI-01063,PRJ-054,Electrical clarification item 1063,Electrical,2022-09-01,2022-09-08,2022-09-18,Answered,17,Designer,20600,5,High
RFI-01064,PRJ-054,Civil clarification item 1064,Civil,2023-07-03,2023-07-17,2023-07-12,Answered,9,Owner,0,0,Low
RFI-01065,PRJ-054,Architectural clarification item 1065,Architectural,2023-02-13,2023-02-27,,Open,,Contractor,0,0,Low
RFI-01066,PRJ-054,Architectural clarification item 1066,Architectural,2022-12-31,2023-01-07,2023-01-13,Answered,13,Designer,0,0,High
RFI-01067,PRJ-054,Mechanical clarification item 1067,Mechanical,2022-09-05,2022-09-19,2022-09-26,Closed,21,Designer,11000,0,Low
RFI-01068,PRJ-054,Civil clarification item 1068,Civil,2023-03-12,2023-03-22,2023-04-01,Answered,20,Designer,0,0,Normal
RFI-01069,PRJ-054,Structural clarification item 1069,Structural,2023-03-19,2023-03-29,2023-04-06,Answered,18,Owner,0,0,Normal
RFI-01070,PRJ-054,Architectural clarification item 1070,Architectural,2022-11-28,2022-12-08,2022-12-13,Closed,15,Designer,0,0,Normal
RFI-01071,PRJ-054,Plumbing clarification item 1071,Plumbing,2022-11-22,2022-11-25,2022-12-06,Answered,14,Designer,0,0,Critical
RFI-01072,PRJ-054,Structural clarification item 1072,Structural,2023-12-27,2024-01-03,2023-12-28,Answered,1,External,6400,0,High
RFI-01073,PRJ-055,Plumbing clarification item 1073,Plumbing,2023-04-28,2023-05-05,2023-05-14,Answered,16,Contractor,0,0,High
RFI-01074,PRJ-055,Architectural clarification item 1074,Architectural,2022-05-14,2022-05-24,2022-05-30,Closed,16,Owner,17200,4,Normal
RFI-01075,PRJ-055,Electrical clarification item 1075,Electrical,2022-07-25,2022-08-01,2022-08-07,Closed,13,Owner,0,0,High
RFI-01076,PRJ-055,Mechanical clarification item 1076,Mechanical,2021-12-03,2021-12-10,2021-12-28,Closed,25,Designer,45800,5,High
RFI-01077,PRJ-055,Structural clarification item 1077,Structural,2023-01-26,2023-02-05,2023-02-09,Closed,14,Contractor,0,0,Normal
RFI-01078,PRJ-055,Fire Protection clarification item 1078,Fire Protection,2023-04-30,2023-05-07,2023-05-22,Answered,22,Owner,52600,7,High
RFI-01079,PRJ-055,Electrical clarification item 1079,Electrical,2023-05-28,2023-06-07,2023-06-23,Answered,26,Designer,0,0,Normal
RFI-01080,PRJ-055,Mechanical clarification item 1080,Mechanical,2021-12-11,2021-12-21,2021-12-30,Answered,19,Contractor,0,0,Normal
RFI-01081,PRJ-055,Civil clarification item 1081,Civil,2022-06-14,2022-06-28,2022-06-26,Closed,12,External,9200,5,Low
RFI-01082,PRJ-055,Mechanical clarification item 1082,Mechanical,2022-11-05,2022-11-19,2022-12-07,Answered,32,Owner,8400,3,Low
RFI-01083,PRJ-055,Plumbing clarification item 1083,Plumbing,2022-01-28,2022-02-07,2022-02-18,Answered,21,Contractor,0,0,Normal
RFI-01084,PRJ-055,General clarification item 1084,General,2022-01-25,2022-01-28,2022-01-29,Answered,4,Owner,0,0,Critical
RFI-01085,PRJ-055,Mechanical clarification item 1085,Mechanical,2022-12-15,2022-12-25,2023-01-01,Closed,17,Designer,0,0,Normal
RFI-01086,PRJ-055,Civil clarification item 1086,Civil,2023-04-15,2023-04-18,2023-04-24,Answered,9,External,0,0,Critical
RFI-01087,PRJ-055,Structural clarification item 1087,Structural,2022-03-08,2022-03-11,2022-03-15,Closed,7,Contractor,0,0,Critical
RFI-01088,PRJ-055,Architectural clarification item 1088,Architectural,2022-10-28,2022-11-04,2022-11-03,Answered,6,Owner,0,0,High
RFI-01089,PRJ-055,Architectural clarification item 1089,Architectural,2021-12-16,2021-12-30,2022-01-04,Closed,19,Designer,0,0,Low
RFI-01090,PRJ-055,Structural clarification item 1090,Structural,2022-09-02,2022-09-12,2022-09-04,Answered,2,Owner,12100,3,Normal
RFI-01091,PRJ-055,Architectural clarification item 1091,Architectural,2023-04-22,2023-05-02,2023-05-11,Answered,19,Owner,0,0,Normal
RFI-01092,PRJ-055,Architectural clarification item 1092,Architectural,2021-12-26,2022-01-05,2022-01-11,Closed,16,Owner,0,0,Normal
RFI-01093,PRJ-055,Architectural clarification item 1093,Architectural,2022-11-16,2022-11-19,2022-11-25,Answered,9,Contractor,0,0,Critical
RFI-01094,PRJ-055,Architectural clarification item 1094,Architectural,2023-04-22,2023-05-02,2023-05-08,Answered,16,Designer,0,0,Normal
RFI-01095,PRJ-056,Architectural clarification item 1095,Architectural,2023-08-01,2023-08-11,2023-08-16,Closed,15,Designer,7700,2,Normal
RFI-01096,PRJ-056,Architectural clarification item 1096,Architectural,2023-09-29,2023-10-06,2023-10-11,Answered,12,Owner,0,0,High
RFI-01097,PRJ-056,Mechanical clarification item 1097,Mechanical,2024-08-22,2024-08-29,2024-09-10,Answered,19,Designer,0,0,High
RFI-01098,PRJ-056,Electrical clarification item 1098,Electrical,2023-12-19,2023-12-26,,Open,,Designer,35200,6,High
RFI-01099,PRJ-056,Fire Protection clarification item 1099,Fire Protection,2024-06-11,2024-06-14,2024-06-28,Closed,17,External,0,0,Critical
RFI-01100,PRJ-056,Mechanical clarification item 1100,Mechanical,2023-10-07,2023-10-17,,Open,,Designer,0,0,Normal
RFI-01101,PRJ-056,Fire Protection clarification item 1101,Fire Protection,2024-04-07,2024-04-17,2024-04-24,Answered,17,Contractor,0,0,Normal
RFI-01102,PRJ-056,Structural clarification item 1102,Structural,2023-10-27,2023-11-06,2023-11-14,Answered,18,Owner,0,0,Normal
RFI-01103,PRJ-056,Structural clarification item 1103,Structural,2023-03-24,2023-04-03,2023-04-09,Closed,16,Designer,0,0,Normal
RFI-01104,PRJ-056,Civil clarification item 1104,Civil,2023-09-04,2023-09-14,2023-09-19,Answered,15,Owner,0,0,Normal
RFI-01105,PRJ-056,Civil clarification item 1105,Civil,2022-07-28,2022-08-07,,Open,,Contractor,0,0,Normal
RFI-01106,PRJ-056,General clarification item 1106,General,2023-06-09,2023-06-16,,Answered,24,Owner,10200,9,High
RFI-01107,PRJ-056,Mechanical clarification item 1107,Mechanical,2024-07-29,2024-08-08,2024-08-17,Closed,19,Contractor,0,0,Normal
RFI-01108,PRJ-056,Civil clarification item 1108,Civil,2023-05-14,2023-05-24,,Open,,External,0,0,Normal
RFI-01109,PRJ-056,Plumbing clarification item 1109,Plumbing,2024-01-07,2024-01-17,2024-01-24,Answered,17,Contractor,0,0,Normal
RFI-01110,PRJ-056,Electrical clarification item 1110,Electrical,2024-03-04,2024-03-14,2024-03-17,Closed,13,Designer,1800,0,Normal
RFI-01111,PRJ-056,Architectural clarification item 1111,Architectural,2024-05-11,2024-05-25,2024-06-14,Closed,34,Designer,8100,9,Low
RFI-01112,PRJ-056,Plumbing clarification item 1112,Plumbing,2024-01-16,2024-01-26,2024-02-06,Closed,21,Owner,0,0,Normal
RFI-01113,PRJ-056,Electrical clarification item 1113,Electrical,2023-08-19,2023-08-29,2023-09-12,Closed,24,Owner,0,0,Normal
RFI-01114,PRJ-057,Mechanical clarification item 1114,Mechanical,2024-04-11,2024-04-21,2024-04-25,Answered,14,Contractor,0,0,Normal
RFI-01115,PRJ-057,Plumbing clarification item 1115,Plumbing,2025-12-06,2025-12-13,2025-12-22,Answered,16,Designer,0,0,High
RFI-01116,PRJ-057,Civil clarification item 1116,Civil,2024-03-12,2024-03-19,2024-03-28,Closed,16,Designer,0,0,High
RFI-01117,PRJ-057,Plumbing clarification item 1117,Plumbing,2024-09-02,2024-09-16,2024-09-24,Closed,22,External,0,0,Low
RFI-01118,PRJ-057,Structural clarification item 1118,Structural,2025-03-09,2025-03-19,2025-03-17,Answered,8,Owner,0,0,Normal
RFI-01119,PRJ-057,Plumbing clarification item 1119,Plumbing,2025-12-07,2025-12-10,2025-12-14,Answered,7,Designer,0,0,Critical
RFI-01120,PRJ-057,Mechanical clarification item 1120,Mechanical,2025-02-11,2025-02-14,,Open,,Owner,10700,8,Critical
RFI-01121,PRJ-057,Fire Protection clarification item 1121,Fire Protection,2025-02-09,2025-02-19,,Open,,Contractor,0,0,Normal
RFI-01122,PRJ-057,Structural clarification item 1122,Structural,2024-11-12,2024-11-19,2024-11-07,Answered,14,Contractor,0,0,High
RFI-01123,PRJ-057,Electrical clarification item 1123,Electrical,2025-02-14,2025-02-24,2025-03-02,Answered,16,External,26000,3,Normal
RFI-01124,PRJ-057,Architectural clarification item 1124,Architectural,2025-05-23,2025-06-02,2025-06-05,Answered,13,Designer,0,0,Normal
RFI-01125,PRJ-057,Plumbing clarification item 1125,Plumbing,2024-07-07,2024-07-17,2024-07-30,Answered,23,External,0,0,Normal
RFI-01126,PRJ-057,Electrical clarification item 1126,Electrical,2025-03-16,2025-03-26,2025-03-30,Answered,14,Contractor,0,0,Normal
RFI-01127,PRJ-057,Architectural clarification item 1127,Architectural,2024-05-28,2024-06-11,2024-06-23,Answered,26,Designer,0,0,Low
RFI-01128,PRJ-057,Electrical clarification item 1128,Electrical,2025-11-23,2025-12-03,,Open,,Owner,0,0,Normal
RFI-01129,PRJ-057,Plumbing clarification item 1129,Plumbing,2025-09-19,2025-09-29,2025-10-20,Answered,31,Designer,0,0,Normal
RFI-01130,PRJ-057,Mechanical clarification item 1130,Mechanical,2024-06-27,2024-07-04,2024-06-30,Answered,3,Designer,0,0,High
RFI-01131,PRJ-057,Structural clarification item 1131,Structural,2024-08-27,2024-09-06,2024-09-09,Answered,13,Owner,0,0,Normal
RFI-01132,PRJ-057,Fire Protection clarification item 1132,Fire Protection,2025-10-04,2025-10-14,,Open,,Designer,0,0,Normal
RFI-01133,PRJ-058,Plumbing clarification item 1133,Plumbing,2023-07-23,2023-08-02,2023-08-04,Closed,12,External,6900,1,Normal
RFI-01134,PRJ-058,Mechanical clarification item 1134,Mechanical,2025-02-20,2025-03-06,2025-03-09,Closed,17,Designer,0,0,Low
RFI-01135,PRJ-058,Mechanical clarification item 1135,Mechanical ,2023-07-19,2023-07-26,2023-07-22,Answered,3,Contractor,0,0,High
RFI-01136,PRJ-058,Structural clarification item 1136,Structural,2024-04-26,2024-05-06,2024-05-20,Answered,24,Contractor,65100,0,Normal
RFI-01137,PRJ-058,Structural clarification item 1137,Structural,2024-09-10,2024-09-20,2024-10-07,Answered,27,Owner,0,0,Normal
RFI-01138,PRJ-058,Fire Protection clarification item 1138,Fire Protection,2025-10-26,2025-11-05,2025-11-07,Closed,12,Designer,8500,5,Normal
RFI-01139,PRJ-058,Structural clarification item 1139,Structural,2025-02-10,2025-02-17,2025-03-04,Answered,22,Designer,0,0,High
RFI-01140,PRJ-058,Architectural clarification item 1140,Architectural,2024-05-06,2024-05-20,2024-06-06,Closed,31,External,0,0,Low
RFI-01141,PRJ-058,Civil clarification item 1141,Civil,2025-11-09,2025-11-19,,Open,,Designer,41900,6,Normal
RFI-01142,PRJ-058,Plumbing clarification item 1142,Plumbing,2025-05-24,2025-06-03,2025-06-06,Answered,13,Owner,0,0,Normal
RFI-01143,PRJ-058,Fire Protection clarification item 1143,Fire Protection,2024-07-27,2024-08-03,2024-08-09,Answered,13,External,0,0,High
RFI-01144,PRJ-058,Mechanical clarification item 1144,Mechanical,2023-07-27,2023-08-06,2023-08-18,Answered,22,Designer,47100,4,Normal
RFI-01145,PRJ-058,Electrical clarification item 1145,Electrical,2023-05-02,2023-05-09,,Open,,Owner,0,0,High
RFI-01146,PRJ-059,Mechanical clarification item 1146,Mechanical,2025-01-28,2025-02-07,2025-02-16,Closed,19,External,0,0,Normal
RFI-01147,PRJ-059,General clarification item 1147,General,2025-08-16,2025-08-26,,Open,,Contractor,0,0,Normal
RFI-01148,PRJ-059,Plumbing clarification item 1148,Plumbing,2025-06-26,2025-07-03,2025-06-29,Answered,3,Owner,0,0,High
RFI-01149,PRJ-059,Fire Protection clarification item 1149,Fire Protection,2025-12-18,2026-01-01,2026-01-07,Closed,20,Designer,0,0,Low
RFI-01150,PRJ-059,Mechanical clarification item 1150,Mechanical,2025-05-21,2025-05-31,2025-06-05,Closed,15,Owner,0,0,Normal
RFI-01151,PRJ-059,Civil clarification item 1151,Civil,2024-10-13,2024-10-23,,Open,,Owner,0,0,Normal
RFI-01152,PRJ-059,Architectural clarification item 1152,Architectural,2025-03-22,2025-04-01,2025-04-09,Answered,18,Designer,0,0,Normal
RFI-01153,PRJ-059,Civil clarification item 1153,Civil,2025-11-18,2025-11-28,2025-11-26,Answered,8,Owner,0,0,Normal
RFI-01154,PRJ-059,Architectural clarification item 1154,Architectural,2024-11-25,2024-12-05,2024-12-13,Answered,18,Designer,0,0,Normal
RFI-01155,PRJ-059,General clarification item 1155,General,2025-08-28,2025-09-07,,Open,,Contractor,0,0,Normal
RFI-01156,PRJ-059,Electrical clarification item 1156,Electrical,2025-12-10,2025-12-20,2025-12-29,Answered,19,Owner,0,0,Normal
RFI-01157,PRJ-059,Architectural clarification item 1157,Architectural,2025-08-10,2025-08-20,2025-09-07,Answered,28,Contractor,0,0,Normal
RFI-01158,PRJ-059,Mechanical clarification item 1158,Mechanical,2024-11-20,2024-11-27,2024-11-29,Answered,9,Designer,0,0,High
RFI-01159,PRJ-059,Architectural clarification item 1159,Architectural,2025-08-16,2025-08-26,2025-09-02,Closed,17,Designer,0,0,Normal
RFI-01160,PRJ-059,General clarification item 1160,General,2025-12-30,2026-01-09,,Open,,Contractor,0,0,Normal
RFI-01161,PRJ-059,Civil clarification item 1161,Civil,2024-10-15,2024-10-25,2024-11-04,Closed,20,Designer,0,0,Normal
RFI-01162,PRJ-059,Electrical clarification item 1162,Electrical,2025-12-21,2026-01-04,2026-01-11,Closed,21,Designer,0,0,Low
RFI-01163,PRJ-059,Plumbing clarification item 1163,Plumbing,2025-10-04,2025-10-14,2025-10-18,Closed,14,Designer,0,0,Normal
RFI-01164,PRJ-059,Plumbing clarification item 1164,Plumbing,2025-12-02,2025-12-12,,Open,,Owner,0,0,Normal
RFI-01165,PRJ-059,Structural clarification item 1165,Structural,2025-04-15,2025-04-25,2025-05-03,Answered,18,Designer,0,0,Normal
RFI-01166,PRJ-059,Plumbing clarification item 1166,Plumbing,2025-10-07,2025-10-17,2025-10-15,Answered,8,Designer,0,0,Normal
RFI-01167,PRJ-059,Mechanical clarification item 1167,Mechanical,2024-12-27,2025-01-06,2025-01-03,Answered,7,Owner,0,0,Normal
RFI-01168,PRJ-059,Mechanical clarification item 1168,Mechanical,2025-09-04,2025-09-14,2025-09-17,Answered,13,Designer,0,0,Normal
RFI-01169,PRJ-059,Electrical clarification item 1169,Electrical,2025-04-10,2025-04-20,2025-05-03,Answered,23,Owner,0,0,Normal
RFI-01170,PRJ-059,General clarification item 1170,General,2025-06-06,2025-06-16,2025-06-25,Answered,19,Designer,0,0,Normal
RFI-01171,PRJ-060,Architectural clarification item 1171,Architectural,2023-06-27,2023-07-11,2023-07-12,Answered,15,Designer,0,0,Low
RFI-01172,PRJ-060,Electrical clarification item 1172,Electrical,2024-04-12,2024-04-19,2024-04-29,Answered,17,Contractor,0,0,High
RFI-01173,PRJ-060,Architectural clarification item 1173,Architectural,2023-10-14,2023-10-24,2023-10-24,Closed,10,External,8300,0,Normal
RFI-01174,PRJ-060,Plumbing clarification item 1174,Plumbing,2023-05-24,2023-06-07,2023-06-19,Answered,26,External,0,0,Low
RFI-01175,PRJ-060,Architectural clarification item 1175,Architectural,2024-05-30,2024-06-13,,Open,,Designer,40500,10,Low
RFI-01176,PRJ-060,Plumbing clarification item 1176,Plumbing,2023-08-07,2023-08-17,2023-08-31,Answered,24,Owner,0,0,Normal
RFI-01177,PRJ-060,Electrical clarification item 1177,Electrical,2024-03-04,2024-03-11,,Open,,Contractor,0,0,High
RFI-01178,PRJ-060,Electrical clarification item 1178,Electrical,2024-05-02,2024-05-12,2024-05-21,Answered,19,Designer,0,0,Normal
RFI-01179,PRJ-060,Mechanical clarification item 1179,Mechanical,2023-03-05,2023-03-15,,Open,,Designer,0,0,Normal
RFI-01180,PRJ-060,Fire Protection clarification item 1180,Fire Protection,2023-08-04,2023-08-14,2023-09-04,Answered,31,Designer,0,0,Normal
RFI-01181,PRJ-060,Structural clarification item 1181,Structural,2024-07-14,2024-07-28,2024-08-04,Closed,21,Owner,17200,0,Low
RFI-01182,PRJ-060,Mechanical clarification item 1182,Mechanical,2024-04-06,2024-04-16,,Open,,Designer,0,0,Normal
RFI-01183,PRJ-060,Architectural clarification item 1183,Architectural,2023-11-04,2023-11-11,2023-11-16,Closed,12,Designer,0,0,High
RFI-01184,PRJ-060,Electrical clarification item 1184,Electrical,2023-08-10,2023-08-24,2023-08-31,Answered,21,Owner,0,0,Low
RFI-01185,PRJ-060,Architectural clarification item 1185,Architectural,2024-02-08,2024-02-18,2024-03-01,Answered,22,Owner,0,0,Normal
RFI-01186,PRJ-061,Structural clarification item 1186,Structural,2024-06-01,2024-06-11,2024-06-18,Closed,17,Designer,0,0,Normal
RFI-01187,PRJ-061,Mechanical clarification item 1187,Mechanical,2024-03-21,2024-03-31,2024-04-13,Answered,23,Designer,0,0,Normal
RFI-01188,PRJ-061,Mechanical clarification item 1188,Mechanical,2023-04-17,2023-04-24,,Open,,Contractor,3200,6,High
RFI-01189,PRJ-061,Mechanical clarification item 1189,Mechanical,2023-04-15,2023-04-25,2023-04-30,Closed,15,Designer,0,0,Normal
RFI-01190,PRJ-061,Mechanical clarification item 1190,Mechanical,2023-07-06,2023-07-13,2023-07-19,Closed,13,External,0,0,High
RFI-01191,PRJ-061,Plumbing clarification item 1191,Plumbing,2023-10-23,2023-11-02,,Open,,Contractor,0,0,Normal
RFI-01192,PRJ-061,Architectural clarification item 1192,Architectural,2024-02-15,2024-02-18,2024-02-24,Closed,9,Contractor,0,0,Critical
RFI-01193,PRJ-061,Electrical clarification item 1193,Electrical,2023-09-21,2023-10-01,2023-10-04,Answered,13,Designer,0,0,Normal
RFI-01194,PRJ-061,Electrical clarification item 1194,Electrical,2024-01-27,2024-02-06,2024-02-22,Answered,26,Contractor,0,0,Normal
RFI-01195,PRJ-061,Mechanical clarification item 1195,Mechanical,2023-04-18,2023-04-28,2023-05-11,Answered,23,Owner,0,0,Normal
RFI-01196,PRJ-061,General clarification item 1196,General,2023-06-04,2023-06-11,2023-06-24,Answered,20,Designer,0,0,High
RFI-01197,PRJ-061,Structural clarification item 1197,Structural,2023-12-27,2024-01-06,2024-01-14,Answered,18,Contractor,0,0,Normal
RFI-01198,PRJ-061,Mechanical clarification item 1198,Mechanical,2024-01-10,2024-01-20,2024-01-27,Closed,17,Contractor,0,0,Normal
RFI-01199,PRJ-061,Plumbing clarification item 1199,Plumbing,2023-11-07,2023-11-21,2023-11-27,Answered,20,Owner,0,0,Low
RFI-01200,PRJ-061,Electrical clarification item 1200,Electrical,2024-09-21,2024-09-28,2024-10-07,Answered,16,Owner,0,0,High
RFI-01201,PRJ-061,Civil clarification item 1201,Civil,2023-07-23,2023-08-06,2023-08-15,Answered,23,Designer,0,0,Low
RFI-01202,PRJ-061,Mechanical clarification item 1202,Mechanical,2023-05-31,2023-06-10,2023-06-19,Closed,19,Contractor,0,0,Normal
RFI-01203,PRJ-061,Architectural clarification item 1203,Architectural,2024-10-21,2024-11-04,,Open,,Contractor,0,0,Low
RFI-01204,PRJ-061,Structural clarification item 1204,Structural,2023-11-17,2023-11-27,2023-12-10,Answered,23,Contractor,0,0,Normal
RFI-01205,PRJ-061,Structural clarification item 1205,Structural,2023-09-20,2023-09-27,2023-10-04,Closed,14,Contractor,0,0,High
RFI-01206,PRJ-061,Architectural clarification item 1206,Architectural,2024-01-23,2024-02-02,2024-02-04,Answered,12,Contractor,0,0,Normal
RFI-01207,PRJ-062,Plumbing clarification item 1207,Plumbing,2025-01-16,2025-01-23,2025-02-03,Answered,18,Designer,0,0,High
RFI-01208,PRJ-062,General clarification item 1208,General,2024-11-02,2024-11-09,2024-11-19,Answered,17,Designer,0,0,High
RFI-01209,PRJ-062,Electrical clarification item 1209,Electrical,2025-06-28,2025-07-08,2025-07-18,Closed,20,Designer,0,0,Normal
RFI-01210,PRJ-062,Architectural clarification item 1210,Architectural,2024-11-22,2024-12-02,2024-12-07,Answered,15,External,1000,7,Normal
RFI-01211,PRJ-062,Plumbing clarification item 1211,Plumbing,2024-08-07,2024-08-17,,Open,,Designer,25600,1,Normal
RFI-01212,PRJ-062,Structural clarification item 1212,Structural,2024-11-07,2024-11-21,2024-11-27,Closed,20,Designer,0,0,Low
RFI-01213,PRJ-062,Electrical clarification item 1213,Electrical,2024-09-15,2024-09-22,2024-10-06,Answered,21,External,18200,2,High
RFI-01214,PRJ-062,Architectural clarification item 1214,Architectural,2025-07-20,2025-07-27,2025-08-08,Closed,19,Designer,0,0,High
RFI-01215,PRJ-062,Electrical clarification item 1215,Electrical,2024-10-21,2024-10-28,2024-11-07,Answered,17,Contractor,0,0,High
RFI-01216,PRJ-062,Fire Protection clarification item 1216,Fire Protection,2025-10-13,2025-10-20,2025-11-05,Answered,23,Designer,11200,3,High
RFI-01217,PRJ-062,General clarification item 1217,General,2025-01-16,2025-01-23,,Open,,Owner,28600,8,High
RFI-01218,PRJ-062,Plumbing clarification item 1218,Plumbing,2025-03-11,2025-03-21,2025-04-06,Answered,26,Contractor,26800,2,Normal
RFI-01219,PRJ-062,Plumbing clarification item 1219,Plumbing,2024-12-18,2025-01-01,2025-01-22,Answered,35,External,0,0,Low
RFI-01220,PRJ-062,General clarification item 1220,General,2024-11-26,2024-12-06,2024-12-13,Answered,17,Designer,0,0,Normal
RFI-01221,PRJ-062,Mechanical clarification item 1221,Mechanical,2024-12-09,2024-12-19,2025-01-07,Closed,29,Owner,6700,3,Normal
RFI-01222,PRJ-062,Civil clarification item 1222,Civil,2025-11-03,2025-11-13,2025-11-25,Answered,22,Owner,0,0,Normal
RFI-01223,PRJ-062,Mechanical clarification item 1223,Mechanical,2025-09-23,2025-10-03,2025-10-16,Answered,23,Contractor,0,0,Normal
RFI-01224,PRJ-062,Architectural clarification item 1224,Architectural,2025-04-24,2025-05-04,2025-05-20,Answered,26,Owner,0,0,Normal
RFI-01225,PRJ-062,Architectural clarification item 1225,Architectural,2025-12-04,2025-12-11,,Open,,Designer,0,0,High
RFI-01226,PRJ-062,Structural clarification item 1226,Structural,2024-10-06,2024-10-16,2024-10-24,Answered,18,Designer,0,0,Normal
RFI-01227,PRJ-062,Electrical clarification item 1227,Electrical,2025-02-04,2025-02-14,2025-03-01,Answered,25,Designer,0,0,Normal
RFI-01228,PRJ-062,General clarification item 1228,General,2024-11-29,2024-12-09,,Open,,Contractor,0,0,Normal
RFI-01229,PRJ-062,Electrical clarification item 1229,Electrical,2025-03-24,2025-04-03,2025-04-22,Answered,29,Designer,59900,0,Normal
RFI-01230,PRJ-062,Electrical clarification item 1230,Electrical,2025-12-01,2025-12-11,,Open,,Designer,0,0,Normal
RFI-01231,PRJ-063,Architectural clarification item 1231,Architectural,2025-08-12,2025-08-19,2025-08-30,Answered,18,Contractor,7400,7,High
RFI-01232,PRJ-063,Architectural clarification item 1232,Architectural,2024-05-20,2024-05-30,2024-06-17,Answered,28,Contractor,0,0,Normal
RFI-01233,PRJ-063,Plumbing clarification item 1233,Plumbing,2024-06-09,2024-06-16,2024-06-19,Answered,10,Contractor,0,0,High
RFI-01234,PRJ-063,Architectural clarification item 1234,Architectural,2025-07-27,2025-08-03,,Open,,Designer,0,0,High
RFI-01235,PRJ-063,Plumbing clarification item 1235,Plumbing,2025-12-24,2026-01-03,,Open,,Designer,174800,2,Normal
RFI-01236,PRJ-063,Fire Protection clarification item 1236,Fire Protection,2025-04-21,2025-04-28,2025-05-11,Closed,20,Designer,49200,8,High
RFI-01237,PRJ-063,Plumbing clarification item 1237,Plumbing,2024-11-26,2024-12-10,2024-12-08,Answered,12,Designer,0,0,Low
RFI-01238,PRJ-063,Electrical clarification item 1238,Electrical,2025-03-02,2025-03-05,2025-03-20,Answered,18,Contractor,0,0,Critical
RFI-01239,PRJ-063,Electrical clarification item 1239,Electrical,2025-01-30,2025-02-09,2025-02-13,Answered,14,Owner,0,0,Normal
RFI-01240,PRJ-063,Architectural clarification item 1240,Architectural,2025-04-11,2025-04-25,2025-04-26,Answered,15,Contractor,0,0,Low
RFI-01241,PRJ-063,Civil clarification item 1241,Civil,2024-06-19,2024-06-22,2024-07-01,Answered,12,Owner,0,0,Critical
RFI-01242,PRJ-063,Civil clarification item 1242,Civil,2024-05-03,2024-05-06,2024-05-21,Answered,18,Designer,18700,6,Critical
RFI-01243,PRJ-063,Mechanical clarification item 1243,Mechanical,2025-01-25,2025-02-04,2025-02-08,Closed,14,External,0,0,Normal
RFI-01244,PRJ-063,Structural clarification item 1244,Structural,2025-06-27,2025-07-07,2025-07-17,Answered,20,Designer,0,0,Normal
RFI-01245,PRJ-063,Fire Protection clarification item 1245,Fire Protection,2025-10-31,2025-11-10,2025-11-23,Answered,23,Designer,0,0,Normal
RFI-01246,PRJ-063,Fire Protection clarification item 1246,Fire Protection,2025-12-28,2026-01-07,2026-01-16,Answered,19,Designer,27900,8,Normal
RFI-01247,PRJ-063,Mechanical clarification item 1247,Mechanical,2024-04-27,2024-05-07,2024-05-15,Closed,18,Contractor,0,0,Normal
RFI-01248,PRJ-063,Architectural clarification item 1248,Architectural,2025-08-26,2025-09-02,2025-09-08,Answered,13,Contractor,37700,3,High
RFI-01249,PRJ-063,General clarification item 1249,General,2024-10-25,2024-11-08,2024-11-21,Answered,27,Contractor,0,0,Low
RFI-01250,PRJ-063,Structural clarification item 1250,Structural,2025-01-18,2025-01-28,2025-02-07,Answered,20,Contractor,15300,4,Normal
RFI-01251,PRJ-063,Electrical clarification item 1251,Electrical,2025-11-28,2025-12-08,2025-12-24,Answered,26,Owner,0,0,Normal
RFI-01252,PRJ-063,Architectural clarification item 1252,Architectural,2025-07-02,2025-07-12,2025-07-16,Answered,14,Contractor,0,0,Normal
RFI-01253,PRJ-063,Electrical clarification item 1253,Electrical,2025-07-14,2025-07-24,2025-07-29,Answered,15,Designer,19600,7,Normal
RFI-01254,PRJ-063,Civil clarification item 1254,Civil,2024-07-15,2024-07-25,,Open,,Designer,0,0,Normal
RFI-01255,PRJ-064,Plumbing clarification item 1255,Plumbing,2024-02-18,2024-02-25,,Open,,Designer,0,0,High
RFI-01256,PRJ-064,Mechanical clarification item 1256,Mechanical,2024-08-31,2024-09-07,2024-09-19,Closed,19,External,0,0,High
RFI-01257,PRJ-064,General clarification item 1257,General,2024-04-03,2024-04-13,2024-04-24,Closed,21,Contractor,0,0,Normal
RFI-01258,PRJ-064,Electrical clarification item 1258,Electrical,2024-01-26,2024-02-02,2024-02-11,Answered,16,Designer,0,0,High
RFI-01259,PRJ-064,Plumbing clarification item 1259,Plumbing,2023-03-05,2023-03-15,2023-03-29,Closed,24,Owner,18100,6,Normal
RFI-01260,PRJ-064,Mechanical clarification item 1260,Mechanical,2022-08-06,2022-08-13,2022-08-21,Closed,15,Designer,0,0,High
RFI-01261,PRJ-064,Structural clarification item 1261,Structural,2022-12-06,2022-12-16,,Open,,Designer,27100,10,Normal
RFI-01262,PRJ-064,Fire Protection clarification item 1262,Fire Protection,2022-11-19,2022-11-29,2022-12-08,Answered,19,Designer,11500,4,Normal
RFI-01263,PRJ-064,Civil clarification item 1263,Civil,2024-04-14,2024-04-24,2024-04-30,Answered,16,Owner,19800,3,Normal
RFI-01264,PRJ-064,Civil clarification item 1264,Civil,2023-07-25,2023-08-01,,Open,,Owner,0,0,High
RFI-01265,PRJ-064,Civil clarification item 1265,Civil,2022-11-18,2022-11-28,2022-12-11,Answered,23,Contractor,30300,1,Normal
RFI-01266,PRJ-064,Mechanical clarification item 1266,Mechanical,2024-06-02,2024-06-09,2024-06-15,Answered,13,Contractor,0,0,High
RFI-01267,PRJ-064,Fire Protection clarification item 1267,Fire Protection,2023-05-20,2023-05-30,,Open,,External,0,0,Normal
RFI-01268,PRJ-064,Structural clarification item 1268,Structural,2022-10-09,2022-10-16,2022-10-25,Answered,16,Owner,17800,4,High
RFI-01269,PRJ-064,Mechanical clarification item 1269,Mechanical,2023-12-19,2023-12-26,2023-12-23,Closed,4,Contractor,0,0,High
RFI-01270,PRJ-064,Civil clarification item 1270,Civil,2022-09-04,2022-09-14,2022-09-28,Answered,24,Designer,3900,8,Normal
RFI-01271,PRJ-065,Electrical clarification item 1271,Electrical,2024-02-16,2024-02-23,2024-03-01,Closed,14,Contractor,0,0,High
RFI-01272,PRJ-065,Structural clarification item 1272,Structural,2024-01-11,2024-01-18,,Open,,Contractor,0,0,High
RFI-01273,PRJ-065,General clarification item 1273,General,2022-09-05,2022-09-12,2022-09-12,Answered,7,Owner,0,0,High
RFI-01274,PRJ-065,Mechanical clarification item 1274,Mechanical,2023-06-29,2023-07-02,2023-07-16,Answered,17,Designer,32200,0,Critical
RFI-01275,PRJ-065,Plumbing clarification item 1275,Plumbing,2021-12-07,2021-12-17,2021-12-27,Answered,20,Contractor,0,0,Normal
RFI-01276,PRJ-065,Electrical clarification item 1276,Electrical,2021-10-27,2021-11-06,2021-11-09,Answered,13,Owner,0,0,Normal
RFI-01277,PRJ-065,Civil clarification item 1277,Civil,2022-10-30,2022-11-09,2022-11-24,Answered,25,Contractor,0,0,Normal
RFI-01278,PRJ-065,Civil clarification item 1278,Civil,2023-02-01,2023-02-11,2023-02-18,Closed,17,Designer,0,0,Normal
RFI-01279,PRJ-065,Architectural clarification item 1279,Architectural,2022-04-13,2022-04-23,2022-05-04,Answered,21,External,5800,3,Normal
RFI-01280,PRJ-065,Structural clarification item 1280,Structural,2022-10-20,2022-10-30,2022-11-16,Closed,27,Designer,15000,2,Normal
RFI-01281,PRJ-065,Architectural clarification item 1281,Architectural,2023-08-29,2023-09-08,2023-09-18,Answered,20,Contractor,0,0,Normal
RFI-01282,PRJ-065,Civil clarification item 1282,Civil,2023-07-08,2023-07-18,2023-07-21,Closed,13,Designer,16000,0,Normal
RFI-01283,PRJ-065,Civil clarification item 1283,Civil,2024-05-04,2024-05-14,,Open,,External,0,0,Normal
RFI-01284,PRJ-065,Mechanical clarification item 1284,Mechanical,2024-05-28,2024-06-04,2024-06-21,Closed,24,Designer,0,0,High
RFI-01285,PRJ-065,Electrical clarification item 1285,Electrical,2023-08-07,2023-08-17,2023-09-05,Closed,29,Designer,0,0,Normal
RFI-01286,PRJ-065,Mechanical clarification item 1286,Mechanical,2023-04-10,2023-04-24,2023-05-07,Closed,27,Contractor,0,0,Low
RFI-01287,PRJ-065,Mechanical clarification item 1287,Mechanical,2023-05-10,2023-05-17,2023-05-26,Answered,16,Designer,5600,6,High
RFI-01288,PRJ-065,Fire Protection clarification item 1288,Fire Protection,2022-12-15,2022-12-25,2022-12-22,Answered,7,Owner,0,0,Normal
RFI-01289,PRJ-065,Architectural clarification item 1289,Architectural,2024-03-23,2024-04-06,2024-04-10,Answered,18,Designer,33500,7,Low
RFI-01290,PRJ-066,Civil clarification item 1290,Civil,2025-09-15,2025-09-22,,Open,,Designer,0,0,High
RFI-01291,PRJ-066,General clarification item 1291,General,2024-02-18,2024-03-03,2024-03-16,Answered,27,Designer,0,0,Low
RFI-01292,PRJ-066,Structural clarification item 1292,Structural,2025-03-19,2025-03-29,2025-03-29,Answered,10,Owner,0,0,Normal
RFI-01293,PRJ-066,Civil clarification item 1293,Civil,2023-08-30,2023-09-06,2023-09-07,Closed,8,Contractor,77600,4,High
RFI-01294,PRJ-066,Structural clarification item 1294,Structural,2025-09-14,2025-09-21,2025-09-25,Closed,11,Designer,41800,2,High
RFI-01295,PRJ-066,General clarification item 1295,General,2024-11-28,2024-12-05,2024-12-13,Closed,15,External,0,0,High
RFI-01296,PRJ-066,Structural clarification item 1296,Structural,2024-12-05,2024-12-19,2024-12-25,Answered,20,Owner,0,0,Low
RFI-01297,PRJ-066,Architectural clarification item 1297,Architectural,2024-03-04,2024-03-14,2024-03-16,Answered,12,Owner,13700,2,Normal
RFI-01298,PRJ-066,Electrical clarification item 1298,Electrical,2025-08-01,2025-08-11,2025-08-23,Answered,22,Designer,0,0,Normal
RFI-01299,PRJ-066,Mechanical clarification item 1299,Mechanical,2025-03-27,2025-04-03,2025-04-11,Answered,15,Owner,12200,6,High
RFI-01300,PRJ-066,Electrical clarification item 1300,Electrical,2025-10-31,2025-11-14,2025-11-21,Answered,21,Designer,0,0,Low
RFI-01301,PRJ-066,Mechanical clarification item 1301,Mechanical,2024-09-19,2024-09-22,2024-09-28,Answered,9,Contractor,0,0,Critical
RFI-01302,PRJ-066,Electrical clarification item 1302,Electrical,2024-06-21,2024-06-28,,Open,,External,11600,3,High
RFI-01303,PRJ-067,Structural clarification item 1303,Structural,2025-03-22,2025-03-29,2025-03-25,Closed,3,Designer,0,0,High
RFI-01304,PRJ-067,Civil clarification item 1304,Civil,2025-09-15,2025-09-25,2025-09-26,Answered,11,Owner,6100,0,Normal
RFI-01305,PRJ-067,Structural clarification item 1305,Structural,2025-01-18,2025-01-28,2025-02-09,Answered,22,Contractor,0,0,Normal
RFI-01306,PRJ-067,Civil clarification item 1306,Civil,2025-04-30,2025-05-10,2025-05-09,Answered,9,Designer,17000,2,Normal
RFI-01307,PRJ-067,Fire Protection clarification item 1307,Fire Protection,2024-08-15,2024-08-22,2024-08-31,Answered,16,Owner,0,0,High
RFI-01308,PRJ-067,Structural clarification item 1308,Structural,2025-10-31,2025-11-10,2025-11-13,Answered,13,Contractor,0,0,Normal
RFI-01309,PRJ-067,Electrical clarification item 1309,Electrical,2025-07-08,2025-07-18,2025-07-30,Answered,22,Designer,0,0,Normal
RFI-01310,PRJ-067,Architectural clarification item 1310,Architectural,2024-07-30,2024-08-13,2024-08-22,Answered,23,Owner,0,0,Low
RFI-01311,PRJ-067,Architectural clarification item 1311,Architectural,2025-04-18,2025-04-28,2025-04-25,Closed,7,Contractor,0,0,Normal
RFI-01312,PRJ-067,Civil clarification item 1312,Civil,2024-06-22,2024-06-29,2024-07-08,Answered,16,Owner,0,0,High
RFI-01313,PRJ-067,Plumbing clarification item 1313,Plumbing,2025-10-23,2025-10-30,2025-11-11,Answered,19,Designer,8100,2,High
RFI-01314,PRJ-067,Mechanical clarification item 1314,Mechanical,2025-05-18,2025-05-25,,Open,,Owner,0,0,High
RFI-01315,PRJ-067,Electrical clarification item 1315,Electrical,2025-10-28,2025-11-11,2025-11-15,Answered,18,Contractor,5100,5,Low
RFI-01316,PRJ-067,Structural clarification item 1316,Structural,2024-10-27,2024-11-10,2024-11-12,Answered,16,Designer,8900,7,Low
RFI-01317,PRJ-067,General clarification item 1317,General,2024-11-05,2024-11-15,2024-11-28,Closed,23,Contractor,12500,6,Normal
RFI-01318,PRJ-067,General clarification item 1318,General,2025-12-31,2026-01-07,,Open,,Designer,0,0,High
RFI-01319,PRJ-067,Electrical clarification item 1319,Electrical,2025-10-03,2025-10-13,,Open,,Contractor,21900,6,Normal
RFI-01320,PRJ-067,Mechanical clarification item 1320,Mechanical,2024-12-27,2025-01-06,2025-01-25,Answered,29,Designer,55400,7,Normal
RFI-01321,PRJ-067,General clarification item 1321,General,2025-06-01,2025-06-04,2025-06-15,Answered,14,Owner,0,0,Critical
RFI-01322,PRJ-067,Mechanical clarification item 1322,Mechanical,2025-05-26,2025-05-29,2025-06-11,Closed,16,Contractor,23400,6,Critical
RFI-01323,PRJ-068,General clarification item 1323,General,2022-12-18,2022-12-25,2022-12-28,Closed,10,Contractor,0,0,High
RFI-01324,PRJ-068,Civil clarification item 1324,Civil,2024-06-06,2024-06-20,,Open,,Designer,0,0,Low
RFI-01325,PRJ-068,Electrical clarification item 1325,Electrical,2025-03-07,2025-03-14,2025-03-26,Answered,19,Designer,14100,5,High
RFI-01326,PRJ-068,Fire Protection clarification item 1326,Fire Protection,2023-07-26,2023-07-29,2023-08-11,Answered,16,Designer,14300,5,Critical
RFI-01327,PRJ-068,Architectural clarification item 1327,Architectural,2022-09-07,2022-09-10,,Open,,Owner,0,0,Critical
RFI-01328,PRJ-068,Architectural clarification item 1328,Architectural,2023-09-26,2023-10-06,2023-10-23,Answered,27,Designer,0,0,Normal
RFI-01329,PRJ-068,Fire Protection clarification item 1329,Fire Protection,2024-10-29,2024-11-05,2024-11-21,Answered,23,External,1300,4,High
RFI-01330,PRJ-068,Plumbing clarification item 1330,Plumbing,2022-10-05,2022-10-08,2022-10-19,answered,14,Designer,48100,5,Critical
RFI-01331,PRJ-068,Mechanical clarification item 1331,Mechanical,2024-04-27,2024-05-07,2024-05-25,Answered,28,Owner,0,0,Normal
RFI-01332,PRJ-068,Structural clarification item 1332,Structural,2024-11-14,2024-11-24,2024-12-03,Answered,19,External,0,0,Normal
RFI-01333,PRJ-068,Architectural clarification item 1333,Architectural,2024-06-27,2024-07-07,2024-07-24,Closed,27,Designer,15800,7,Normal
RFI-01334,PRJ-068,Mechanical clarification item 1334,Mechanical,2023-07-22,2023-08-01,2023-07-18,Closed,25,Contractor,12800,2,Normal
RFI-01335,PRJ-068,Structural clarification item 1335,Structural,2024-10-11,2024-10-18,2024-10-22,Answered,11,Owner,0,0,High
RFI-01336,PRJ-068,Plumbing clarification item 1336,Plumbing,2023-09-17,2023-09-27,2023-10-19,Answered,32,Contractor,145200,5,Normal
RFI-01337,PRJ-068,Plumbing clarification item 1337,Plumbing,2025-03-11,2025-03-21,2025-04-02,Answered,22,Contractor,0,0,Normal
RFI-01338,PRJ-068,Plumbing clarification item 1338,Plumbing,2024-12-23,2025-01-02,2025-01-22,Closed,30,Designer,2100,5,Normal
RFI-01339,PRJ-068,General clarification item 1339,General,2022-10-06,2022-10-16,2022-10-23,Closed,17,Designer,0,0,Normal
RFI-01340,PRJ-068,Civil clarification item 1340,Civil,2024-04-03,2024-04-10,2024-04-17,Closed,14,Contractor,0,0,High
RFI-01341,PRJ-068,Fire Protection clarification item 1341,Fire Protection,2023-06-15,2023-06-18,2023-06-23,Answered,8,Contractor,76500,5,Critical
RFI-01342,PRJ-068,Mechanical clarification item 1342,Mechanical,2024-12-17,2024-12-27,,Open,,Designer,0,0,Normal
RFI-01343,PRJ-068,Fire Protection clarification item 1343,Fire Protection,2024-03-17,2024-03-27,2024-04-01,Answered,15,Designer,20900,0,Normal
RFI-01344,PRJ-068,Electrical clarification item 1344,Electrical,2023-04-09,2023-04-16,2023-04-27,Answered,18,Owner,33800,8,High
RFI-01345,PRJ-068,Architectural clarification item 1345,Architectural,2024-09-21,2024-09-28,2024-10-05,Closed,14,Owner,0,0,High
RFI-01346,PRJ-068,Mechanical clarification item 1346,Mechanical,2023-06-22,2023-06-29,2023-07-15,Answered,23,Owner,0,0,High
RFI-01347,PRJ-068,Mechanical clarification item 1347,Mechanical,2023-12-12,2023-12-19,2023-12-27,Answered,15,Designer,37500,4,High
RFI-01348,PRJ-068,Structural clarification item 1348,Structural,2023-02-23,2023-02-26,2023-03-06,Answered,11,Contractor,10700,3,Critical
RFI-01349,PRJ-068,Mechanical clarification item 1349,Mechanical,2022-10-09,2022-10-19,,open,,Designer,0,0,Normal
RFI-01350,PRJ-068,Civil clarification item 1350,Civil,2023-04-22,2023-05-06,2023-05-22,Answered,30,Designer,0,0,Low
RFI-01351,PRJ-068,Structural clarification item 1351,Structural,2023-04-04,2023-04-14,2023-04-13,Answered,9,Designer,0,0,Normal
RFI-01352,PRJ-068,Architectural clarification item 1352,Architectural,2024-09-08,2024-09-22,2024-10-13,Closed,35,Owner,0,0,Low
RFI-01353,PRJ-068,Civil clarification item 1353,Civil,2023-02-01,2023-02-11,2023-02-19,Answered,18,Designer,17300,10,Normal
RFI-01354,PRJ-069,Structural clarification item 1354,Structural,2024-12-16,2024-12-26,,Open,,Owner,0,0,Normal
RFI-01355,PRJ-069,Fire Protection clarification item 1355,Fire Protection,2025-12-10,2025-12-20,2026-01-09,Answered,30,Designer,0,0,Normal
RFI-01356,PRJ-069,Civil clarification item 1356,Civil,2025-06-04,2025-06-14,2025-06-24,Answered,20,Contractor,0,0,Normal
RFI-01357,PRJ-069,Structural clarification item 1357,Structural,2025-02-14,2025-02-24,2025-03-18,Answered,32,Contractor,0,0,Normal
RFI-01358,PRJ-069,Structural clarification item 1358,Structural,2025-01-01,2025-01-11,2025-01-25,Answered,24,Contractor,0,0,Normal
RFI-01359,PRJ-069,Mechanical clarification item 1359,Mechanical,2024-11-26,2024-12-06,2024-12-10,Answered,14,Designer,0,0,Normal
RFI-01360,PRJ-069,Electrical clarification item 1360,Electrical,2025-01-29,2025-02-08,2025-02-18,Closed,20,Designer,40300,4,Normal
RFI-01361,PRJ-069,Civil clarification item 1361,Civil,2025-06-08,2025-06-18,2025-07-09,Answered,31,Contractor,0,0,Normal
RFI-01362,PRJ-069,Architectural clarification item 1362,Architectural,2025-03-10,2025-03-17,2025-03-24,Answered,14,Contractor,7400,0,High
RFI-01363,PRJ-069,Architectural clarification item 1363,Architectural,2025-03-08,2025-03-18,2025-03-27,Closed,19,Designer,0,0,Normal
RFI-01364,PRJ-069,Fire Protection clarification item 1364,Fire Protection,2024-12-20,2024-12-30,2025-01-14,Answered,25,Designer,1300,3,Normal
RFI-01365,PRJ-069,Civil clarification item 1365,Civil,2025-11-30,2025-12-07,,Open,,Designer,0,0,High
RFI-01366,PRJ-069,Plumbing clarification item 1366,Plumbing,2025-10-31,2025-11-10,,Open,,Designer,0,0,Normal
RFI-01367,PRJ-069,Architectural clarification item 1367,Architectural,2025-09-29,2025-10-09,2025-10-19,Closed,20,Owner,0,0,Normal
RFI-01368,PRJ-069,Structural clarification item 1368,Structural,2025-08-09,2025-08-19,2025-08-28,Answered,19,Owner,287900,6,Normal
RFI-01369,PRJ-069,General clarification item 1369,General,2025-09-19,2025-09-29,2025-10-14,Closed,25,Owner,0,0,Normal
RFI-01370,PRJ-069,Plumbing clarification item 1370,Plumbing,2024-11-19,2024-11-26,2024-12-02,Answered,13,External,51700,0,High
RFI-01371,PRJ-069,Architectural clarification item 1371,Architectural,2024-11-07,2024-11-17,2024-12-10,Closed,33,Designer,0,0,Normal
RFI-01372,PRJ-069,Plumbing clarification item 1372,Plumbing,2025-08-08,2025-08-18,2025-08-21,Closed,13 days,Contractor,0,0,Normal
RFI-01373,PRJ-069,Architectural clarification item 1373,Architectural,2025-08-08,2025-08-15,2025-08-28,Answered,20,Designer,0,0,High
RFI-01374,PRJ-069,Mechanical clarification item 1374,Mechanical,2024-12-11,2024-12-21,2024-12-28,Answered,17,Designer,15900,5,Normal
RFI-01375,PRJ-069,Plumbing clarification item 1375,Plumbing,2024-11-18,2024-11-28,2024-11-26,Closed,8,Designer,15700,6,Normal
RFI-01376,PRJ-069,Plumbing clarification item 1376,Plumbing,2024-10-05,2024-10-15,2024-10-25,Answered,20,Designer,0,0,Normal
RFI-01377,PRJ-069,Structural clarification item 1377,Structural,2025-04-17,2025-04-24,2025-05-21,Closed,34,External,0,0,High
RFI-01378,PRJ-069,Plumbing clarification item 1378,Plumbing,2025-06-22,2025-07-02,2025-07-03,Answered,11,Contractor,44300,6,Normal
RFI-01379,PRJ-069,Architectural clarification item 1379,Architectural,2025-12-21,2025-12-31,,Open,,Designer,6300,1,Normal
RFI-01380,PRJ-069,Plumbing clarification item 1380,Plumbing,2024-10-21,2024-11-04,2024-11-20,Closed,30,Contractor,0,0,Low
RFI-01381,PRJ-070,Mechanical clarification item 1381,Mechanical,2025-12-29,2026-01-05,2026-01-12,Closed,14,Owner,0,0,High
RFI-01382,PRJ-070,Plumbing clarification item 1382,Plumbing,2024-04-02,2024-04-12,,Open,,Designer,0,0,Normal
RFI-01383,PRJ-070,Mechanical clarification item 1383,mechanical,2025-11-27,2025-12-07,2025-12-21,Answered,24,Designer,83500,2,Normal
RFI-01384,PRJ-070,Architectural clarification item 1384,Architectural,2024-10-24,2024-10-31,,Open,,External,0,0,High
RFI-01385,PRJ-070,Mechanical clarification item 1385,Mechanical,2025-05-23,2025-05-30,,Open,,External,24100,4,High
RFI-01386,PRJ-070,General clarification item 1386,General,2024-10-24,2024-11-03,2024-11-12,Answered,19,Designer,19200,9,Normal
RFI-01387,PRJ-070,Architectural clarification item 1387,Architectural,2025-07-04,2025-07-11,,Open,,Owner,0,0,High
RFI-01388,PRJ-070,Electrical clarification item 1388,Electrical,2023-12-21,2023-12-28,2023-12-31,Answered,10,Designer,31300,7,High
RFI-01389,PRJ-070,Architectural clarification item 1389,Architectural,2023-08-31,2023-09-10,2023-09-25,Closed,25,Designer,0,0,Normal
RFI-01390,PRJ-070,Structural clarification item 1390,Structural,2025-04-28,2025-05-08,2025-05-15,Answered,17,Owner,0,0,Normal
RFI-01391,PRJ-070,Architectural clarification item 1391,Architectural,2024-11-09,2024-11-19,2024-12-09,Answered,30,Owner,17000,3,Normal
RFI-01392,PRJ-070,Architectural clarification item 1392,Architectural,2024-06-30,2024-07-03,,Open,,Contractor,0,0,Critical
RFI-01393,PRJ-070,General clarification item 1393,General,2025-02-15,2025-03-01,2025-03-12,Answered,25,External,0,0,Low
RFI-01394,PRJ-070,Mechanical clarification item 1394,Mechanical,2023-09-07,2023-09-17,2023-09-24,Answered,17,Designer,0,0,Normal
RFI-01395,PRJ-070,Mechanical clarification item 1395,Mechanical,2024-08-11,2024-08-18,2024-09-04,Closed,24,Designer,0,0,High
RFI-01396,PRJ-070,Civil clarification item 1396,Civil,2025-07-13,2025-07-23,2025-07-25,Closed,12,Owner,0,0,Normal
RFI-01397,PRJ-070,Electrical clarification item 1397,Electrical,2024-02-19,2024-02-29,2024-03-13,Closed,23,Designer,0,0,Normal
RFI-01398,PRJ-070,Mechanical clarification item 1398,Mechanical,2024-10-13,2024-10-23,2024-11-10,Answered,28,Designer,0,0,Normal
RFI-01399,PRJ-070,Fire Protection clarification item 1399,Fire Protection,2023-09-05,2023-09-12,2023-09-07,Answered,2,Contractor,0,0,High
RFI-01400,PRJ-070,Mechanical clarification item 1400,Mechanical,2023-07-23,2023-08-02,2023-08-17,Answered,25,Contractor,0,0,Normal
RFI-01401,PRJ-070,Structural clarification item 1401,Structural,2023-09-17,2023-10-01,2023-10-16,Answered,29,Designer,0,0,Low
RFI-01402,PRJ-070,General clarification item 1402,General,2024-12-27,2025-01-10,2025-01-17,Answered,21,External,10800,0,Low
RFI-01403,PRJ-071,Plumbing clarification item 1403,Plumbing,2025-03-10,2025-03-20,,Open,,Designer,0,0,Normal
RFI-01404,PRJ-071,General clarification item 1404,General,2025-10-02,2025-10-12,2025-10-19,Answered,17,Contractor,0,0,Normal
RFI-01405,PRJ-071,Electrical clarification item 1405,Electrical,2025-11-15,2025-11-29,,Open,,Designer,0,0,Low
RFI-01406,PRJ-071,Mechanical clarification item 1406,Mechanical,2025-11-03,2025-11-13,,Open,,Contractor,5500,3,Normal
RFI-01407,PRJ-071,General clarification item 1407,General ,2025-08-04,2025-08-14,2025-08-19,Answered,15,Designer,0,0,Normal
RFI-01408,PRJ-071,Architectural clarification item 1408,Architectural,2025-12-18,2025-12-28,2026-01-02,Answered,15,Owner,0,0,Normal
RFI-01409,PRJ-071,Mechanical clarification item 1409,Mechanical,2024-12-17,2024-12-27,2025-01-13,Answered,27,Contractor,0,0,Normal
RFI-01410,PRJ-071,Structural clarification item 1410,Structural,2025-07-19,2025-07-26,2025-08-02,Answered,14,Designer,75500,0,High
RFI-01411,PRJ-071,General clarification item 1411,General,2024-12-14,2024-12-24,,Open,,Owner,11700,3,Normal
RFI-01412,PRJ-071,Plumbing clarification item 1412,Plumbing,2024-09-30,2024-10-03,2024-10-12,Closed,12,Owner,0,0,Critical
RFI-01413,PRJ-071,Civil clarification item 1413,Civil,2024-07-31,2024-08-10,2024-08-19,Closed,19,External,0,0,Normal
RFI-01414,PRJ-071,Civil clarification item 1414,Civil,2025-02-19,2025-02-22,2025-03-01,Answered,10,Designer,0,0,Critical
RFI-01415,PRJ-071,Electrical clarification item 1415,Electrical,2025-12-24,2026-01-03,2026-01-12,Closed,19,Contractor,0,0,Normal
RFI-01416,PRJ-071,General clarification item 1416,General,2024-11-18,2024-11-28,2024-12-15,Closed,27,Contractor,63800,1,Normal
RFI-01417,PRJ-071,Civil clarification item 1417,Civil,2025-08-31,2025-09-03,2025-09-01,Answered,1,Contractor,0,0,Critical
RFI-01418,PRJ-071,Architectural clarification item 1418,Architectural,2025-03-08,2025-03-18,2025-03-26,Answered,18,Contractor,20000,0,Normal
RFI-01419,PRJ-071,Architectural clarification item 1419,Architectural,2025-07-10,2025-07-20,2025-07-24,Answered,14,Owner,0,0,Normal
RFI-01420,PRJ-071,Architectural clarification item 1420,Architectural,2024-12-03,2024-12-13,,open,,External,102600,3,Normal
RFI-01421,PRJ-071,Architectural clarification item 1421,Architectural,2024-11-25,2024-12-02,2024-12-07,Answered,12,Designer,20500,4,High
RFI-01422,PRJ-071,General clarification item 1422,General,2024-08-22,2024-09-01,2024-09-03,Answered,12,External,0,0,Normal
RFI-01423,PRJ-071,Civil clarification item 1423,Civil,2025-03-11,2025-03-21,2025-03-25,Answered,14,Owner,0,0,Normal
RFI-01424,PRJ-071,Electrical clarification item 1424,Electrical,2024-10-14,2024-10-24,2024-10-30,Answered,16,Designer,0,0,Normal
RFI-01425,PRJ-071,Civil clarification item 1425,Civil,2025-12-28,2026-01-04,,Open,,Designer,8500,0,High
RFI-01426,PRJ-071,Architectural clarification item 1426,Architectural,2025-10-22,2025-11-01,2025-11-09,Closed,18,Contractor,0,0,Normal
RFI-01427,PRJ-071,Civil clarification item 1427,Civil,2024-07-01,2024-07-11,,Open,,Designer,0,0,Normal
RFI-01428,PRJ-072,Structural clarification item 1428,Structural,2022-10-04,2022-10-11,2022-10-22,Answered,18,Designer,0,0,High
RFI-01429,PRJ-072,Electrical clarification item 1429,Electrical,2023-12-14,2023-12-28,2023-12-23,Closed,9,Owner,0,0,Low
RFI-01430,PRJ-072,Electrical clarification item 1430,Electrical,2024-04-30,2024-05-14,2024-05-21,Answered,21,Designer,0,0,Low
RFI-01431,PRJ-072,Electrical clarification item 1431,Electrical,2024-11-09,2024-11-19,2024-12-01,Closed,22,Designer,0,0,Normal
RFI-01432,PRJ-072,Fire Protection clarification item 1432,Fire Protection,2023-02-12,2023-02-19,2023-02-22,Closed,10,Contractor,0,0,High
RFI-01433,PRJ-072,Electrical clarification item 1433,Electrical,2025-02-02,2025-02-05,2025-02-14,Answered,12,Contractor,0,0,Critical
RFI-01434,PRJ-072,Fire Protection clarification item 1434,Fire Protection,2023-02-19,2023-03-01,2023-03-10,Closed,19,Owner,0,0,Normal
RFI-01435,PRJ-072,Mechanical clarification item 1435,Mechanical,2024-05-28,2024-05-31,2024-06-12,Answered,15,Owner,0,0,Critical
RFI-01436,PRJ-072,Architectural clarification item 1436,Architectural,2025-02-07,2025-02-17,2025-02-28,Closed,21,Owner,0,0,Normal
RFI-01437,PRJ-072,Architectural clarification item 1437,Architectural,2024-12-09,2024-12-19,,Open,,Designer,0,0,Normal
RFI-01438,PRJ-072,Architectural clarification item 1438,Architectural,2024-01-03,2024-01-13,2024-01-14,Closed,11,Designer,10700,1,Normal
RFI-01439,PRJ-072,Architectural clarification item 1439,Architectural,2022-11-02,2022-11-12,2022-11-21,Answered,19,Owner,0,0,Normal
RFI-01440,PRJ-072,Mechanical clarification item 1440,Mechanical,2024-10-08,2024-10-15,,Open,,Designer,12900,0,High
RFI-01441,PRJ-072,Mechanical clarification item 1441,Mechanical,2024-01-25,2024-01-28,2024-02-14,Answered,20,Designer,0,0,Critical
RFI-01442,PRJ-072,Electrical clarification item 1442,Electrical,2023-09-13,2023-09-23,2023-10-07,Closed,24,Designer,14000,3,Normal
RFI-01443,PRJ-072,Plumbing clarification item 1443,Plumbing,2023-11-13,2023-11-23,2023-12-01,Closed,18,Designer,0,0,Normal
RFI-01444,PRJ-072,Mechanical clarification item 1444,Mechanical,2024-02-22,2024-03-03,2024-03-07,Closed,14,Designer,0,0,Normal
RFI-01445,PRJ-072,Electrical clarification item 1445,Electrical,2023-12-25,2024-01-01,2024-01-21,Closed,27,Designer,0,0,High
RFI-01446,PRJ-072,Architectural clarification item 1446,Architectural,2023-09-03,2023-09-13,2023-09-27,Closed,24,Designer,7700,2,Normal
RFI-01447,PRJ-072,General clarification item 1447,General,2023-02-02,2023-02-12,2023-02-21,Closed,19,Contractor,0,0,Normal
RFI-01448,PRJ-073,Plumbing clarification item 1448,Plumbing,2025-06-19,2025-06-26,2025-06-29,Answered,10,Designer,0,0,High
RFI-01449,PRJ-073,Architectural clarification item 1449,Architectural,2024-01-06,2024-01-16,,Open,,Owner,3900,3,Normal
RFI-01450,PRJ-073,Mechanical clarification item 1450,Mechanical,2025-01-22,2025-02-01,2025-02-02,Answered,11,Designer,0,0,Normal
RFI-01451,PRJ-073,Architectural clarification item 1451,Architectural,2025-12-01,2025-12-11,2025-12-16,Answered,15,Designer,0,0,Normal
RFI-01452,PRJ-073,Electrical clarification item 1452,Electrical,2024-05-20,2024-05-30,2024-06-03,Closed,14,Owner,17100,0,Normal
RFI-01453,PRJ-073,Civil clarification item 1453,Civil,2025-03-22,2025-03-29,2025-04-04,Answered,13,Contractor,0,0,High
RFI-01454,PRJ-073,Mechanical clarification item 1454,Mechanical,2025-11-07,2025-11-10,2025-11-17,Answered,10,Designer,0,0,Critical
RFI-01455,PRJ-073,Structural clarification item 1455,Structural,2024-02-12,2024-02-22,2024-03-01,Closed,18,Designer,0,0,Normal
RFI-01456,PRJ-073,Plumbing clarification item 1456,Plumbing,2024-01-16,2024-01-23,2024-02-06,Answered,21,Owner,16600,3,High
RFI-01457,PRJ-073,Civil clarification item 1457,Civil,3/25/24,2024-04-08,2024-04-18,Answered,24,Owner,0,0,Low
RFI-01458,PRJ-073,Electrical clarification item 1458,Electrical,2024-02-27,2024-03-08,2024-03-20,Answered,22,Contractor,0,0,Normal
RFI-01459,PRJ-073,Civil clarification item 1459,Civil,2025-01-31,2025-02-10,2025-02-14,Closed,14,Owner,0,0,Normal
RFI-01460,PRJ-073,Architectural clarification item 1460,Architectural,2025-02-11,2025-02-21,2025-02-24,Answered,13,Owner,0,0,Normal
RFI-01461,PRJ-073,General clarification item 1461,General,2024-08-25,2024-08-28,2024-09-04,Closed,10,Contractor,0,0,Critical
RFI-01462,PRJ-073,Fire Protection clarification item 1462,Fire Protection,2025-10-25,2025-10-28,2025-11-03,Answered,9,Designer,4100,7,Critical
RFI-01463,PRJ-073,Plumbing clarification item 1463,Plumbing,2024-12-20,2024-12-27,2024-12-30,Closed,10,Contractor,0,0,High
RFI-01464,PRJ-073,Architectural clarification item 1464,Architectural,2024-10-26,2024-11-09,2024-11-24,Closed,29,Owner,0,0,Low
RFI-01465,PRJ-073,Architectural clarification item 1465,Architectural,2025-06-30,2025-07-10,2025-07-20,Closed,20,Owner,0,0,Normal
RFI-01466,PRJ-074,Mechanical clarification item 1466,Mechanical,2022-08-18,2022-08-25,,Open,,Designer,0,0,High
RFI-01467,PRJ-074,Civil clarification item 1467,Civil,2022-08-11,2022-08-21,,Open,,Designer,3300,6,Normal
RFI-01468,PRJ-074,Structural clarification item 1468,Structural,2024-08-13,2024-08-20,2024-08-25,Answered,12,Contractor,0,0,High
RFI-01469,PRJ-074,Mechanical clarification item 1469,Mechanical,2023-05-18,2023-05-25,2023-06-06,Answered,19,Designer,0,0,High
RFI-01470,PRJ-074,Mechanical clarification item 1470,Mechanical,2022-03-13,2022-03-16,2022-03-26,Answered,13,Owner,0,0,Critical
RFI-01471,PRJ-074,Architectural clarification item 1471,Architectural,2023-05-02,2023-05-12,2023-05-22,Closed,20,Contractor,9200,7,Normal
RFI-01472,PRJ-074,Civil clarification item 1472,Civil,2024-09-07,2024-09-14,2024-10-01,Answered,24,Owner,13200,7,High
RFI-01473,PRJ-074,Electrical clarification item 1473,Electrical,2023-04-14,2023-04-28,2023-05-16,Answered,32,Contractor,0,0,Low
RFI-01474,PRJ-074,Architectural clarification item 1474,Architectural,2024-10-30,2024-11-06,2024-11-18,Answered,19,Designer,0,0,High
RFI-01475,PRJ-074,General clarification item 1475,General,2023-07-27,2023-08-03,2023-08-16,Answered,20,Owner,44100,2,High
RFI-01476,PRJ-074,Electrical clarification item 1476,Electrical,2023-07-05,2023-07-15,2023-07-26,Answered,21,External,0,0,Normal
RFI-01477,PRJ-074,Mechanical clarification item 1477,Mechanical,2023-02-19,2023-03-01,2023-03-14,Answered,23,Designer,0,0,Normal
RFI-01478,PRJ-074,Civil clarification item 1478,Civil,2022-08-11,2022-08-21,,Open,,Designer,10400,6,Normal
RFI-01479,PRJ-074,Structural clarification item 1479,Structural,2025-03-24,2025-04-07,2025-04-17,Closed,24,Designer,0,0,Low
RFI-01480,PRJ-074,Electrical clarification item 1480,Electrical,2025-04-15,2025-04-25,2025-04-30,Answered,15,External,0,0,Normal
RFI-01481,PRJ-074,Structural clarification item 1481,Structural,2025-03-05,2025-03-15,2025-03-24,Answered,19,Designer,0,0,Normal
RFI-01482,PRJ-074,Electrical clarification item 1482,Electrical,2023-05-10,2023-05-17,,Open,,Contractor,36700,8,High
RFI-01483,PRJ-074,Civil clarification item 1483,Civil,2022-04-06,2022-04-16,2022-04-20,Answered,14,External,0,0,Normal
RFI-01484,PRJ-074,Plumbing clarification item 1484,Plumbing,2022-04-10,2022-04-20,2022-05-01,Answered,21,Designer,0,0,Normal
RFI-01485,PRJ-074,Plumbing clarification item 1485,Plumbing,2024-12-11,2024-12-25,2024-12-30,Answered,19,Owner,53800,1,Low
RFI-01486,PRJ-074,Architectural clarification item 1486,Architectural,2022-12-21,2022-12-31,2023-01-06,Closed,16,Designer,0,0,Normal
RFI-01487,PRJ-075,Plumbing clarification item 1487,Plumbing,2025-12-01,2025-12-08,,Open,,Designer,0,0,High
RFI-01488,PRJ-075,Fire Protection clarification item 1488,Fire Protection,2025-10-12,2025-10-22,2025-11-09,Closed,28,Designer,0,0,Normal
RFI-01489,PRJ-075,Structural clarification item 1489,Structural,2024-07-23,2024-07-26,2024-08-15,Closed,23,Designer,0,0,Critical
RFI-01490,PRJ-075,Civil clarification item 1490,Civil,2025-04-23,2025-05-03,2025-05-11,Answered,18,External,0,0,Normal
RFI-01491,PRJ-075,Electrical clarification item 1491,Electrical,2025-01-26,2025-02-02,2025-02-12,Closed,17,Contractor,55500,10,High
RFI-01492,PRJ-075,Electrical clarification item 1492,Electrical,2023-12-21,2023-12-31,,Open,,Contractor,0,0,Normal
RFI-01493,PRJ-075,Civil clarification item 1493,Civil,2024-09-05,2024-09-15,2024-10-02,Closed,27,Designer,0,0,Normal
RFI-01494,PRJ-075,Mechanical clarification item 1494,Mechanical,2025-03-19,2025-03-29,2025-04-12,Closed,24,Contractor,0,0,Normal
RFI-01495,PRJ-075,Architectural clarification item 1495,Architectural,2025-04-06,2025-04-16,,Open,,External,1000,3,Normal
RFI-01496,PRJ-075,Structural clarification item 1496,STR,2024-09-11,2024-09-21,2024-10-01,Answered,20,Owner,0,0,Normal
RFI-01497,PRJ-075,Structural clarification item 1497,Structural,2024-01-17,2024-01-20,,Open,,Owner,4900,10,Critical
RFI-01498,PRJ-075,Fire Protection clarification item 1498,Fire Protection,2025-12-02,2025-12-12,2025-12-24,Closed,22,Contractor,0,0,Normal
RFI-01499,PRJ-075,General clarification item 1499,General,2024-07-07,2024-07-10,2024-07-22,Answered,15,Owner,0,0,Critical
RFI-01500,PRJ-075,Architectural clarification item 1500,Architectural,2024-06-06,2024-06-16,2024-06-26,Answered,20,Contractor,17400,4,Normal
RFI-01501,PRJ-075,Structural clarification item 1501,Structural,2024-10-25,2024-11-01,2024-11-12,Answered,18,Designer,0,0,High
RFI-01502,PRJ-075,Civil clarification item 1502,Civil,2025-01-04,2025-01-14,,Open,,External,0,0,Normal
RFI-01503,PRJ-075,Structural clarification item 1503,Structural,2024-09-21,2024-09-28,,Open,,Designer,0,0,High
RFI-01504,PRJ-075,Structural clarification item 1504,Structural,2024-03-18,2024-03-28,2024-04-11,Answered,24,Designer,0,0,Normal
RFI-01505,PRJ-075,Plumbing clarification item 1505,Plumbing,2024-10-08,2024-10-18,2024-10-26,Answered,18,Contractor,2400,5,Normal
RFI-01506,PRJ-075,Electrical clarification item 1506,Electrical,2024-07-07,2024-07-14,2024-08-04,Answered,28,Designer,0,0,High
RFI-01507,PRJ-075,Mechanical clarification item 1507,Mechanical,2024-04-12,2024-04-22,2024-04-26,Answered,14,Contractor,0,0,Normal
RFI-01508,PRJ-075,Electrical clarification item 1508,Electrical,2025-12-18,2026-01-01,,Open,,Owner,18500,7,Low
RFI-01509,PRJ-075,Structural clarification item 1509,Structural,2025-11-22,2025-12-02,2025-12-19,Answered,27,Designer,0,0,Normal
RFI-01510,PRJ-075,Plumbing clarification item 1510,Plumbing,2023-12-24,2024-01-03,2024-01-24,Closed,31,Designer,0,0,Normal
RFI-01511,PRJ-075,General clarification item 1511,General,2025-07-12,2025-07-26,2025-07-23,Answered,11,Designer,19800,5,Low
RFI-01512,PRJ-075,Electrical clarification item 1512,Electrical,11/06/2024,2024-11-16,2024-12-02,Closed,26,Contractor,0,0,Normal
RFI-01513,PRJ-075,Civil clarification item 1513,Civil,2024-03-08,2024-03-11,2024-03-24,Answered,16,Designer,0,0,Critical
RFI-01514,PRJ-075,Plumbing clarification item 1514,Plumbing,2025-01-12,2025-01-22,2025-02-06,Answered,25 days,Contractor,0,0,Normal
RFI-01515,PRJ-075,Civil clarification item 1515,Civil,2024-03-20,2024-03-30,,Open,,Owner,37500,8,Normal
RFI-00156,PRJ-009,Plumbing clarification item 156,Plumbing,2023-02-12,2023-02-19,2023-02-23,Answered,11,Designer,3300,6,High
RFI-00974,PRJ-048,Mechanical clarification item 974,Mechanical,2022-02-27,2022-03-09,2022-03-09,Closed,10,Designer,0,0,Normal
RFI-00058,PRJ-004,Civil clarification item 58,Civil,2024-04-12,2024-04-22,2024-05-12,Closed,30,Contractor,12000,4,Normal
